PV_LOAD;CV;PV_IN;TIME;
6,6;0;79,89;24/09/2026 12:13;
6,51;0;79,86;24/09/2026 12:13;
6,42;0;79,83;24/09/2026 12:13;
6,34;0;79,8;24/09/2026 12:13;
6,26;0;79,78;24/09/2026 12:13;
6,17;0;79,75;24/09/2026 12:13;
6,09;0;79,71;24/09/2026 12:13;
6,02;0;79,69;24/09/2026 12:13;
5,96;0;79,66;24/09/2026 12:13;
5,87;0;79,63;24/09/2026 12:13;
5,8;0;79,61;24/09/2026 12:13;
5,73;0;79,59;24/09/2026 12:13;
5,68;0;79,57;24/09/2026 12:13;
5,61;0;79,55;24/09/2026 12:13;
5,55;0;79,51;24/09/2026 12:13;
5,48;0;79,5;24/09/2026 12:13;
5,43;0;79,48;24/09/2026 12:13;
5,38;0;79,46;24/09/2026 12:13;
5,32;0;79,44;24/09/2026 12:13;
5,26;0;79,41;24/09/2026 12:14;
5,22;0;79,4;24/09/2026 12:14;
5,19;0;79,39;24/09/2026 12:14;
5,12;0;79,37;24/09/2026 12:14;
5,07;0;79,35;24/09/2026 12:14;
5,03;0;79,32;24/09/2026 12:14;
4,99;0;79,3;24/09/2026 12:14;
4,93;0;79,29;24/09/2026 12:14;
4,9;0;79,27;24/09/2026 12:14;
4,85;0;79,25;24/09/2026 12:14;
4,81;0;79,25;24/09/2026 12:14;
4,77;0;79,23;24/09/2026 12:14;
4,74;0;79,2;24/09/2026 12:14;
4,7;0;79,19;24/09/2026 12:14;
4,66;0;79,17;24/09/2026 12:14;
4,63;0;79,15;24/09/2026 12:14;
4,6;0;79,14;24/09/2026 12:14;
4,56;0;79,11;24/09/2026 12:14;
4,53;0;79,1;24/09/2026 12:14;
4,5;0,55;78,89;24/09/2026 12:14;
4,5;1,11;78,66;24/09/2026 12:14;
4,51;2,23;78,46;24/09/2026 12:14;
4,55;2,78;78,22;24/09/2026 12:14;
4,61;3,33;78;24/09/2026 12:14;
4,7;3,89;77,76;24/09/2026 12:14;
4,79;4,44;77,52;24/09/2026 12:14;
4,88;5,01;77,32;24/09/2026 12:14;
5,02;5,55;77,09;24/09/2026 12:14;
5,15;6,1;76,88;24/09/2026 12:14;
5,28;6,67;76,68;24/09/2026 12:14;
5,46;7,22;76,48;24/09/2026 12:14;
5,64;7,78;76,29;24/09/2026 12:14;
5,82;8,33;76,08;24/09/2026 12:14;
5,97;8,88;75,91;24/09/2026 12:14;
6,18;9,45;75,7;24/09/2026 12:14;
6,45;10;75,48;24/09/2026 12:14;
6,64;10,56;75,29;24/09/2026 12:14;
6,92;11,11;75,08;24/09/2026 12:14;
6,92;11,11;75,08;24/09/2026 12:14;
7,18;11,67;74,87;24/09/2026 12:14;
7,67;12,77;74,47;24/09/2026 12:14;
7,91;13,34;74,27;24/09/2026 12:14;
7,91;13,34;74,27;24/09/2026 12:14;
8,3;13,89;74,07;24/09/2026 12:14;
8,58;14,45;73,86;24/09/2026 12:14;
8,97;15;73,67;24/09/2026 12:14;
9,31;15,55;73,48;24/09/2026 12:14;
9,62;16,11;73,32;24/09/2026 12:14;
9,97;16,66;73,12;24/09/2026 12:14;
10,27;17,23;72,77;24/09/2026 12:14;
10,68;17,78;72,61;24/09/2026 12:14;
11,07;18,33;72,46;24/09/2026 12:14;
11,47;18,89;72,31;24/09/2026 12:14;
11,84;19,44;72,14;24/09/2026 12:14;
12,29;20,01;72,08;24/09/2026 12:14;
12,62;20,56;72;24/09/2026 12:14;
13,15;21,1;71,98;24/09/2026 12:14;
13,51;21,67;71,98;24/09/2026 12:14;
13,91;22,22;71,88;24/09/2026 12:14;
14,48;22,78;71,86;24/09/2026 12:14;
14,85;23,33;71,74;24/09/2026 12:15;
15,33;23,88;71,71;24/09/2026 12:15;
15,86;24,45;71,64;24/09/2026 12:15;
16,37;25;71,59;24/09/2026 12:15;
16,88;25,56;71,51;24/09/2026 12:15;
17,4;26,11;71,35;24/09/2026 12:15;
17,92;26,66;71,3;24/09/2026 12:15;
18,39;27,22;71,19;24/09/2026 12:15;
18,92;27,77;71,11;24/09/2026 12:15;
19,47;28,34;71,04;24/09/2026 12:15;
19,96;28,89;70,96;24/09/2026 12:15;
20,28;29,44;70,9;24/09/2026 12:15;
21,07;30;70,79;24/09/2026 12:15;
21,61;30,55;70,64;24/09/2026 12:15;
22,18;31,12;70,47;24/09/2026 12:15;
22,73;31,66;70,31;24/09/2026 12:15;
23,12;32,23;70,05;24/09/2026 12:15;
23,85;32,78;69,79;24/09/2026 12:15;
24,23;33,33;69,79;24/09/2026 12:15;
24,84;33,89;69,54;24/09/2026 12:15;
25,45;34,44;69,42;24/09/2026 12:15;
26;35,01;69,37;24/09/2026 12:15;
26,55;35,56;69,27;24/09/2026 12:15;
27,11;36,67;69,12;24/09/2026 12:15;
27,6;37,22;69,02;24/09/2026 12:15;
28,04;37,78;68,93;24/09/2026 12:15;
28,7;38,33;68,84;24/09/2026 12:15;
29,24;38,88;68,77;24/09/2026 12:15;
29,76;39,45;68,69;24/09/2026 12:15;
30,25;40;68,61;24/09/2026 12:15;
30,82;40,56;68,59;24/09/2026 12:15;
31,3;41,11;68,46;24/09/2026 12:15;
31,3;41,11;68,46;24/09/2026 12:15;
32,32;42,22;68,36;24/09/2026 12:15;
32,78;42,77;68,32;24/09/2026 12:15;
32,78;42,77;68,32;24/09/2026 12:15;
33,29;43,34;68,32;24/09/2026 12:15;
33,79;43,89;68,23;24/09/2026 12:15;
34,26;44,44;68,16;24/09/2026 12:15;
34,69;45;68,11;24/09/2026 12:15;
35,15;45,55;68,14;24/09/2026 12:15;
35,66;46,12;68,1;24/09/2026 12:15;
36,08;46,67;67,99;24/09/2026 12:15;
36,52;47,22;67,99;24/09/2026 12:15;
36,92;47,78;67,97;24/09/2026 12:15;
37,38;48,33;67,88;24/09/2026 12:15;
37,82;48,89;67,96;24/09/2026 12:15;
38,2;49,44;67,86;24/09/2026 12:15;
38,55;50,01;67,94;24/09/2026 12:15;
38,95;50,56;67,93;24/09/2026 12:15;
39,4;51,11;67,83;24/09/2026 12:15;
39,73;51,67;67,8;24/09/2026 12:15;
40,13;52,22;67,8;24/09/2026 12:15;
40,46;52,78;67,87;24/09/2026 12:15;
40,82;53,33;67,86;24/09/2026 12:15;
41,13;53,88;67,82;24/09/2026 12:15;
41,44;54,45;67,79;24/09/2026 12:15;
41,8;55;67,78;24/09/2026 12:15;
42,09;55,56;67,82;24/09/2026 12:15;
42,42;56,11;67,83;24/09/2026 12:15;
42,73;56,66;67,83;24/09/2026 12:16;
42,96;57,23;67,84;24/09/2026 12:16;
43,3;57,78;67,93;24/09/2026 12:16;
43,53;58,34;67,88;24/09/2026 12:16;
43,81;58,89;67,9;24/09/2026 12:16;
44,07;59,44;67,92;24/09/2026 12:16;
44,3;60;67,93;24/09/2026 12:16;
44,54;60,55;67,96;24/09/2026 12:16;
44,77;61,12;67,99;24/09/2026 12:16;
45;61,67;67,98;24/09/2026 12:16;
45,21;62,22;67,98;24/09/2026 12:16;
45,41;62,78;67,97;24/09/2026 12:16;
45,6;63,33;67,99;24/09/2026 12:16;
45,8;63,89;68,03;24/09/2026 12:16;
46;64,44;68,01;24/09/2026 12:16;
46,19;64,99;68,01;24/09/2026 12:16;
46,34;65,56;68,01;24/09/2026 12:16;
46,51;66,11;68,01;24/09/2026 12:16;
46,68;66,67;68,03;24/09/2026 12:16;
46,84;67,77;68,03;24/09/2026 12:16;
47;68,34;68,03;24/09/2026 12:16;
47,15;68,88;68,05;24/09/2026 12:16;
47,31;69,45;68,03;24/09/2026 12:16;
47,45;70;68,04;24/09/2026 12:16;
47,58;70,56;68,01;24/09/2026 12:16;
47,7;71,11;68,01;24/09/2026 12:16;
47,83;71,66;68,04;24/09/2026 12:16;
47,95;72,23;68,07;24/09/2026 12:16;
48,08;72,78;68;24/09/2026 12:16;
48,2;73,34;67,96;24/09/2026 12:16;
48,32;73,89;67,97;24/09/2026 12:16;
48,41;74,44;67,92;24/09/2026 12:16;
48,55;75;67,92;24/09/2026 12:16;
48,67;75,55;67,89;24/09/2026 12:16;
48,71;76,12;67,94;24/09/2026 12:16;
48,71;76,12;67,94;24/09/2026 12:16;
48,88;76,67;67,92;24/09/2026 12:16;
48,99;77,22;67,92;24/09/2026 12:16;
49,07;77,78;68,07;24/09/2026 12:16;
49,19;78,33;68,21;24/09/2026 12:16;
49,32;78,9;68,4;24/09/2026 12:16;
49,46;79,44;68,59;24/09/2026 12:16;
49,58;79,99;68,73;24/09/2026 12:16;
49,73;80,56;68,9;24/09/2026 12:16;
49,89;81,11;69,03;24/09/2026 12:16;
50;81,67;69,13;24/09/2026 12:16;
50,19;82,22;69,21;24/09/2026 12:16;
50,31;82,77;69,29;24/09/2026 12:16;
50,47;83,34;69,37;24/09/2026 12:16;
50,6;83,89;69,41;24/09/2026 12:16;
50,74;84,45;69,46;24/09/2026 12:16;
50,85;85;69,53;24/09/2026 12:16;
50,99;85,55;69,59;24/09/2026 12:16;
51,11;86,11;69,62;24/09/2026 12:16;
51,26;86,66;69,67;24/09/2026 12:16;
51,37;87,23;69,71;24/09/2026 12:16;
51,51;87,78;69,73;24/09/2026 12:16;
51,6;88,33;69,77;24/09/2026 12:16;
51,72;88,89;69,77;24/09/2026 12:16;
51,81;89,44;69,77;24/09/2026 12:16;
51,93;90;69,76;24/09/2026 12:17;
52,03;90,55;69,72;24/09/2026 12:17;
52,13;91,12;69,7;24/09/2026 12:17;
52,2;91,67;69,71;24/09/2026 12:17;
52,29;92,22;69,66;24/09/2026 12:17;
52,39;92,78;69,64;24/09/2026 12:17;
52,41;93,33;69,59;24/09/2026 12:17;
52,5;93,9;69,56;24/09/2026 12:17;
52,57;94,45;69,52;24/09/2026 12:17;
52,63;94,99;69,5;24/09/2026 12:17;
52,7;95,56;69,45;24/09/2026 12:17;
52,72;96,11;69,42;24/09/2026 12:17;
52,81;96,67;69,41;24/09/2026 12:17;
52,86;97,22;69,37;24/09/2026 12:17;
52,91;97,77;69,32;24/09/2026 12:17;
52,95;98,89;69,3;24/09/2026 12:17;
52,98;99,45;69,25;24/09/2026 12:17;
53,03;100;69,21;24/09/2026 12:17;
53,07;100;69,18;24/09/2026 12:17;
53,1;100;69,17;24/09/2026 12:17;
53,14;100;69,15;24/09/2026 12:17;
53,17;100;69,13;24/09/2026 12:17;
53,2;100;69,12;24/09/2026 12:17;
53,22;100;69,09;24/09/2026 12:17;
53,23;100;69,08;24/09/2026 12:17;
53,23;100;69,06;24/09/2026 12:17;
53,26;100;69,04;24/09/2026 12:17;
53,28;100;69,02;24/09/2026 12:17;
53,28;100;69;24/09/2026 12:17;
53,28;100;69;24/09/2026 12:17;
53,28;100;68,99;24/09/2026 12:17;
53,29;100;68,97;24/09/2026 12:17;
53,31;100;68,93;24/09/2026 12:17;
53,31;100;68,93;24/09/2026 12:17;
53,31;100;68,89;24/09/2026 12:17;
53,29;100;68,88;24/09/2026 12:17;
53,31;100;68,86;24/09/2026 12:17;
53,3;100;68,88;24/09/2026 12:17;
53,31;100;68,87;24/09/2026 12:17;
53,31;100;68,8;24/09/2026 12:17;
53,31;100;68,78;24/09/2026 12:17;
53,29;100;68,77;24/09/2026 12:17;
53,29;100;68,75;24/09/2026 12:17;
53,29;100;68,73;24/09/2026 12:17;
53,29;100;68,7;24/09/2026 12:17;
53,28;100;68,69;24/09/2026 12:17;
53,29;100;68,68;24/09/2026 12:17;
53,28;100;68,66;24/09/2026 12:17;
53,25;100;68,66;24/09/2026 12:17;
53,26;100;68,62;24/09/2026 12:17;
53,25;100;68,61;24/09/2026 12:17;
53,25;100;68,6;24/09/2026 12:17;
53,24;100;68,59;24/09/2026 12:17;
53,22;100;68,59;24/09/2026 12:17;
53,22;100;68,56;24/09/2026 12:17;
53,21;100;68,56;24/09/2026 12:17;
53,2;100;68,54;24/09/2026 12:17;
53,2;100;68,54;24/09/2026 12:17;
53,2;100;68,56;24/09/2026 12:17;
53,18;100;68,51;24/09/2026 12:17;
53,17;100;68,48;24/09/2026 12:18;
53,16;100;68,47;24/09/2026 12:18;
53,16;100;68,46;24/09/2026 12:18;
53,14;100;68,44;24/09/2026 12:18;
53,13;100;68,42;24/09/2026 12:18;
53,12;100;68,41;24/09/2026 12:18;
53,12;100;68,4;24/09/2026 12:18;
53,11;100;68,39;24/09/2026 12:18;
53,11;100;68,37;24/09/2026 12:18;
53,09;100;68,35;24/09/2026 12:18;
53,08;100;68,32;24/09/2026 12:18;
53,07;100;68,32;24/09/2026 12:18;
53,06;100;68,3;24/09/2026 12:18;
53,05;100;68,27;24/09/2026 12:18;
53,03;100;68,27;24/09/2026 12:18;
53,03;100;68,29;24/09/2026 12:18;
53;100;68,24;24/09/2026 12:18;
53,01;100;68,21;24/09/2026 12:18;
52,99;100;68,19;24/09/2026 12:18;
52,97;100;68,18;24/09/2026 12:18;
52,97;100;68,19;24/09/2026 12:18;
52,97;100;68,29;24/09/2026 12:18;
52,97;100;68,42;24/09/2026 12:18;
52,97;100;68,62;24/09/2026 12:18;
53,01;100;68,78;24/09/2026 12:18;
53,01;100;68,78;24/09/2026 12:18;
53,04;100;68,96;24/09/2026 12:18;
53,12;100;69,13;24/09/2026 12:18;
53,16;100;69,24;24/09/2026 12:18;
53,2;100;69,37;24/09/2026 12:18;
53,28;100;69,52;24/09/2026 12:18;
53,34;100;69,56;24/09/2026 12:18;
53,39;100;69,63;24/09/2026 12:18;
53,47;100;69,71;24/09/2026 12:18;
53,51;100;69,76;24/09/2026 12:18;
53,56;100;69,83;24/09/2026 12:18;
53,64;100;69,87;24/09/2026 12:18;
53,67;100;69,91;24/09/2026 12:18;
53,73;100;69,96;24/09/2026 12:18;
53,78;100;70,06;24/09/2026 12:18;
53,82;100;70,05;24/09/2026 12:18;
53,86;100;70,08;24/09/2026 12:18;
53,92;100;70,11;24/09/2026 12:18;
53,95;100;70,12;24/09/2026 12:18;
53,99;100;70,12;24/09/2026 12:18;
54,02;100;70,11;24/09/2026 12:18;
54,05;100;70,08;24/09/2026 12:18;
54,08;100;70,07;24/09/2026 12:18;
54,08;100;70,03;24/09/2026 12:18;
54,1;100;70,02;24/09/2026 12:18;
54,12;100;69,98;24/09/2026 12:18;
54,11;100;69,97;24/09/2026 12:18;
54,14;100;69,93;24/09/2026 12:18;
54,13;100;69,91;24/09/2026 12:18;
54,14;100;69,87;24/09/2026 12:18;
54,14;100;69,83;24/09/2026 12:18;
54,14;100;69,8;24/09/2026 12:18;
54,12;100;69,77;24/09/2026 12:18;
54,12;100;69,74;24/09/2026 12:18;
54,11;100;69,7;24/09/2026 12:18;
54,11;100;69,67;24/09/2026 12:19;
54,1;100;69,63;24/09/2026 12:19;
54,08;100;69,6;24/09/2026 12:19;
54,08;100;69,56;24/09/2026 12:19;
54,06;100;69,52;24/09/2026 12:19;
54,05;100;69,49;24/09/2026 12:19;
54,02;100;69,45;24/09/2026 12:19;
54;100;69,41;24/09/2026 12:19;
54,01;100;69,37;24/09/2026 12:19;
53,98;100;69,34;24/09/2026 12:19;
53,96;100;69,32;24/09/2026 12:19;
53,92;100;69,32;24/09/2026 12:19;
53,92;100;69,27;24/09/2026 12:19;
53,89;100;69,2;24/09/2026 12:19;
53,87;100;69,19;24/09/2026 12:19;
53,85;100;69,14;24/09/2026 12:19;
53,83;100;69,09;24/09/2026 12:19;
53,81;100;69,09;24/09/2026 12:19;
53,78;100;69,04;24/09/2026 12:19;
53,78;100;69,03;24/09/2026 12:19;
53,76;100;68,99;24/09/2026 12:19;
53,76;100;68,99;24/09/2026 12:19;
53,75;100;68,97;24/09/2026 12:19;
53,69;100;68,91;24/09/2026 12:19;
53,67;100;68,89;24/09/2026 12:19;
53,67;100;68,89;24/09/2026 12:19;
53,64;100;68,86;24/09/2026 12:19;
53,63;100;68,86;24/09/2026 12:19;
53,61;100;68,83;24/09/2026 12:19;
53,59;100;68,8;24/09/2026 12:19;
53,58;100;68,78;24/09/2026 12:19;
53,55;100;68,78;24/09/2026 12:19;
53,53;100;68,77;24/09/2026 12:19;
53,52;100;68,72;24/09/2026 12:19;
53,49;100;68,72;24/09/2026 12:19;
53,47;100;68,7;24/09/2026 12:19;
53,47;100;68,69;24/09/2026 12:19;
53,45;100;68,67;24/09/2026 12:19;
53,44;100;68,69;24/09/2026 12:19;
53,42;100;68,63;24/09/2026 12:19;
53,39;100;68,61;24/09/2026 12:19;
53,37;100;68,58;24/09/2026 12:19;
53,38;100;68,57;24/09/2026 12:19;
53,36;100;68,56;24/09/2026 12:19;
53,34;100;68,59;24/09/2026 12:19;
53,32;100;68,54;24/09/2026 12:19;
53,31;100;68,5;24/09/2026 12:19;
53,28;100;68,49;24/09/2026 12:19;
53,28;100;68,47;24/09/2026 12:19;
53,27;100;68,45;24/09/2026 12:19;
53,26;100;68,47;24/09/2026 12:19;
53,23;100;68,42;24/09/2026 12:19;
53,22;100;68,4;24/09/2026 12:19;
53,22;100;68,37;24/09/2026 12:19;
53,2;100;68,38;24/09/2026 12:19;
53,18;100;68,35;24/09/2026 12:19;
53,15;100;68,32;24/09/2026 12:19;
53,15;100;68,31;24/09/2026 12:19;
53,13;100;68,29;24/09/2026 12:19;
53,09;100;68,26;24/09/2026 12:19;
53,1;100;68,25;24/09/2026 12:20;
53,08;100;68,23;24/09/2026 12:20;
53,08;100;68,23;24/09/2026 12:20;
53,04;100;68,19;24/09/2026 12:20;
53,03;100;68,18;24/09/2026 12:20;
53,03;100;68,23;24/09/2026 12:20;
53,02;100;68,36;24/09/2026 12:20;
53,03;100;68,5;24/09/2026 12:20;
53,06;100;68,66;24/09/2026 12:20;
53,07;100;68,82;24/09/2026 12:20;
53,12;100;69;24/09/2026 12:20;
53,18;100;69,17;24/09/2026 12:20;
53,23;100;69,32;24/09/2026 12:20;
53,29;100;69,44;24/09/2026 12:20;
53,36;100;69,54;24/09/2026 12:20;
53,41;100;69,61;24/09/2026 12:20;
53,47;100;69,7;24/09/2026 12:20;
53,51;100;69,75;24/09/2026 12:20;
53,58;100;69,81;24/09/2026 12:20;
53,64;100;69,86;24/09/2026 12:20;
53,68;100;69,91;24/09/2026 12:20;
53,73;100;69,95;24/09/2026 12:20;
53,78;100;70,02;24/09/2026 12:20;
53,81;100;70,04;24/09/2026 12:20;
53,81;100;70,04;24/09/2026 12:20;
53,88;100;70,1;24/09/2026 12:20;
53,92;100;70,1;24/09/2026 12:20;
53,96;100;70,13;24/09/2026 12:20;
53,98;100;70,13;24/09/2026 12:20;
54,04;100;70,14;24/09/2026 12:20;
54,05;100;70,11;24/09/2026 12:20;
54,08;100;70,12;24/09/2026 12:20;
54,1;100;70,12;24/09/2026 12:20;
54,12;100;70,06;24/09/2026 12:20;
54,14;100;70,03;24/09/2026 12:20;
54,16;100;69,98;24/09/2026 12:20;
54,16;100;69,96;24/09/2026 12:20;
54,17;100;69,92;24/09/2026 12:20;
54,17;100;69,9;24/09/2026 12:20;
54,17;100;69,87;24/09/2026 12:20;
54,17;100;69,84;24/09/2026 12:20;
54,16;100;69,81;24/09/2026 12:20;
54,16;100;69,77;24/09/2026 12:20;
54,15;100;69,77;24/09/2026 12:20;
54,15;100;69,71;24/09/2026 12:20;
54,13;100;69,66;24/09/2026 12:20;
54,14;100;69,63;24/09/2026 12:20;
54,12;100;69,6;24/09/2026 12:20;
54,1;100;69,58;24/09/2026 12:20;
54,09;100;69,54;24/09/2026 12:20;
54,06;100;69,49;24/09/2026 12:20;
54,06;100;69,45;24/09/2026 12:20;
54,03;100;69,41;24/09/2026 12:20;
54,02;100;69,38;24/09/2026 12:20;
54;100;69,34;24/09/2026 12:20;
53,97;100;69,3;24/09/2026 12:20;
53,96;100;69,28;24/09/2026 12:20;
53,92;100;69,24;24/09/2026 12:20;
53,91;100;69,2;24/09/2026 12:20;
53,89;100;69,17;24/09/2026 12:20;
53,87;100;69,14;24/09/2026 12:21;
53,85;100;69,11;24/09/2026 12:21;
53,83;100;69,08;24/09/2026 12:21;
53,8;100;69,04;24/09/2026 12:21;
53,78;100;69,01;24/09/2026 12:21;
53,76;100;68,98;24/09/2026 12:21;
53,73;100;68,96;24/09/2026 12:21;
53,72;100;68,93;24/09/2026 12:21;
53,68;100;68,91;24/09/2026 12:21;
53,69;100;68,89;24/09/2026 12:21;
53,65;100;68,86;24/09/2026 12:21;
53,63;100;68,84;24/09/2026 12:21;
53,59;100;68,82;24/09/2026 12:21;
53,59;100;68,79;24/09/2026 12:21;
53,56;100;68,78;24/09/2026 12:21;
53,56;100;68,76;24/09/2026 12:21;
53,54;100;68,72;24/09/2026 12:21;
53,51;100;68,72;24/09/2026 12:21;
53,51;100;68,72;24/09/2026 12:21;
53,5;100;68,7;24/09/2026 12:21;
53,49;100;68,68;24/09/2026 12:21;
53,47;100;68,67;24/09/2026 12:21;
53,45;100;68,66;24/09/2026 12:21;
53,43;100;68,63;24/09/2026 12:21;
53,42;100;68,61;24/09/2026 12:21;
53,39;100;68,6;24/09/2026 12:21;
53,38;100;68,58;24/09/2026 12:21;
53,37;100;68,57;24/09/2026 12:21;
53,36;100;68,55;24/09/2026 12:21;
53,34;100;68,54;24/09/2026 12:21;
53,32;100;68,51;24/09/2026 12:21;
53,3;100;68,5;24/09/2026 12:21;
53,29;100;68,49;24/09/2026 12:21;
53,28;100;68,48;24/09/2026 12:21;
53,26;100;68,45;24/09/2026 12:21;
53,24;100;68,44;24/09/2026 12:21;
53,21;100;68,4;24/09/2026 12:21;
53,19;100;68,39;24/09/2026 12:21;
53,19;100;68,39;24/09/2026 12:21;
53,18;100;68,41;24/09/2026 12:21;
53,16;100;68,36;24/09/2026 12:21;
53,16;100;68,32;24/09/2026 12:21;
53,13;100;68,29;24/09/2026 12:21;
53,11;100;68,27;24/09/2026 12:21;
53,11;100;68,25;24/09/2026 12:21;
53,1;100;68,24;24/09/2026 12:21;
53,07;100;68,21;24/09/2026 12:21;
53,07;100;68,2;24/09/2026 12:21;
53,05;100;68,18;24/09/2026 12:21;
53,03;100;68,17;24/09/2026 12:21;
53,01;100;68,26;24/09/2026 12:21;
53,01;100;68,39;24/09/2026 12:21;
53,02;100;68,52;24/09/2026 12:21;
53,05;100;68,68;24/09/2026 12:21;
53,08;100;68,86;24/09/2026 12:21;
53,12;100;69,03;24/09/2026 12:21;
53,17;100;69,2;24/09/2026 12:21;
53,23;100;69,37;24/09/2026 12:21;
53,28;100;69,46;24/09/2026 12:21;
53,36;100;69,55;24/09/2026 12:21;
53,42;100;69,65;24/09/2026 12:22;
53,48;100;69,7;24/09/2026 12:22;
53,53;100;69,75;24/09/2026 12:22;
53,61;100;69,82;24/09/2026 12:22;
53,61;100;69,85;24/09/2026 12:22;
53,69;100;69,93;24/09/2026 12:22;
53,73;100;69,96;24/09/2026 12:22;
53,79;100;70,02;24/09/2026 12:22;
53,83;100;70,06;24/09/2026 12:22;
53,88;100;70,1;24/09/2026 12:22;
53,92;100;70,16;24/09/2026 12:22;
53,97;100;70,21;24/09/2026 12:22;
54,02;100;70,16;24/09/2026 12:22;
54,05;100;70,15;24/09/2026 12:22;
54,07;100;70,13;24/09/2026 12:22;
54,1;100;70,12;24/09/2026 12:22;
54,11;100;70,08;24/09/2026 12:22;
54,12;100;70,06;24/09/2026 12:22;
54,16;99,45;70,08;24/09/2026 12:22;
54,16;98,89;70;24/09/2026 12:22;
54,16;98,34;69,96;24/09/2026 12:22;
54,17;97,77;69,95;24/09/2026 12:22;
54,18;97,22;69,92;24/09/2026 12:22;
54,18;97,22;69,92;24/09/2026 12:22;
54,17;96,11;69,9;24/09/2026 12:22;
54,17;96,11;69,9;24/09/2026 12:22;
54,18;95,56;69,87;24/09/2026 12:22;
54,16;94,99;69,85;24/09/2026 12:22;
54,16;94,45;69,84;24/09/2026 12:22;
54,15;93,9;69,82;24/09/2026 12:22;
54,11;93,33;69,79;24/09/2026 12:22;
54,1;92,78;69,74;24/09/2026 12:22;
54,09;92,22;69,72;24/09/2026 12:22;
54,06;91,67;69,69;24/09/2026 12:22;
54,06;91,12;69,67;24/09/2026 12:22;
54,03;90,55;69,66;24/09/2026 12:22;
54;90;69,62;24/09/2026 12:22;
53,97;89,44;69,59;24/09/2026 12:22;
53,95;88,89;69,55;24/09/2026 12:22;
53,92;88,33;69,53;24/09/2026 12:22;
53,91;87,78;69,55;24/09/2026 12:22;
53,86;87,23;69,49;24/09/2026 12:22;
53,83;86,66;69,44;24/09/2026 12:22;
53,8;86,11;69,42;24/09/2026 12:22;
53,78;85,55;69,4;24/09/2026 12:22;
53,75;85;69,43;24/09/2026 12:22;
53,71;84,45;69,37;24/09/2026 12:22;
53,69;83,89;69,33;24/09/2026 12:22;
53,65;83,34;69,31;24/09/2026 12:22;
53,62;82,77;69,27;24/09/2026 12:22;
53,57;82,22;69,24;24/09/2026 12:22;
53,54;81,67;69,21;24/09/2026 12:22;
53,51;81,11;69,23;24/09/2026 12:22;
53,45;80,56;69,18;24/09/2026 12:22;
53,42;79,99;69,17;24/09/2026 12:22;
53,37;79,44;69,15;24/09/2026 12:22;
53,34;78,9;69,13;24/09/2026 12:22;
53,31;78,33;69,12;24/09/2026 12:22;
53,27;77,78;69,11;24/09/2026 12:22;
53,25;77,22;69,08;24/09/2026 12:22;
53,17;76,67;69,08;24/09/2026 12:23;
53,15;76,12;69,04;24/09/2026 12:23;
53,12;75,55;69,04;24/09/2026 12:23;
53,07;75;69,02;24/09/2026 12:23;
53,04;74,44;69;24/09/2026 12:23;
53;73,34;69;24/09/2026 12:23;
52,95;72,78;68,99;24/09/2026 12:23;
52,92;72,23;68,98;24/09/2026 12:23;
52,89;71,66;69;24/09/2026 12:23;
52,84;71,11;68,98;24/09/2026 12:23;
52,79;70,56;68,98;24/09/2026 12:23;
52,75;70;68,96;24/09/2026 12:23;
52,7;69,45;68,97;24/09/2026 12:23;
52,65;68,88;68,98;24/09/2026 12:23;
52,62;68,34;68,97;24/09/2026 12:23;
52,57;67,77;68,96;24/09/2026 12:23;
52,51;67,22;68,96;24/09/2026 12:23;
52,46;66,67;68,97;24/09/2026 12:23;
52,41;66,11;68,94;24/09/2026 12:23;
52,37;65,56;68,94;24/09/2026 12:23;
52,37;65,56;68,94;24/09/2026 12:23;
52,31;64,99;68,93;24/09/2026 12:23;
52,26;64,44;68,94;24/09/2026 12:23;
52,21;63,89;68,93;24/09/2026 12:23;
52,15;63,33;68,93;24/09/2026 12:23;
52,1;62,78;68,94;24/09/2026 12:23;
52,03;62,22;68,93;24/09/2026 12:23;
51,97;61,67;68,94;24/09/2026 12:23;
51,91;61,12;68,92;24/09/2026 12:23;
51,87;60,55;68,93;24/09/2026 12:23;
51,82;60;68,93;24/09/2026 12:23;
51,74;59,44;68,93;24/09/2026 12:23;
51,7;58,89;68,93;24/09/2026 12:23;
51,61;58,34;68,92;24/09/2026 12:23;
51,56;57,78;69,04;24/09/2026 12:23;
51,5;57,23;69,21;24/09/2026 12:23;
51,46;56,66;69,37;24/09/2026 12:23;
51,42;56,11;69,58;24/09/2026 12:23;
51,4;55,56;69,77;24/09/2026 12:23;
51,38;55;70,02;24/09/2026 12:23;
51,36;54,45;70,21;24/09/2026 12:23;
51,35;53,88;70,39;24/09/2026 12:23;
51,34;53,33;70,54;24/09/2026 12:23;
51,34;52,78;70,66;24/09/2026 12:23;
51,34;52,22;70,76;24/09/2026 12:23;
51,32;51,67;70,86;24/09/2026 12:23;
51,31;51,11;70,94;24/09/2026 12:23;
51,28;50,56;71,01;24/09/2026 12:23;
51,26;50,01;71,1;24/09/2026 12:23;
51,23;49,44;71,16;24/09/2026 12:23;
51,21;48,89;71,27;24/09/2026 12:23;
51,19;48,33;71,31;24/09/2026 12:23;
51,14;47,78;71,39;24/09/2026 12:23;
51,12;47,22;71,47;24/09/2026 12:23;
51,05;46,67;71,53;24/09/2026 12:23;
51,01;46,12;71,57;24/09/2026 12:23;
50,97;45,55;71,59;24/09/2026 12:23;
50,9;45;71,63;24/09/2026 12:23;
50,85;44,44;71,66;24/09/2026 12:23;
50,77;43,89;71,67;24/09/2026 12:23;
50,72;43,34;71,69;24/09/2026 12:24;
50,64;42,77;71,78;24/09/2026 12:24;
50,58;42,22;71,73;24/09/2026 12:24;
50,47;41,66;71,78;24/09/2026 12:24;
50,41;41,11;71,79;24/09/2026 12:24;
50,32;40;71,8;24/09/2026 12:24;
50,22;39,45;71,88;24/09/2026 12:24;
50,1;38,88;71,91;24/09/2026 12:24;
50,02;38,33;71,9;24/09/2026 12:24;
49,91;37,78;71,99;24/09/2026 12:24;
49,8;37,22;72;24/09/2026 12:24;
49,71;36,67;72,03;24/09/2026 12:24;
49,59;36,11;72,09;24/09/2026 12:24;
49,46;35,56;72,13;24/09/2026 12:24;
49,34;35,01;72,15;24/09/2026 12:24;
49,21;34,44;72,23;24/09/2026 12:24;
49,08;33,89;72,26;24/09/2026 12:24;
48,95;33,33;72,31;24/09/2026 12:24;
48,81;32,78;72,38;24/09/2026 12:24;
48,65;32,23;72,43;24/09/2026 12:24;
48,52;31,66;72,47;24/09/2026 12:24;
48,4;31,12;72,54;24/09/2026 12:24;
48,2;30,55;72,57;24/09/2026 12:24;
48,08;30;72,61;24/09/2026 12:24;
48,08;30;72,61;24/09/2026 12:24;
47,91;29,44;72,66;24/09/2026 12:24;
47,75;28,89;72,72;24/09/2026 12:24;
47,59;28,34;72,77;24/09/2026 12:24;
47,4;27,77;72,88;24/09/2026 12:24;
47,22;27,22;72,92;24/09/2026 12:24;
47,03;26,66;72,98;24/09/2026 12:24;
46,81;26,11;73,03;24/09/2026 12:24;
46,6;25,56;73,14;24/09/2026 12:24;
46,43;25;73,21;24/09/2026 12:24;
46,22;24,45;73,25;24/09/2026 12:24;
46,01;23,88;73,33;24/09/2026 12:24;
45,77;23,33;73,49;24/09/2026 12:24;
45,54;22,78;73,57;24/09/2026 12:24;
45,35;22,22;73,68;24/09/2026 12:24;
45,09;21,67;73,75;24/09/2026 12:24;
44,83;21,1;73,86;24/09/2026 12:24;
44,58;20,56;73,96;24/09/2026 12:24;
44,35;20,01;74,01;24/09/2026 12:24;
44,07;19,44;74,13;24/09/2026 12:24;
43,78;18,89;74,2;24/09/2026 12:24;
43,5;18,33;74,31;24/09/2026 12:24;
43,25;17,78;74,4;24/09/2026 12:24;
42,91;17,23;74,51;24/09/2026 12:24;
42,67;16,66;74,62;24/09/2026 12:24;
42,37;16,11;74,71;24/09/2026 12:24;
42,04;15,55;74,84;24/09/2026 12:24;
41,7;15;74,94;24/09/2026 12:24;
41,39;14,45;75,05;24/09/2026 12:24;
41,06;13,89;75,19;24/09/2026 12:24;
40,71;13,34;75,3;24/09/2026 12:24;
40,34;12,77;75,43;24/09/2026 12:24;
39,98;12,22;75,55;24/09/2026 12:24;
39,62;11,67;75,66;24/09/2026 12:24;
39,3;11,11;75,78;24/09/2026 12:24;
38,87;10,56;75,92;24/09/2026 12:24;
38,52;10;76,04;24/09/2026 12:25;
38,11;9,45;76,18;24/09/2026 12:25;
37,71;8,88;76,33;24/09/2026 12:25;
37,33;8,33;76,47;24/09/2026 12:25;
36,87;7,78;76,6;24/09/2026 12:25;
36,42;7,22;76,75;24/09/2026 12:25;
35,97;6,67;76,88;24/09/2026 12:25;
35,61;6,1;77,03;24/09/2026 12:25;
35,1;5,55;77,18;24/09/2026 12:25;
34,64;4,44;77,32;24/09/2026 12:25;
34,21;3,89;77,45;24/09/2026 12:25;
33,73;3,33;77,61;24/09/2026 12:25;
33,24;2,78;77,75;24/09/2026 12:25;
32,74;2,23;77,9;24/09/2026 12:25;
32,19;1,66;78,03;24/09/2026 12:25;
31,72;1,11;78,2;24/09/2026 12:25;
31,3;0,55;78,33;24/09/2026 12:25;
30,74;0;78,48;24/09/2026 12:25;
30,26;0;78,64;24/09/2026 12:25;
29,74;0;78,56;24/09/2026 12:25;
29,24;0;78,49;24/09/2026 12:25;
28,75;0;78,42;24/09/2026 12:25;
28,23;0;78,54;24/09/2026 12:25;
27,96;0;78,69;24/09/2026 12:25;
27,38;0;78,85;24/09/2026 12:25;
27,38;0;78,85;24/09/2026 12:25;
26,91;0;79,02;24/09/2026 12:25;
26,53;0;79,16;24/09/2026 12:25;
26,17;0;79,3;24/09/2026 12:25;
25,74;0;79,44;24/09/2026 12:25;
25,39;0;79,56;24/09/2026 12:25;
25,01;0;79,67;24/09/2026 12:25;
24,64;0;79,77;24/09/2026 12:25;
24,29;0;79,86;24/09/2026 12:25;
23,97;0;79,93;24/09/2026 12:25;
23,63;0;80,01;24/09/2026 12:25;
23,29;0;80,08;24/09/2026 12:25;
23,03;0;80,13;24/09/2026 12:25;
22,68;0;80,19;24/09/2026 12:25;
22,33;0;80,24;24/09/2026 12:25;
22,08;0;80,28;24/09/2026 12:25;
21,76;0;80,31;24/09/2026 12:25;
21,5;0;80,32;24/09/2026 12:25;
21,21;0;80,32;24/09/2026 12:25;
20,89;0;80,3;24/09/2026 12:25;
20,64;0;80,28;24/09/2026 12:25;
20,37;0;80,24;24/09/2026 12:25;
20,11;0;80,19;24/09/2026 12:25;
19,91;0;80,14;24/09/2026 12:25;
19,6;0;80,08;24/09/2026 12:25;
19,33;0;80,02;24/09/2026 12:25;
19,08;0;79,97;24/09/2026 12:25;
18,83;0;79,91;24/09/2026 12:25;
18,66;0;79,86;24/09/2026 12:25;
18,38;0;79,8;24/09/2026 12:25;
18,15;0;79,77;24/09/2026 12:25;
17,95;0;79,72;24/09/2026 12:25;
17,71;0;79,68;24/09/2026 12:25;
17,5;0;79,63;24/09/2026 12:25;
17,32;0;79,59;24/09/2026 12:25;
17,07;0;79,55;24/09/2026 12:26;
16,87;0;79,51;24/09/2026 12:26;
16,68;0;79,48;24/09/2026 12:26;
16,48;0;79,45;24/09/2026 12:26;
16,36;0;79,4;24/09/2026 12:26;
16,1;0;79,38;24/09/2026 12:26;
15,98;0;79,34;24/09/2026 12:26;
15,75;0;79,31;24/09/2026 12:26;
15,56;0;79,28;24/09/2026 12:26;
15,38;0;79,25;24/09/2026 12:26;
15,21;0;79,23;24/09/2026 12:26;
15,04;0;79,2;24/09/2026 12:26;
14,92;0;79,17;24/09/2026 12:26;
14,72;0;79,14;24/09/2026 12:26;
14,59;0;79,1;24/09/2026 12:26;
14,42;0;79,08;24/09/2026 12:26;
14,27;0;79,06;24/09/2026 12:26;
14,11;0;79,04;24/09/2026 12:26;
14,11;0;79,04;24/09/2026 12:26;
13,96;0;79,02;24/09/2026 12:26;
13,81;0;78,99;24/09/2026 12:26;
13,67;0;78,97;24/09/2026 12:26;
13,56;0;78,94;24/09/2026 12:26;
13,42;0;78,92;24/09/2026 12:26;
13,27;0;78,89;24/09/2026 12:26;
13,2;0;78,86;24/09/2026 12:26;
13,01;0;78,84;24/09/2026 12:26;
12,88;0;78,82;24/09/2026 12:26;
12,76;0;78,79;24/09/2026 12:26;
12,64;0;78,77;24/09/2026 12:26;
12,53;0;78,75;24/09/2026 12:26;
12,4;0;78,72;24/09/2026 12:26;
12,29;0;78,69;24/09/2026 12:26;
12,18;0;78,67;24/09/2026 12:26;
12,07;0;78,65;24/09/2026 12:26;
11,97;0;78,63;24/09/2026 12:26;
11,87;0;78,61;24/09/2026 12:26;
11,76;0;78,57;24/09/2026 12:26;
11,67;0;78,55;24/09/2026 12:26;
11,57;0;78,54;24/09/2026 12:26;
11,47;0;78,51;24/09/2026 12:26;
11,38;0;78,48;24/09/2026 12:26;
11,27;0;78,46;24/09/2026 12:26;
11,19;0;78,44;24/09/2026 12:26;
11,1;0;78,41;24/09/2026 12:26;
11,02;0;78,38;24/09/2026 12:26;
10,93;0;78,36;24/09/2026 12:26;
10,85;0;78,33;24/09/2026 12:26;
10,77;0;78,32;24/09/2026 12:26;
10,69;0;78,28;24/09/2026 12:26;
10,61;0;78,26;24/09/2026 12:26;
10,53;0;78,24;24/09/2026 12:26;
10,46;0;78,22;24/09/2026 12:26;
10,38;0;78,19;24/09/2026 12:26;
10,3;0;78,16;24/09/2026 12:26;
10,25;0;78,13;24/09/2026 12:26;
10,18;0;78,12;24/09/2026 12:26;
10,1;0;78,09;24/09/2026 12:26;
10,04;0;78,07;24/09/2026 12:26;
9,97;0;78,04;24/09/2026 12:26;
9,91;0;78,02;24/09/2026 12:27;
9,85;0;77,99;24/09/2026 12:27;
9,79;0;77,96;24/09/2026 12:27;
9,72;0;77,93;24/09/2026 12:27;
9,66;0;77,91;24/09/2026 12:27;
9,62;0;77,88;24/09/2026 12:27;
9,55;0;77,85;24/09/2026 12:27;
9,49;0;77,82;24/09/2026 12:27;
9,46;0;77,8;24/09/2026 12:27;
9,39;0;77,78;24/09/2026 12:27;
9,33;0;77,74;24/09/2026 12:27;
9,28;0;77,71;24/09/2026 12:27;
9,24;0;77,69;24/09/2026 12:27;
9,18;0;77,65;24/09/2026 12:27;
9,14;0;77,62;24/09/2026 12:27;
9,08;0;77,6;24/09/2026 12:27;
9,05;0;77,57;24/09/2026 12:27;
9;0;77,54;24/09/2026 12:27;
8,95;0;77,69;24/09/2026 12:27;
8,91;0;77,91;24/09/2026 12:27;
8,86;0;78,16;24/09/2026 12:27;
8,86;0;78,16;24/09/2026 12:27;
8,83;0;78,42;24/09/2026 12:27;
8,79;0;78,67;24/09/2026 12:27;
8,75;0;78,87;24/09/2026 12:27;
8,72;0;79,05;24/09/2026 12:27;
8,69;0;79,2;24/09/2026 12:27;
8,67;0;79,31;24/09/2026 12:27;
8,64;0;79,45;24/09/2026 12:27;
8,61;0;79,55;24/09/2026 12:27;
8,59;0;79,66;24/09/2026 12:27;
8,56;0;79,73;24/09/2026 12:27;
8,54;0;79,82;24/09/2026 12:27;
8,51;0;79,89;24/09/2026 12:27;
8,48;0;79,97;24/09/2026 12:27;
8,46;0;80,02;24/09/2026 12:27;
8,44;0;80,08;24/09/2026 12:27;
8,42;0;80,12;24/09/2026 12:27;
8,41;0;80,15;24/09/2026 12:27;
8,38;0;80,15;24/09/2026 12:27;
8,36;0;80,13;24/09/2026 12:27;
8,34;0;80,11;24/09/2026 12:27;
8,32;0;80,08;24/09/2026 12:27;
8,3;0;80,02;24/09/2026 12:27;
8,28;0;79,96;24/09/2026 12:27;
8,26;0;79,9;24/09/2026 12:27;
8,25;0;79,85;24/09/2026 12:27;
8,23;0;79,79;24/09/2026 12:27;
8,21;0;79,75;24/09/2026 12:27;
8,19;0;79,69;24/09/2026 12:27;
8,17;0;79,66;24/09/2026 12:27;
8,16;0;79,6;24/09/2026 12:27;
8,14;0;79,56;24/09/2026 12:27;
8,12;0;79,52;24/09/2026 12:27;
8,11;0;79,48;24/09/2026 12:27;
8,08;0;79,44;24/09/2026 12:27;
8,07;0;79,4;24/09/2026 12:27;
8,05;0;79,36;24/09/2026 12:27;
8,05;0;79,32;24/09/2026 12:27;
8,02;0;79,29;24/09/2026 12:27;
8;0;79,26;24/09/2026 12:28;
7,99;0;79,23;24/09/2026 12:28;
7,98;0;79,19;24/09/2026 12:28;
7,96;0;79,16;24/09/2026 12:28;
7,94;0;79,14;24/09/2026 12:28;
7,93;0;79,1;24/09/2026 12:28;
7,91;0;79,06;24/09/2026 12:28;
7,9;0;79,04;24/09/2026 12:28;
7,89;0;79,02;24/09/2026 12:28;
7,87;0;78,99;24/09/2026 12:28;
7,86;0;78,96;24/09/2026 12:28;
7,85;0;78,94;24/09/2026 12:28;
7,84;0;78,9;24/09/2026 12:28;
7,83;0;78,87;24/09/2026 12:28;
7,81;0;78,86;24/09/2026 12:28;
7,8;0;78,84;24/09/2026 12:28;
7,79;0;78,82;24/09/2026 12:28;
7,77;0;78,79;24/09/2026 12:28;
7,76;0;78,76;24/09/2026 12:28;
7,75;0;78,74;24/09/2026 12:28;
7,74;0;78,72;24/09/2026 12:28;
7,73;0;78,69;24/09/2026 12:28;
7,72;0;78,67;24/09/2026 12:28;
7,7;0;78,64;24/09/2026 12:28;
7,7;0;78,64;24/09/2026 12:28;
7,7;0;78,62;24/09/2026 12:28;
7,69;0;78,59;24/09/2026 12:28;
7,68;0;78,57;24/09/2026 12:28;
7,67;0;78,55;24/09/2026 12:28;
7,65;0;78,53;24/09/2026 12:28;
7,64;0;78,51;24/09/2026 12:28;
7,64;0;78,48;24/09/2026 12:28;
7,63;0;78,46;24/09/2026 12:28;
7,62;0;78,44;24/09/2026 12:28;
7,61;0;78,42;24/09/2026 12:28;
7,6;0;78,38;24/09/2026 12:28;
7,59;0;78,37;24/09/2026 12:28;
7,58;0;78,34;24/09/2026 12:28;
7,58;0;78,33;24/09/2026 12:28;
7,56;0;78,3;24/09/2026 12:28;
7,55;0;78,27;24/09/2026 12:28;
7,54;0;78,26;24/09/2026 12:28;
7,53;0;78,23;24/09/2026 12:28;
7,53;0;78,21;24/09/2026 12:28;
7,52;0;78,19;24/09/2026 12:28;
7,51;0;78,17;24/09/2026 12:28;
7,51;0;78,14;24/09/2026 12:28;
7,5;0;78,12;24/09/2026 12:28;
7,49;0;78,09;24/09/2026 12:28;
7,48;0;78,06;24/09/2026 12:28;
7,47;0;78,04;24/09/2026 12:28;
7,47;0;78,02;24/09/2026 12:28;
7,45;0;78,01;24/09/2026 12:28;
7,45;0;77,97;24/09/2026 12:28;
7,44;0;77,94;24/09/2026 12:28;
7,43;0;77,92;24/09/2026 12:28;
7,43;0;77,9;24/09/2026 12:28;
7,42;0;77,86;24/09/2026 12:28;
7,42;0;77,84;24/09/2026 12:28;
7,41;0;77,81;24/09/2026 12:28;
7,4;0;77,79;24/09/2026 12:29;
7,4;0;77,75;24/09/2026 12:29;
7,39;0;77,74;24/09/2026 12:29;
7,38;0;77,71;24/09/2026 12:29;
7,37;0;77,68;24/09/2026 12:29;
7,37;0;77,65;24/09/2026 12:29;
7,36;0;77,63;24/09/2026 12:29;
7,35;0;77,6;24/09/2026 12:29;
7,35;0;77,58;24/09/2026 12:29;
7,34;0;77,54;24/09/2026 12:29;
7,34;0;77,51;24/09/2026 12:29;
7,32;0;77,49;24/09/2026 12:29;
7,32;0;77,47;24/09/2026 12:29;
7,31;0;77,45;24/09/2026 12:29;
7,31;0;77,62;24/09/2026 12:29;
7,31;0;77,82;24/09/2026 12:29;
7,31;0;78,1;24/09/2026 12:29;
7,3;0;78,35;24/09/2026 12:29;
7,3;0;78,35;24/09/2026 12:29;
7,3;0;78,62;24/09/2026 12:29;
7,3;0;78,82;24/09/2026 12:29;
7,31;0;78,99;24/09/2026 12:29;
7,3;0;79,14;24/09/2026 12:29;
7,31;0;79,26;24/09/2026 12:29;
7,31;0;79,37;24/09/2026 12:29;
7,31;0;79,48;24/09/2026 12:29;
7,32;0;79,57;24/09/2026 12:29;
7,32;0;79,67;24/09/2026 12:29;
7,32;0;79,75;24/09/2026 12:29;
7,33;0;79,82;24/09/2026 12:29;
7,33;0;79,89;24/09/2026 12:29;
7,34;0;79,96;24/09/2026 12:29;
7,34;0;80,01;24/09/2026 12:29;
7,35;0;80,06;24/09/2026 12:29;
7,35;0;80,08;24/09/2026 12:29;
7,36;0;80,08;24/09/2026 12:29;
7,36;0;80,07;24/09/2026 12:29;
7,37;0;80,04;24/09/2026 12:29;
7,37;0;80;24/09/2026 12:29;
7,37;0;79,96;24/09/2026 12:29;
7,37;0;79,89;24/09/2026 12:29;
7,37;0;79,83;24/09/2026 12:29;
7,37;0;79,78;24/09/2026 12:29;
7,38;0;79,72;24/09/2026 12:29;
7,38;0;79,67;24/09/2026 12:29;
7,38;0;79,63;24/09/2026 12:29;
7,38;0;79,58;24/09/2026 12:29;
7,39;0;79,55;24/09/2026 12:29;
7,39;0;79,5;24/09/2026 12:29;
7,39;0;79,46;24/09/2026 12:29;
7,38;0;79,42;24/09/2026 12:29;
7,39;0;79,38;24/09/2026 12:29;
7,39;0;79,35;24/09/2026 12:29;
7,38;0;79,3;24/09/2026 12:29;
7,38;0;79,27;24/09/2026 12:29;
7,38;0;79,24;24/09/2026 12:29;
7,38;0;79,2;24/09/2026 12:29;
7,37;0;79,17;24/09/2026 12:29;
7,37;0;79,14;24/09/2026 12:29;
7,37;0;79,1;24/09/2026 12:29;
7,37;0;79,07;24/09/2026 12:30;
7,37;0;79,04;24/09/2026 12:30;
7,37;0;79,02;24/09/2026 12:30;
7,37;0;78,98;24/09/2026 12:30;
7,37;0;78,96;24/09/2026 12:30;
7,37;0;78,92;24/09/2026 12:30;
7,36;0;78,9;24/09/2026 12:30;
7,36;0;78,87;24/09/2026 12:30;
7,36;0;78,85;24/09/2026 12:30;
7,36;0;78,82;24/09/2026 12:30;
7,36;0;78,79;24/09/2026 12:30;
7,36;0;78,77;24/09/2026 12:30;
7,36;0;78,77;24/09/2026 12:30;
7,35;0;78,75;24/09/2026 12:30;
7,35;0;78,72;24/09/2026 12:30;
7,34;0;78,68;24/09/2026 12:30;
7,34;0;78,65;24/09/2026 12:30;
7,34;0;78,65;24/09/2026 12:30;
7,34;0;78,63;24/09/2026 12:30;
7,34;0;78,62;24/09/2026 12:30;
7,34;0;78,59;24/09/2026 12:30;
7,34;0;78,56;24/09/2026 12:30;
7,34;0;78,54;24/09/2026 12:30;
7,33;0;78,52;24/09/2026 12:30;
7,32;0;78,49;24/09/2026 12:30;
7,32;0;78,47;24/09/2026 12:30;
7,32;0;78,45;24/09/2026 12:30;
7,32;0;78,43;24/09/2026 12:30;
7,31;0;78,41;24/09/2026 12:30;
7,31;0;78,38;24/09/2026 12:30;
7,31;0;78,36;24/09/2026 12:30;
7,31;0;78,33;24/09/2026 12:30;
7,31;0;78,32;24/09/2026 12:30;
7,31;0;78,28;24/09/2026 12:30;
7,31;0;78,27;24/09/2026 12:30;
7,29;0;78,24;24/09/2026 12:30;
7,29;0;78,23;24/09/2026 12:30;
7,29;0;78,21;24/09/2026 12:30;
7,29;0;78,17;24/09/2026 12:30;
7,28;0;78,15;24/09/2026 12:30;
7,29;0;78,14;24/09/2026 12:30;
7,28;0;78,12;24/09/2026 12:30;
7,28;0;78,09;24/09/2026 12:30;
7,28;0;78,06;24/09/2026 12:30;
7,27;0;78,04;24/09/2026 12:30;
7,27;0;78,02;24/09/2026 12:30;
7,27;0;77,99;24/09/2026 12:30;
7,26;0;77,96;24/09/2026 12:30;
7,26;0;77,94;24/09/2026 12:30;
7,26;0;77,93;24/09/2026 12:30;
7,26;0;77,91;24/09/2026 12:30;
7,25;0;77,88;24/09/2026 12:30;
7,25;0;77,84;24/09/2026 12:30;
7,25;0;77,82;24/09/2026 12:30;
7,24;0;77,8;24/09/2026 12:30;
7,24;0;77,76;24/09/2026 12:30;
7,23;0;77,74;24/09/2026 12:30;
7,23;0;77,71;24/09/2026 12:30;
7,23;0;77,7;24/09/2026 12:30;
7,23;0;77,66;24/09/2026 12:30;
7,22;0;77,64;24/09/2026 12:31;
7,22;0;77,61;24/09/2026 12:31;
7,21;0;77,59;24/09/2026 12:31;
7,21;0;77,55;24/09/2026 12:31;
7,21;0;77,53;24/09/2026 12:31;
7,2;0;77,5;24/09/2026 12:31;
7,2;0;77,47;24/09/2026 12:31;
7,2;0;77,44;24/09/2026 12:31;
7,19;0;77,41;24/09/2026 12:31;
7,19;0;77,38;24/09/2026 12:31;
7,18;0;77,5;24/09/2026 12:31;
7,18;0;77,71;24/09/2026 12:31;
7,18;0;77,95;24/09/2026 12:31;
7,18;0;78,22;24/09/2026 12:31;
7,18;0;78,47;24/09/2026 12:31;
7,18;0;78,71;24/09/2026 12:31;
7,18;0;78,71;24/09/2026 12:31;
7,19;0;78,88;24/09/2026 12:31;
7,2;0;79,03;24/09/2026 12:31;
7,2;0;79,28;24/09/2026 12:31;
7,2;0;79,28;24/09/2026 12:31;
7,21;0;79,39;24/09/2026 12:31;
7,22;0;79,49;24/09/2026 12:31;
7,22;0;79,59;24/09/2026 12:31;
7,23;0;79,67;24/09/2026 12:31;
7,24;0;79,75;24/09/2026 12:31;
7,24;0;79,82;24/09/2026 12:31;
7,25;0;79,89;24/09/2026 12:31;
7,25;0;79,93;24/09/2026 12:31;
7,26;0;79,99;24/09/2026 12:31;
7,27;0;80,02;24/09/2026 12:31;
7,27;0;80,03;24/09/2026 12:31;
7,27;0;80,02;24/09/2026 12:31;
7,28;0;80,01;24/09/2026 12:31;
7,29;0;79,98;24/09/2026 12:31;
7,29;0;79,93;24/09/2026 12:31;
7,29;0;79,88;24/09/2026 12:31;
7,3;0;79,81;24/09/2026 12:31;
7,3;0;79,76;24/09/2026 12:31;
7,3;0;79,72;24/09/2026 12:31;
7,31;0;79,66;24/09/2026 12:31;
7,31;0;79,62;24/09/2026 12:31;
7,31;0;79,58;24/09/2026 12:31;
7,31;0;79,54;24/09/2026 12:31;
7,31;0;79,48;24/09/2026 12:31;
7,32;0;79,45;24/09/2026 12:31;
7,32;0;79,4;24/09/2026 12:31;
7,32;0;79,37;24/09/2026 12:31;
7,32;0;79,32;24/09/2026 12:31;
7,32;0;79,29;24/09/2026 12:31;
7,32;0;79,26;24/09/2026 12:31;
7,32;0;79,21;24/09/2026 12:31;
7,32;0;79,19;24/09/2026 12:31;
7,32;0;79,15;24/09/2026 12:31;
7,32;0;79,11;24/09/2026 12:31;
7,32;0;79,09;24/09/2026 12:31;
7,32;0;79,06;24/09/2026 12:31;
7,32;0;79,03;24/09/2026 12:31;
7,32;0;78,99;24/09/2026 12:31;
7,32;0;78,96;24/09/2026 12:31;
7,32;0;78,94;24/09/2026 12:32;
7,32;0;78,9;24/09/2026 12:32;
7,31;0;78,88;24/09/2026 12:32;
7,32;0;78,85;24/09/2026 12:32;
7,31;0;78,83;24/09/2026 12:32;
7,31;0;78,79;24/09/2026 12:32;
7,31;0;78,77;24/09/2026 12:32;
7,31;0;78,75;24/09/2026 12:32;
7,31;0;78,73;24/09/2026 12:32;
7,31;0;78,69;24/09/2026 12:32;
7,31;0;78,67;24/09/2026 12:32;
7,3;0;78,65;24/09/2026 12:32;
7,3;0;78,63;24/09/2026 12:32;
7,3;0;78,59;24/09/2026 12:32;
7,29;0;78,57;24/09/2026 12:32;
7,3;0;78,56;24/09/2026 12:32;
7,29;0;78,54;24/09/2026 12:32;
7,29;0;78,52;24/09/2026 12:32;
7,29;0;78,49;24/09/2026 12:32;
7,29;0;78,46;24/09/2026 12:32;
7,29;0;78,46;24/09/2026 12:32;
7,29;0;78,44;24/09/2026 12:32;
7,28;0;78,42;24/09/2026 12:32;
7,28;0;78,4;24/09/2026 12:32;
7,28;0;78,37;24/09/2026 12:32;
7,28;0;78,35;24/09/2026 12:32;
7,28;0;78,33;24/09/2026 12:32;
7,28;0;78,31;24/09/2026 12:32;
7,27;0;78,28;24/09/2026 12:32;
7,27;0;78,26;24/09/2026 12:32;
7,27;0;78,24;24/09/2026 12:32;
7,26;0;78,22;24/09/2026 12:32;
7,26;0;78,2;24/09/2026 12:32;
7,26;0;78,17;24/09/2026 12:32;
7,26;0;78,16;24/09/2026 12:32;
7,26;0;78,12;24/09/2026 12:32;
7,25;0;78,1;24/09/2026 12:32;
7,25;0;78,09;24/09/2026 12:32;
7,25;0;78,07;24/09/2026 12:32;
7,25;0;78,04;24/09/2026 12:32;
7,24;0;78,01;24/09/2026 12:32;
7,24;0;78;24/09/2026 12:32;
7,24;0;77,96;24/09/2026 12:32;
7,23;0;77,95;24/09/2026 12:32;
7,23;0;77,92;24/09/2026 12:32;
7,23;0;77,9;24/09/2026 12:32;
7,23;0;77,86;24/09/2026 12:32;
7,23;0;77,84;24/09/2026 12:32;
7,22;0;77,82;24/09/2026 12:32;
7,22;0;77,8;24/09/2026 12:32;
7,22;0;77,78;24/09/2026 12:32;
7,22;0;77,74;24/09/2026 12:32;
7,22;0;77,71;24/09/2026 12:32;
7,21;0;77,69;24/09/2026 12:32;
7,2;0;77,66;24/09/2026 12:32;
7,2;0;77,64;24/09/2026 12:32;
7,2;0;77,62;24/09/2026 12:32;
7,2;0;77,59;24/09/2026 12:32;
7,19;0;77,57;24/09/2026 12:32;
7,19;0;77,53;24/09/2026 12:32;
7,18;0;77,5;24/09/2026 12:33;
7,18;0;77,48;24/09/2026 12:33;
7,18;0;77,44;24/09/2026 12:33;
7,18;0;77,42;24/09/2026 12:33;
7,17;0;77,39;24/09/2026 12:33;
7,17;0;77,36;24/09/2026 12:33;
7,17;0;77,4;24/09/2026 12:33;
7,16;0;77,59;24/09/2026 12:33;
7,17;0;77,8;24/09/2026 12:33;
7,16;0;78,07;24/09/2026 12:33;
7,16;0;78,33;24/09/2026 12:33;
7,17;0;78,57;24/09/2026 12:33;
7,17;0;78,77;24/09/2026 12:33;
7,18;0;78,94;24/09/2026 12:33;
7,18;0;79,07;24/09/2026 12:33;
7,18;0;79,19;24/09/2026 12:33;
7,19;0;79,3;24/09/2026 12:33;
7,19;0;79,42;24/09/2026 12:33;
7,2;0;79,5;24/09/2026 12:33;
7,2;0;79,59;24/09/2026 12:33;
7,21;0;79,68;24/09/2026 12:33;
7,22;0;79,75;24/09/2026 12:33;
7,23;0;79,82;24/09/2026 12:33;
7,23;0;79,88;24/09/2026 12:33;
7,23;0;79,88;24/09/2026 12:33;
7,23;0;79,93;24/09/2026 12:33;
7,24;0;79,97;24/09/2026 12:33;
7,25;0;79,99;24/09/2026 12:33;
7,25;0;80;24/09/2026 12:33;
7,26;0;79,98;24/09/2026 12:33;
7,26;0;79,96;24/09/2026 12:33;
7,27;0;79,91;24/09/2026 12:33;
7,28;0;79,87;24/09/2026 12:33;
7,28;0;79,81;24/09/2026 12:33;
7,28;0;79,75;24/09/2026 12:33;
7,29;0;79,7;24/09/2026 12:33;
7,29;0;79,65;24/09/2026 12:33;
7,29;0;79,6;24/09/2026 12:33;
7,29;0;79,56;24/09/2026 12:33;
7,29;0;79,52;24/09/2026 12:33;
7,29;0;79,47;24/09/2026 12:33;
7,3;0;79,44;24/09/2026 12:33;
7,3;0;79,39;24/09/2026 12:33;
7,29;0;79,35;24/09/2026 12:33;
7,31;0;79,31;24/09/2026 12:33;
7,31;0;79,28;24/09/2026 12:33;
7,31;0;79,24;24/09/2026 12:33;
7,3;0;79,2;24/09/2026 12:33;
7,3;0;79,16;24/09/2026 12:33;
7,31;0;79,14;24/09/2026 12:33;
7,31;0;79,1;24/09/2026 12:33;
7,31;0;79,07;24/09/2026 12:33;
7,31;0;79,05;24/09/2026 12:33;
7,31;0;79;24/09/2026 12:33;
7,31;0;78,97;24/09/2026 12:33;
7,31;0;78,94;24/09/2026 12:33;
7,31;0;78,92;24/09/2026 12:33;
7,31;0;78,87;24/09/2026 12:33;
7,31;0;78,85;24/09/2026 12:33;
7,3;0;78,83;24/09/2026 12:33;
7,3;0;78,8;24/09/2026 12:34;
7,3;0;78,77;24/09/2026 12:34;
7,3;0;78,75;24/09/2026 12:34;
7,29;0;78,72;24/09/2026 12:34;
7,29;0;78,69;24/09/2026 12:34;
7,29;0;78,66;24/09/2026 12:34;
7,29;0;78,65;24/09/2026 12:34;
7,29;0;78,62;24/09/2026 12:34;
7,29;0;78,61;24/09/2026 12:34;
7,29;0;78,57;24/09/2026 12:34;
7,29;0;78,56;24/09/2026 12:34;
7,28;0;78,53;24/09/2026 12:34;
7,28;0;78,51;24/09/2026 12:34;
7,28;0;78,48;24/09/2026 12:34;
7,28;0;78,46;24/09/2026 12:34;
7,28;0;78,44;24/09/2026 12:34;
7,28;0;78,42;24/09/2026 12:34;
7,27;0;78,4;24/09/2026 12:34;
7,27;0;78,37;24/09/2026 12:34;
7,27;0;78,35;24/09/2026 12:34;
7,26;0;78,33;24/09/2026 12:34;
7,26;0;78,31;24/09/2026 12:34;
7,26;0;78,28;24/09/2026 12:34;
7,26;0;78,26;24/09/2026 12:34;
7,26;0;78,26;24/09/2026 12:34;
7,26;0;78,24;24/09/2026 12:34;
7,25;0;78,21;24/09/2026 12:34;
7,26;0;78,19;24/09/2026 12:34;
7,25;0;78,16;24/09/2026 12:34;
7,25;0;78,14;24/09/2026 12:34;
7,25;0;78,13;24/09/2026 12:34;
7,25;0;78,11;24/09/2026 12:34;
7,24;0;78,09;24/09/2026 12:34;
7,24;0;78,05;24/09/2026 12:34;
7,24;0;78,04;24/09/2026 12:34;
7,23;0;78,01;24/09/2026 12:34;
7,23;0;77,99;24/09/2026 12:34;
7,23;0;77,96;24/09/2026 12:34;
7,23;0;77,94;24/09/2026 12:34;
7,23;0;77,91;24/09/2026 12:34;
7,22;0;77,89;24/09/2026 12:34;
7,22;0;77,88;24/09/2026 12:34;
7,22;0;77,84;24/09/2026 12:34;
7,22;0;77,83;24/09/2026 12:34;
7,21;0;77,8;24/09/2026 12:34;
7,21;0;77,78;24/09/2026 12:34;
7,2;0;77,74;24/09/2026 12:34;
7,2;0;77,72;24/09/2026 12:34;
7,2;0;77,69;24/09/2026 12:34;
7,2;0;77,66;24/09/2026 12:34;
7,19;0;77,64;24/09/2026 12:34;
7,19;0;77,62;24/09/2026 12:34;
7,19;0;77,6;24/09/2026 12:34;
7,18;0;77,57;24/09/2026 12:34;
7,18;0;77,53;24/09/2026 12:34;
7,18;0;77,5;24/09/2026 12:34;
7,18;0;77,48;24/09/2026 12:34;
7,17;0;77,45;24/09/2026 12:34;
7,17;0;77,42;24/09/2026 12:34;
7,17;0;77,4;24/09/2026 12:34;
7,16;0;77,37;24/09/2026 12:35;
7,16;0;77,33;24/09/2026 12:35;
7,15;0;77,31;24/09/2026 12:35;
7,15;0;77,44;24/09/2026 12:35;
7,15;0;77,65;24/09/2026 12:35;
7,15;0;77,92;24/09/2026 12:35;
7,15;0;78,15;24/09/2026 12:35;
7,15;0;78,42;24/09/2026 12:35;
7,16;0;78,63;24/09/2026 12:35;
7,16;0;78,82;24/09/2026 12:35;
7,16;0;78,97;24/09/2026 12:35;
7,17;0;79,11;24/09/2026 12:35;
7,18;0;79,23;24/09/2026 12:35;
7,18;0;79,32;24/09/2026 12:35;
7,18;0;79,42;24/09/2026 12:35;
7,19;0;79,52;24/09/2026 12:35;
7,2;0;79,61;24/09/2026 12:35;
7,2;0;79,68;24/09/2026 12:35;
7,22;0;79,75;24/09/2026 12:35;
7,22;0;79,81;24/09/2026 12:35;
7,22;0;79,88;24/09/2026 12:35;
;;;;
;;;;
;;;;
;;;;
;;;;
;;;;
;;;;
;;;;
;;;;
;;;;
;;;;
PV_IN;CV;PV_OUT;TIME;
-0,09;0;-0,07;24/09/2026 12:51;
-0,09;0;-0,07;24/09/2026 12:51;
-0,09;0;-0,07;24/09/2026 12:51;
-0,09;0;0,02;24/09/2026 12:51;
-0,05;0;61,1;24/09/2026 12:51;
0,13;0;81,85;24/09/2026 12:51;
0,13;0;81,85;24/09/2026 12:51;
0,34;0;81,28;24/09/2026 12:51;
0,55;0;81,05;24/09/2026 12:51;
0,73;0;80,91;24/09/2026 12:51;
0,87;0;80,79;24/09/2026 12:51;
1,01;0;80,7;24/09/2026 12:51;
1,12;0;80,62;24/09/2026 12:51;
1,26;0;80,54;24/09/2026 12:51;
1,37;0;80,49;24/09/2026 12:51;
1,46;0;80,43;24/09/2026 12:51;
1,59;0;80,37;24/09/2026 12:51;
1,68;0;80,32;24/09/2026 12:51;
1,78;0;80,28;24/09/2026 12:51;
1,86;0;80,23;24/09/2026 12:51;
1,92;0;80,19;24/09/2026 12:51;
2,01;0;80,14;24/09/2026 12:51;
2,1;0;80,11;24/09/2026 12:51;
2,17;0;80,08;24/09/2026 12:52;
2,24;0;80,04;24/09/2026 12:52;
2,31;0;80;24/09/2026 12:52;
2,37;0;79,97;24/09/2026 12:52;
2,45;0;79,93;24/09/2026 12:52;
2,49;0;79,92;24/09/2026 12:52;
2,56;0;79,89;24/09/2026 12:52;
2,61;0;79,86;24/09/2026 12:52;
2,67;0;79,82;24/09/2026 12:52;
2,72;0;79,79;24/09/2026 12:52;
3,2;0;79,78;24/09/2026 12:52;
3,45;0;79,76;24/09/2026 12:52;
3,88;0;79,72;24/09/2026 12:52;
4,21;0;79,7;24/09/2026 12:52;
3,72;0;79,68;24/09/2026 12:52;
3,7;0;79,66;24/09/2026 12:52;
4,43;0;79,63;24/09/2026 12:52;
4,74;0;79,6;24/09/2026 12:52;
4,94;0;79,59;24/09/2026 12:52;
5,26;0;79,57;24/09/2026 12:52;
5,51;0;79,55;24/09/2026 12:52;
5,66;0;79,52;24/09/2026 12:52;
5,98;0;79,5;24/09/2026 12:52;
6,26;0;79,48;24/09/2026 12:52;
6,51;0;79,46;24/09/2026 12:52;
6,81;0;79,45;24/09/2026 12:52;
7,07;0;79,42;24/09/2026 12:52;
7,34;0;79,4;24/09/2026 12:52;
7,53;0;79,38;24/09/2026 12:52;
7,84;0;79,36;24/09/2026 12:52;
8,11;0;79,34;24/09/2026 12:52;
8,34;0;79,31;24/09/2026 12:52;
8,59;0;79,29;24/09/2026 12:52;
8,86;0;79,28;24/09/2026 12:52;
9,11;0;79,25;24/09/2026 12:52;
9,36;0;79,24;24/09/2026 12:52;
9,62;0;79,2;24/09/2026 12:52;
8,59;0;79,18;24/09/2026 12:52;
8,31;0;79,17;24/09/2026 12:52;
8,06;0;79,14;24/09/2026 12:52;
7,86;0;79,13;24/09/2026 12:52;
7,67;0;79,09;24/09/2026 12:52;
7,5;0;79,08;24/09/2026 12:52;
7,33;0;79,05;24/09/2026 12:52;
7,2;0;79,03;24/09/2026 12:52;
7,2;0;79,03;24/09/2026 12:52;
7,04;0;79;24/09/2026 12:52;
6,93;0;78,98;24/09/2026 12:52;
6,8;0;78,95;24/09/2026 12:52;
6,7;0;78,94;24/09/2026 12:52;
6,61;0;78,9;24/09/2026 12:52;
6,5;0;78,87;24/09/2026 12:52;
6,4;0;78,85;24/09/2026 12:52;
6,3;0;78,82;24/09/2026 12:52;
6,24;0;78,79;24/09/2026 12:52;
6,15;0;78,77;24/09/2026 12:52;
6,07;0;78,74;24/09/2026 12:52;
6,01;0;78,71;24/09/2026 12:52;
5,91;0;78,68;24/09/2026 12:52;
5,87;0;78,66;24/09/2026 12:52;
5,79;0;78,63;24/09/2026 12:53;
5,73;0;78,61;24/09/2026 12:53;
5,67;0;78,57;24/09/2026 12:53;
5,6;0;78,54;24/09/2026 12:53;
5,56;0;78,52;24/09/2026 12:53;
5,49;0;78,58;24/09/2026 12:53;
5,43;0;78,79;24/09/2026 12:53;
5,38;0;79,05;24/09/2026 12:53;
5,34;0;79,27;24/09/2026 12:53;
5,3;0;79,54;24/09/2026 12:53;
5,25;0;79,77;24/09/2026 12:53;
5,21;0;79,94;24/09/2026 12:53;
5,17;0;80,11;24/09/2026 12:53;
5,13;0;80,25;24/09/2026 12:53;
5,1;0;80,34;24/09/2026 12:53;
5,07;0;80,44;24/09/2026 12:53;
5,02;0;80,53;24/09/2026 12:53;
4,99;0;80,6;24/09/2026 12:53;
4,96;0;80,65;24/09/2026 12:53;
4,93;0;80,71;24/09/2026 12:53;
4,9;0;80,76;24/09/2026 12:53;
4,88;0;80,83;24/09/2026 12:53;
4,85;0;80,86;24/09/2026 12:53;
4,82;0;80,9;24/09/2026 12:53;
4,8;0;80,91;24/09/2026 12:53;
4,77;0;80,91;24/09/2026 12:53;
4,75;0;80,89;24/09/2026 12:53;
4,72;0;80,86;24/09/2026 12:53;
4,7;0;80,83;24/09/2026 12:53;
4,68;0;80,79;24/09/2026 12:53;
4,66;0;80,74;24/09/2026 12:53;
4,63;0;80,69;24/09/2026 12:53;
4,61;0;80,63;24/09/2026 12:53;
4,59;0;80,59;24/09/2026 12:53;
4,57;0;80,53;24/09/2026 12:53;
4,55;0;80,49;24/09/2026 12:53;
4,54;0;80,45;24/09/2026 12:53;
4,51;0;80,41;24/09/2026 12:53;
4,49;0;80,38;24/09/2026 12:53;
4,49;0;80,38;24/09/2026 12:53;
4,46;0;80,3;24/09/2026 12:53;
4,46;0;80,3;24/09/2026 12:53;
4,44;0;80,27;24/09/2026 12:53;
4,41;0;80,19;24/09/2026 12:53;
4,39;0;80,15;24/09/2026 12:53;
4,39;0;80,15;24/09/2026 12:53;
4,38;0;80,12;24/09/2026 12:53;
4,36;0;80,08;24/09/2026 12:53;
4,35;0;80,04;24/09/2026 12:53;
4,34;0;80,02;24/09/2026 12:53;
4,32;0;79,99;24/09/2026 12:53;
4,31;0;79,96;24/09/2026 12:53;
4,3;0;79,92;24/09/2026 12:53;
4,28;0;79,9;24/09/2026 12:53;
4,27;0;79,87;24/09/2026 12:53;
4,25;0;79,83;24/09/2026 12:53;
4,24;0;79,81;24/09/2026 12:53;
4,23;0;79,78;24/09/2026 12:53;
4,22;0;79,76;24/09/2026 12:53;
4,21;0;79,73;24/09/2026 12:53;
4,2;0;79,71;24/09/2026 12:54;
4,19;0;79,68;24/09/2026 12:54;
4,18;0;79,65;24/09/2026 12:54;
4,17;0;79,61;24/09/2026 12:54;
4,16;0;79,6;24/09/2026 12:54;
4,14;0;79,57;24/09/2026 12:54;
4,13;0;79,55;24/09/2026 12:54;
4,13;0;79,52;24/09/2026 12:54;
4,12;0;79,5;24/09/2026 12:54;
4,11;0;79,48;24/09/2026 12:54;
4,1;0;79,46;24/09/2026 12:54;
4,09;0;79,45;24/09/2026 12:54;
4,08;0;79,42;24/09/2026 12:54;
4,08;0;79,4;24/09/2026 12:54;
4,07;0;79,38;24/09/2026 12:54;
4,06;0;79,37;24/09/2026 12:54;
4,06;0;79,35;24/09/2026 12:54;
4,05;0;79,32;24/09/2026 12:54;
4,04;0;79,3;24/09/2026 12:54;
4,03;0;79,29;24/09/2026 12:54;
4,03;0;79,27;24/09/2026 12:54;
4,02;0;79,25;24/09/2026 12:54;
4,02;0;79,23;24/09/2026 12:54;
4,01;0;79,2;24/09/2026 12:54;
4;0;79,19;24/09/2026 12:54;
3,99;0;79,17;24/09/2026 12:54;
3,99;0;79,15;24/09/2026 12:54;
3,99;0;79,13;24/09/2026 12:54;
3,98;0;79,1;24/09/2026 12:54;
3,97;0;79,08;24/09/2026 12:54;
3,97;0;79,06;24/09/2026 12:54;
3,96;0;79,05;24/09/2026 12:54;
4;10;76,7;24/09/2026 12:54;
4,38;10;75,31;24/09/2026 12:54;
4,69;10;75,31;24/09/2026 12:54;
4,99;10;75,31;24/09/2026 12:54;
5,29;10;75,3;24/09/2026 12:54;
5,61;10;75,29;24/09/2026 12:54;
5,88;10;75,27;24/09/2026 12:54;
6,12;10;75,26;24/09/2026 12:54;
6,36;10;75,24;24/09/2026 12:54;
6,6;10;75,23;24/09/2026 12:54;
6,85;10;75,21;24/09/2026 12:54;
7,04;10;75,19;24/09/2026 12:54;
7,22;10;75,17;24/09/2026 12:54;
7,44;10;75,15;24/09/2026 12:54;
7,44;10;75,14;24/09/2026 12:54;
7,66;10;75,12;24/09/2026 12:54;
7,82;10;75,1;24/09/2026 12:54;
8,21;10;75,06;24/09/2026 12:54;
8,36;10;75,05;24/09/2026 12:54;
8,36;10;75,05;24/09/2026 12:54;
8,54;10;75,02;24/09/2026 12:54;
8,71;10;75;24/09/2026 12:54;
8,89;10;74,98;24/09/2026 12:54;
9,05;10;74,96;24/09/2026 12:54;
9,19;10;74,94;24/09/2026 12:54;
9,33;10;74,92;24/09/2026 12:54;
9,49;10;74,89;24/09/2026 12:54;
9,63;10;74,87;24/09/2026 12:54;
9,77;10;74,85;24/09/2026 12:55;
9,89;10;74,99;24/09/2026 12:55;
10,03;10;75,17;24/09/2026 12:55;
10,16;10;75,43;24/09/2026 12:55;
10,29;10;75,67;24/09/2026 12:55;
10,45;10;75,91;24/09/2026 12:55;
10,57;10;76,14;24/09/2026 12:55;
10,68;10;76,35;24/09/2026 12:55;
10,84;10;76,49;24/09/2026 12:55;
10,91;10;76,59;24/09/2026 12:55;
11,1;10;76,69;24/09/2026 12:55;
11,2;10;76,78;24/09/2026 12:55;
11,35;10;76,89;24/09/2026 12:55;
11,47;10;76,99;24/09/2026 12:55;
11,58;10;77,05;24/09/2026 12:55;
11,71;10;77,13;24/09/2026 12:55;
11,84;10;77,18;24/09/2026 12:55;
11,95;10;77,24;24/09/2026 12:55;
12,05;10;77,31;24/09/2026 12:55;
12,17;10;77,37;24/09/2026 12:55;
12,27;10;77,37;24/09/2026 12:55;
12,37;10;77,38;24/09/2026 12:55;
12,48;10;77,38;24/09/2026 12:55;
12,57;10;77,36;24/09/2026 12:55;
12,67;10;77,32;24/09/2026 12:55;
12,75;10;77,28;24/09/2026 12:55;
12,87;10;77,22;24/09/2026 12:55;
12,93;10;77,17;24/09/2026 12:55;
13,04;10;77,1;24/09/2026 12:55;
13,13;10;77,06;24/09/2026 12:55;
13,22;10;77,01;24/09/2026 12:55;
13,29;10;76,96;24/09/2026 12:55;
13,37;10;76,91;24/09/2026 12:55;
13,45;10;76,87;24/09/2026 12:55;
13,53;10;76,82;24/09/2026 12:55;
13,59;10;76,78;24/09/2026 12:55;
13,67;10;76,75;24/09/2026 12:55;
13,75;10;76,69;24/09/2026 12:55;
13,81;10;76,66;24/09/2026 12:55;
13,86;10;76,62;24/09/2026 12:55;
13,95;10;76,57;24/09/2026 12:55;
14;10;76,55;24/09/2026 12:55;
14;10;76,55;24/09/2026 12:55;
14,05;10;76,47;24/09/2026 12:55;
14,12;10;76,45;24/09/2026 12:55;
14,17;10;76,41;24/09/2026 12:55;
14,23;10;76,38;24/09/2026 12:55;
14,29;10;76,34;24/09/2026 12:55;
14,34;10;76,34;24/09/2026 12:55;
14,41;10;76,31;24/09/2026 12:55;
14,44;10;76,26;24/09/2026 12:55;
14,5;10;76,22;24/09/2026 12:55;
14,55;10;76,19;24/09/2026 12:55;
14,59;10;76,16;24/09/2026 12:55;
14,64;10;76,14;24/09/2026 12:55;
14,69;10;76,1;24/09/2026 12:55;
14,72;10;76,07;24/09/2026 12:55;
14,77;10;76,05;24/09/2026 12:55;
14,81;10;76,02;24/09/2026 12:55;
14,86;10;75,99;24/09/2026 12:55;
14,9;10;75,96;24/09/2026 12:56;
14,93;10;75,94;24/09/2026 12:56;
14,97;10;75,91;24/09/2026 12:56;
15;10;75,88;24/09/2026 12:56;
15,04;10;75,87;24/09/2026 12:56;
15,08;10;75,84;24/09/2026 12:56;
15,11;10;75,83;24/09/2026 12:56;
15,15;10;75,79;24/09/2026 12:56;
15,18;10;75,78;24/09/2026 12:56;
15,21;10;75,75;24/09/2026 12:56;
15,25;10;75,75;24/09/2026 12:56;
15,27;10;75,72;24/09/2026 12:56;
15,3;10;75,7;24/09/2026 12:56;
15,33;10;75,67;24/09/2026 12:56;
15,36;10;75,65;24/09/2026 12:56;
15,39;10;75,64;24/09/2026 12:56;
15,41;10;75,61;24/09/2026 12:56;
15,44;10;75,58;24/09/2026 12:56;
15,46;10;75,57;24/09/2026 12:56;
15,49;10;75,55;24/09/2026 12:56;
15,51;10;75,52;24/09/2026 12:56;
15,53;10;75,51;24/09/2026 12:56;
15,56;10;75,47;24/09/2026 12:56;
15,58;10;75,46;24/09/2026 12:56;
15,6;10;75,44;24/09/2026 12:56;
15,61;10;75,42;24/09/2026 12:56;
15,64;10;75,4;24/09/2026 12:56;
15,66;10;75,37;24/09/2026 12:56;
15,68;10;75,35;24/09/2026 12:56;
15,69;10;75,34;24/09/2026 12:56;
15,72;10;75,32;24/09/2026 12:56;
15,74;10;75,3;24/09/2026 12:56;
15,75;10;75,27;24/09/2026 12:56;
15,76;10;75,25;24/09/2026 12:56;
15,78;10;75,22;24/09/2026 12:56;
15,8;10;75,2;24/09/2026 12:56;
15,81;10;75,17;24/09/2026 12:56;
15,83;10;75,14;24/09/2026 12:56;
15,84;10;75,14;24/09/2026 12:56;
15,85;10;75,11;24/09/2026 12:56;
15,86;10;75,08;24/09/2026 12:56;
15,87;10;75,05;24/09/2026 12:56;
15,9;10;75,03;24/09/2026 12:56;
15,9;10;75,01;24/09/2026 12:56;
15,91;10;74,99;24/09/2026 12:56;
15,93;10;74,95;24/09/2026 12:56;
15,93;10;74,94;24/09/2026 12:56;
15,93;10;74,94;24/09/2026 12:56;
15,94;10;74,92;24/09/2026 12:56;
15,95;10;74,89;24/09/2026 12:56;
15,96;10;74,87;24/09/2026 12:56;
15,98;10;74,81;24/09/2026 12:56;
15,98;10;74,81;24/09/2026 12:56;
15,99;10;74,8;24/09/2026 12:56;
16;10;74,94;24/09/2026 12:56;
16,01;10;75,14;24/09/2026 12:56;
16,02;10;75,41;24/09/2026 12:56;
16,04;10;75,66;24/09/2026 12:56;
16,05;10;75,93;24/09/2026 12:56;
16,07;10;76,16;24/09/2026 12:56;
16,09;10;76,36;24/09/2026 12:57;
16,11;10;76,53;24/09/2026 12:57;
16,13;10;76,65;24/09/2026 12:57;
16,15;10;76,77;24/09/2026 12:57;
16,18;10;76,87;24/09/2026 12:57;
16,2;10;76,97;24/09/2026 12:57;
16,22;10;77,06;24/09/2026 12:57;
16,24;10;77,14;24/09/2026 12:57;
16,26;10;77,22;24/09/2026 12:57;
16,29;10;77,29;24/09/2026 12:57;
16,31;10;77,36;24/09/2026 12:57;
16,33;10;77,41;24/09/2026 12:57;
16,35;10;77,44;24/09/2026 12:57;
16,38;10;77,47;24/09/2026 12:57;
16,4;10;77,47;24/09/2026 12:57;
16,42;10;77,47;24/09/2026 12:57;
16,43;10;77,44;24/09/2026 12:57;
16,45;10;77,4;24/09/2026 12:57;
16,47;10;77,36;24/09/2026 12:57;
16,49;10;77,3;24/09/2026 12:57;
16,51;10;77,24;24/09/2026 12:57;
16,52;10;77,18;24/09/2026 12:57;
16,54;10;77,12;24/09/2026 12:57;
16,55;10;77,08;24/09/2026 12:57;
16,56;10;77,02;24/09/2026 12:57;
16,57;10;76,98;24/09/2026 12:57;
16,58;10;76,93;24/09/2026 12:57;
16,6;10;76,89;24/09/2026 12:57;
16,6;10;76,85;24/09/2026 12:57;
16,62;10;76,8;24/09/2026 12:57;
16,63;10;76,76;24/09/2026 12:57;
16,63;10;76,71;24/09/2026 12:57;
16,68;20,01;74,47;24/09/2026 12:57;
17,02;20,01;72,7;24/09/2026 12:57;
17,38;20,01;72,72;24/09/2026 12:57;
17,79;20,01;72,72;24/09/2026 12:57;
18,13;20,01;72,72;24/09/2026 12:57;
18,39;20,01;72,72;24/09/2026 12:57;
18,76;20,01;72,71;24/09/2026 12:57;
19,06;20,01;72,7;24/09/2026 12:57;
19,29;20,01;72,7;24/09/2026 12:57;
19,57;20,01;72,67;24/09/2026 12:57;
19,86;20,01;72,66;24/09/2026 12:57;
20,09;20,01;72,65;24/09/2026 12:57;
20,09;20,01;72,65;24/09/2026 12:57;
20,35;20,01;72,64;24/09/2026 12:57;
20,59;20,01;72,63;24/09/2026 12:57;
20,82;20,01;72,62;24/09/2026 12:57;
21,05;20,01;72,61;24/09/2026 12:57;
21,27;20,01;72,6;24/09/2026 12:57;
21,47;20,01;72,59;24/09/2026 12:57;
21,68;20,01;72,57;24/09/2026 12:57;
21,85;20,01;72,6;24/09/2026 12:57;
22,07;20,01;72,55;24/09/2026 12:57;
22,27;20,01;72,55;24/09/2026 12:57;
22,46;20,01;72,52;24/09/2026 12:57;
22,65;20,01;72,51;24/09/2026 12:57;
22,83;20,01;72,49;24/09/2026 12:57;
23,01;20,01;72,49;24/09/2026 12:57;
23,18;20,01;72,47;24/09/2026 12:57;
23,35;20,01;72,46;24/09/2026 12:58;
23,51;20,01;72,45;24/09/2026 12:58;
23,65;20,01;72,43;24/09/2026 12:58;
23,83;20,01;72,43;24/09/2026 12:58;
23,92;20,01;72,42;24/09/2026 12:58;
24,06;20,01;72,41;24/09/2026 12:58;
24,27;20,01;72,39;24/09/2026 12:58;
24,42;20,01;72,38;24/09/2026 12:58;
24,54;20,01;72,36;24/09/2026 12:58;
24,69;20,01;72,35;24/09/2026 12:58;
24,8;20,01;72,35;24/09/2026 12:58;
24,94;20,01;72,33;24/09/2026 12:58;
25,08;20,01;72,33;24/09/2026 12:58;
25,2;20,01;72,36;24/09/2026 12:58;
25,3;20,01;72,34;24/09/2026 12:58;
25,44;20,01;72,3;24/09/2026 12:58;
25,55;20,01;72,3;24/09/2026 12:58;
25,67;20,01;72,26;24/09/2026 12:58;
25,77;20,01;72,3;24/09/2026 12:58;
25,9;20,01;72,25;24/09/2026 12:58;
26;20,01;72,24;24/09/2026 12:58;
26,11;20,01;72,23;24/09/2026 12:58;
26,2;20,01;72,23;24/09/2026 12:58;
26,3;20,01;72,22;24/09/2026 12:58;
26,4;20,01;72,21;24/09/2026 12:58;
26,48;20,01;72,23;24/09/2026 12:58;
26,59;20,01;72,21;24/09/2026 12:58;
26,67;20,01;72,2;24/09/2026 12:58;
26,75;20,01;72,19;24/09/2026 12:58;
26,85;20,01;72,15;24/09/2026 12:58;
26,93;20,01;72,14;24/09/2026 12:58;
27,02;20,01;72,12;24/09/2026 12:58;
27,09;20,01;72,12;24/09/2026 12:58;
27,17;20,01;72,1;24/09/2026 12:58;
27,24;20,01;72,08;24/09/2026 12:58;
27,32;20,01;72,07;24/09/2026 12:58;
27,39;20,01;72,04;24/09/2026 12:58;
27,46;20,01;72,02;24/09/2026 12:58;
27,54;20,01;72,02;24/09/2026 12:58;
27,61;20,01;72,02;24/09/2026 12:58;
27,66;20,01;72,03;24/09/2026 12:58;
27,73;20,01;71,97;24/09/2026 12:58;
27,79;20,01;72,07;24/09/2026 12:58;
27,87;20,01;72,2;24/09/2026 12:58;
27,87;20,01;72,2;24/09/2026 12:58;
28;20,01;72,66;24/09/2026 12:58;
28,07;20,01;72,92;24/09/2026 12:58;
28,14;20,01;73,16;24/09/2026 12:58;
28,14;20,01;73,16;24/09/2026 12:58;
28,21;20,01;73,33;24/09/2026 12:58;
28,28;20,01;73,47;24/09/2026 12:58;
28,36;20,01;73,54;24/09/2026 12:58;
28,43;20,01;73,63;24/09/2026 12:58;
28,49;20,01;73,68;24/09/2026 12:58;
28,57;20,01;73,76;24/09/2026 12:58;
28,65;20,01;73,84;24/09/2026 12:58;
28,71;20,01;73,92;24/09/2026 12:58;
28,77;20,01;73,99;24/09/2026 12:58;
28,85;20,01;74,06;24/09/2026 12:58;
28,92;20,01;74,15;24/09/2026 12:58;
28,99;20,01;74,2;24/09/2026 12:59;
29,06;20,01;74,27;24/09/2026 12:59;
29,13;20,01;74,31;24/09/2026 12:59;
29,19;20,01;74,34;24/09/2026 12:59;
29,24;20,01;74,36;24/09/2026 12:59;
29,31;20,01;74,34;24/09/2026 12:59;
29,37;20,01;74,31;24/09/2026 12:59;
29,42;20,01;74,28;24/09/2026 12:59;
29,47;20,01;74,22;24/09/2026 12:59;
29,53;20,01;74,17;24/09/2026 12:59;
29,59;20,01;74,11;24/09/2026 12:59;
29,63;20,01;74,08;24/09/2026 12:59;
29,68;20,01;74;24/09/2026 12:59;
29,73;20,01;73,96;24/09/2026 12:59;
29,76;20,01;73,91;24/09/2026 12:59;
29,81;20,01;73,86;24/09/2026 12:59;
29,86;20,01;73,82;24/09/2026 12:59;
29,89;20,01;73,77;24/09/2026 12:59;
29,92;20,01;73,71;24/09/2026 12:59;
29,97;20,01;73,68;24/09/2026 12:59;
30;20,01;73,66;24/09/2026 12:59;
30,04;20,01;73,6;24/09/2026 12:59;
30,06;20,01;73,57;24/09/2026 12:59;
30,09;20,01;73,5;24/09/2026 12:59;
30,12;20,01;73,46;24/09/2026 12:59;
30,16;20,01;73,43;24/09/2026 12:59;
30,19;20,01;73,42;24/09/2026 12:59;
30,22;20,01;73,37;24/09/2026 12:59;
30,24;20,01;73,33;24/09/2026 12:59;
30,26;20,01;73,28;24/09/2026 12:59;
30,29;20,01;73,24;24/09/2026 12:59;
30,31;20,01;73,22;24/09/2026 12:59;
30,33;20,01;73,18;24/09/2026 12:59;
30,34;20,01;73,14;24/09/2026 12:59;
30,37;20,01;73,09;24/09/2026 12:59;
30,39;20,01;73,06;24/09/2026 12:59;
30,4;20,01;73,04;24/09/2026 12:59;
30,42;20,01;73,01;24/09/2026 12:59;
30,44;20,01;72,95;24/09/2026 12:59;
30,45;20,01;72,93;24/09/2026 12:59;
30,47;20,01;72,91;24/09/2026 12:59;
30,49;20,01;72,86;24/09/2026 12:59;
30,49;20,01;72,84;24/09/2026 12:59;
30,51;20,01;72,8;24/09/2026 12:59;
30,52;20,01;72,76;24/09/2026 12:59;
30,53;20,01;72,75;24/09/2026 12:59;
30,54;20,01;72,72;24/09/2026 12:59;
30,55;20,01;72,7;24/09/2026 12:59;
30,56;20,01;72,72;24/09/2026 12:59;
30,59;20,01;72,68;24/09/2026 12:59;
30,58;20,01;72,66;24/09/2026 12:59;
30,6;20,01;72,62;24/09/2026 12:59;
30,6;20,01;72,62;24/09/2026 12:59;
30,61;20,01;72,61;24/09/2026 12:59;
30,61;20,01;72,59;24/09/2026 12:59;
30,62;20,01;72,56;24/09/2026 12:59;
30,62;20,01;72,55;24/09/2026 12:59;
30,64;20,01;72,54;24/09/2026 12:59;
30,64;20,01;72,52;24/09/2026 12:59;
30,65;20,01;72,49;24/09/2026 12:59;
30,65;20,01;72,47;24/09/2026 13:00;
30,66;20,01;72,45;24/09/2026 13:00;
30,66;20,01;72,43;24/09/2026 13:00;
30,67;20,01;72,43;24/09/2026 13:00;
30,67;20,01;72,45;24/09/2026 13:00;
30,68;20,01;72,43;24/09/2026 13:00;
30,68;20,01;72,42;24/09/2026 13:00;
30,69;20,01;72,38;24/09/2026 13:00;
30,7;20,01;72,35;24/09/2026 13:00;
30,7;20,01;72,33;24/09/2026 13:00;
30,7;20,01;72,33;24/09/2026 13:00;
30,71;20,01;72,3;24/09/2026 13:00;
30,7;20,01;72,29;24/09/2026 13:00;
30,7;20,01;72,28;24/09/2026 13:00;
30,71;20,01;72,26;24/09/2026 13:00;
30,72;20,01;72,24;24/09/2026 13:00;
30,71;20,01;72,24;24/09/2026 13:00;
30,72;20,01;72,22;24/09/2026 13:00;
30,72;20,01;72,2;24/09/2026 13:00;
30,72;20,01;72,19;24/09/2026 13:00;
30,72;20,01;72,18;24/09/2026 13:00;
30,72;20,01;72,15;24/09/2026 13:00;
30,72;20,01;72,13;24/09/2026 13:00;
30,72;20,01;72,13;24/09/2026 13:00;
30,72;20,01;72,11;24/09/2026 13:00;
30,72;20,01;72,09;24/09/2026 13:00;
30,72;20,01;72,08;24/09/2026 13:00;
30,72;20,01;72,07;24/09/2026 13:00;
30,72;20,01;72,03;24/09/2026 13:00;
30,72;20,01;72,03;24/09/2026 13:00;
30,72;20,01;72;24/09/2026 13:00;
30,72;20,01;72,1;24/09/2026 13:00;
30,74;30;71,12;24/09/2026 13:00;
30,98;30;69,95;24/09/2026 13:00;
31,33;30;69,98;24/09/2026 13:00;
31,64;30;70,25;24/09/2026 13:00;
31,95;30;70,49;24/09/2026 13:00;
32,24;30;70,76;24/09/2026 13:00;
32,53;30;71;24/09/2026 13:00;
32,78;30;71,16;24/09/2026 13:00;
32,99;30;71,35;24/09/2026 13:00;
33,29;30;71,47;24/09/2026 13:00;
33,51;30;71,51;24/09/2026 13:00;
33,75;30;71,59;24/09/2026 13:00;
33,98;30;71,66;24/09/2026 13:00;
34,2;30;71,7;24/09/2026 13:00;
34,2;30;71,7;24/09/2026 13:00;
34,61;30;71,81;24/09/2026 13:00;
34,81;30;71,91;24/09/2026 13:00;
34,96;30;71,95;24/09/2026 13:00;
34,96;30;71,95;24/09/2026 13:00;
35,16;30;71,93;24/09/2026 13:00;
35,33;30;71,99;24/09/2026 13:00;
35,51;30;71,98;24/09/2026 13:00;
35,65;30;71,99;24/09/2026 13:00;
35,82;30;71,99;24/09/2026 13:00;
35,98;30;71,94;24/09/2026 13:00;
36,13;30;71,94;24/09/2026 13:00;
36,27;30;71,91;24/09/2026 13:00;
36,42;30;71,92;24/09/2026 13:00;
36,53;30;71,84;24/09/2026 13:01;
36,65;30;71,82;24/09/2026 13:01;
36,8;30;71,78;24/09/2026 13:01;
36,89;30;71,76;24/09/2026 13:01;
37,02;30;71,74;24/09/2026 13:01;
37,13;30;71,72;24/09/2026 13:01;
37,24;30;71,68;24/09/2026 13:01;
37,32;30;71,67;24/09/2026 13:01;
37,44;30;71,68;24/09/2026 13:01;
37,53;30;71,61;24/09/2026 13:01;
37,63;30;71,58;24/09/2026 13:01;
37,7;30;71,56;24/09/2026 13:01;
37,8;30;71,53;24/09/2026 13:01;
37,89;30;71,5;24/09/2026 13:01;
37,96;30;71,48;24/09/2026 13:01;
38,02;30;71,43;24/09/2026 13:01;
38,11;30;71,41;24/09/2026 13:01;
38,16;30;71,39;24/09/2026 13:01;
38,24;30;71,37;24/09/2026 13:01;
38,32;30;71,33;24/09/2026 13:01;
38,36;30;71,31;24/09/2026 13:01;
38,43;30;71,27;24/09/2026 13:01;
38,49;30;71,25;24/09/2026 13:01;
38,53;30;71,21;24/09/2026 13:01;
38,61;30;71,21;24/09/2026 13:01;
38,64;30;71,17;24/09/2026 13:01;
38,7;30;71,16;24/09/2026 13:01;
38,73;30;71,12;24/09/2026 13:01;
38,8;30;71,1;24/09/2026 13:01;
38,83;30;71,08;24/09/2026 13:01;
38,88;30;71,04;24/09/2026 13:01;
38,9;30;71,03;24/09/2026 13:01;
38,96;30;70,98;24/09/2026 13:01;
38,97;30;70,98;24/09/2026 13:01;
39,02;30;70,95;24/09/2026 13:01;
39,05;30;70,93;24/09/2026 13:01;
39,09;30;70,91;24/09/2026 13:01;
39,12;30;70,88;24/09/2026 13:01;
39,15;30;70,86;24/09/2026 13:01;
39,17;30;70,86;24/09/2026 13:01;
39,21;30;70,83;24/09/2026 13:01;
39,23;30;70,81;24/09/2026 13:01;
39,25;30;70,79;24/09/2026 13:01;
39,28;30;70,77;24/09/2026 13:01;
39,29;30;70,75;24/09/2026 13:01;
39,32;30;70,76;24/09/2026 13:01;
39,32;30;70,76;24/09/2026 13:01;
39,35;30;70,75;24/09/2026 13:01;
39,37;30;70,74;24/09/2026 13:01;
39,39;30;70,72;24/09/2026 13:01;
39,42;30;70,69;24/09/2026 13:01;
39,43;30;70,7;24/09/2026 13:01;
39,43;30;70,7;24/09/2026 13:01;
39,47;30;70,69;24/09/2026 13:01;
39,49;30;70,64;24/09/2026 13:01;
39,51;30;70,64;24/09/2026 13:01;
39,51;30;70,64;24/09/2026 13:01;
39,52;30;70,62;24/09/2026 13:01;
39,52;30;70,59;24/09/2026 13:01;
39,55;30;70,64;24/09/2026 13:01;
39,55;30;70,6;24/09/2026 13:02;
39,57;30;70,57;24/09/2026 13:02;
39,58;30;70,55;24/09/2026 13:02;
39,6;30;70,54;24/09/2026 13:02;
39,61;30;70,53;24/09/2026 13:02;
39,61;30;70,52;24/09/2026 13:02;
39,63;30;70,49;24/09/2026 13:02;
39,64;30;70,48;24/09/2026 13:02;
39,65;30;70,45;24/09/2026 13:02;
39,65;30;70,45;24/09/2026 13:02;
39,66;30;70,45;24/09/2026 13:02;
39,66;30;70,43;24/09/2026 13:02;
39,68;30;70,43;24/09/2026 13:02;
39,67;30;70,39;24/09/2026 13:02;
39,68;30;70,37;24/09/2026 13:02;
39,69;30;70,37;24/09/2026 13:02;
39,69;30;70,35;24/09/2026 13:02;
39,69;30;70,43;24/09/2026 13:02;
39,69;30;70,58;24/09/2026 13:02;
39,71;30;70,77;24/09/2026 13:02;
39,73;30;71;24/09/2026 13:02;
39,76;30;71,21;24/09/2026 13:02;
39,79;30;71,41;24/09/2026 13:02;
39,82;30;71,62;24/09/2026 13:02;
39,86;30;71,81;24/09/2026 13:02;
39,9;30;71,94;24/09/2026 13:02;
39,94;30;72,02;24/09/2026 13:02;
39,98;30;72,09;24/09/2026 13:02;
40;30;72,14;24/09/2026 13:02;
40,05;30;72,15;24/09/2026 13:02;
40,08;30;72,23;24/09/2026 13:02;
40,12;30;72,25;24/09/2026 13:02;
40,16;30;72,29;24/09/2026 13:02;
40,2;30;72,32;24/09/2026 13:02;
40,23;30;72,38;24/09/2026 13:02;
40,25;30;72,43;24/09/2026 13:02;
40,3;30;72,45;24/09/2026 13:02;
40,32;30;72,46;24/09/2026 13:02;
40,35;30;72,47;24/09/2026 13:02;
40,38;30;72,47;24/09/2026 13:02;
40,42;30;72,46;24/09/2026 13:02;
40,45;30;72,46;24/09/2026 13:02;
40,48;30;72,39;24/09/2026 13:02;
40,49;30;72,33;24/09/2026 13:02;
40,51;30;72,29;24/09/2026 13:02;
40,54;30;72,26;24/09/2026 13:02;
40,55;30;72,22;24/09/2026 13:02;
40,57;30;72,16;24/09/2026 13:02;
40,57;30;72,11;24/09/2026 13:02;
40,59;30;72,08;24/09/2026 13:02;
40,59;30;72,07;24/09/2026 13:02;
40,61;30;71,99;24/09/2026 13:02;
40,63;30;71,97;24/09/2026 13:02;
40,63;30;71,92;24/09/2026 13:02;
40,63;30;71,89;24/09/2026 13:02;
40,64;30;71,84;24/09/2026 13:02;
40,64;30;71,81;24/09/2026 13:02;
40,65;30;71,77;24/09/2026 13:02;
40,66;30;71,73;24/09/2026 13:02;
40,66;30;71,73;24/09/2026 13:02;
40,66;30;71,69;24/09/2026 13:03;
40,65;30;71,68;24/09/2026 13:03;
40,66;30;71,62;24/09/2026 13:03;
40,65;30;71,58;24/09/2026 13:03;
40,65;30;71,53;24/09/2026 13:03;
40,65;30;71,5;24/09/2026 13:03;
40,65;30;71,47;24/09/2026 13:03;
40,65;30;71,45;24/09/2026 13:03;
40,63;30;71,4;24/09/2026 13:03;
40,63;30;71,37;24/09/2026 13:03;
40,63;30;71,35;24/09/2026 13:03;
40,63;30;71,36;24/09/2026 13:03;
40,62;30;71,29;24/09/2026 13:03;
40,62;30;71,25;24/09/2026 13:03;
40,6;30;71,21;24/09/2026 13:03;
40,59;30;71,19;24/09/2026 13:03;
40,6;30;71,17;24/09/2026 13:03;
40,59;30;71,15;24/09/2026 13:03;
40,58;30;71,11;24/09/2026 13:03;
40,57;30;71,09;24/09/2026 13:03;
40,57;30;71,08;24/09/2026 13:03;
40,56;30;71,06;24/09/2026 13:03;
40,54;30;71,07;24/09/2026 13:03;
40,54;30;71,03;24/09/2026 13:03;
40,54;30;70,99;24/09/2026 13:03;
40,52;30;70,98;24/09/2026 13:03;
40,51;30;70,97;24/09/2026 13:03;
40,52;30;70,94;24/09/2026 13:03;
40,51;30;70,91;24/09/2026 13:03;
40,49;30;70,9;24/09/2026 13:03;
40,48;30;70,88;24/09/2026 13:03;
40,46;30;70,88;24/09/2026 13:03;
40,46;40;70,73;24/09/2026 13:03;
40,57;40;69,59;24/09/2026 13:03;
40,79;40;69,13;24/09/2026 13:03;
40,99;40;69,17;24/09/2026 13:03;
41,18;40;69,18;24/09/2026 13:03;
41,37;40;69,18;24/09/2026 13:03;
41,54;40;69,18;24/09/2026 13:03;
41,65;40;69,19;24/09/2026 13:03;
41,84;40;69,21;24/09/2026 13:03;
41,97;40;69,22;24/09/2026 13:03;
42,09;40;69,22;24/09/2026 13:03;
42,2;40;69,23;24/09/2026 13:03;
42,31;40;69,24;24/09/2026 13:03;
42,42;40;69,29;24/09/2026 13:03;
42,48;40;69,23;24/09/2026 13:03;
42,61;40;69,25;24/09/2026 13:03;
42,7;40;69,25;24/09/2026 13:03;
42,77;40;69,24;24/09/2026 13:03;
42,86;40;69,24;24/09/2026 13:03;
42,94;40;69,22;24/09/2026 13:03;
43;40;69,24;24/09/2026 13:03;
43,08;40;69,24;24/09/2026 13:03;
43,15;40;69,25;24/09/2026 13:03;
43,2;40;69,23;24/09/2026 13:03;
43,25;40;69,23;24/09/2026 13:03;
43,31;40;69,23;24/09/2026 13:03;
43,38;40;69,22;24/09/2026 13:03;
43,44;40;69,22;24/09/2026 13:03;
43,49;40;69,2;24/09/2026 13:04;
43,54;40;69,3;24/09/2026 13:04;
43,59;40;69,41;24/09/2026 13:04;
43,64;40;69,53;24/09/2026 13:04;
43,69;40;69,75;24/09/2026 13:04;
43,77;40;69,97;24/09/2026 13:04;
43,83;40;70,2;24/09/2026 13:04;
43,9;40;70,39;24/09/2026 13:04;
43,9;40;70,39;24/09/2026 13:04;
43,99;40;70,57;24/09/2026 13:04;
44,04;40;70,73;24/09/2026 13:04;
44,14;40;70,85;24/09/2026 13:04;
44,23;40;70,86;24/09/2026 13:04;
44,29;40;70,94;24/09/2026 13:04;
44,39;40;70,99;24/09/2026 13:04;
44,46;40;71,05;24/09/2026 13:04;
44,52;40;71,09;24/09/2026 13:04;
44,56;40;71,15;24/09/2026 13:04;
44,66;40;71,21;24/09/2026 13:04;
44,73;40;71,24;24/09/2026 13:04;
44,79;40;71,29;24/09/2026 13:04;
44,85;40;71,33;24/09/2026 13:04;
44,93;40;71,37;24/09/2026 13:04;
44,98;40;71,38;24/09/2026 13:04;
45,04;40;71,39;24/09/2026 13:04;
45,1;40;71,38;24/09/2026 13:04;
45,13;40;71,37;24/09/2026 13:04;
45,18;40;71,33;24/09/2026 13:04;
45,23;40;71,29;24/09/2026 13:04;
45,25;40;71,26;24/09/2026 13:04;
45,3;40;71,22;24/09/2026 13:04;
45,35;40;71,17;24/09/2026 13:04;
45,37;40;71,17;24/09/2026 13:04;
45,39;40;71,11;24/09/2026 13:04;
45,43;40;71,09;24/09/2026 13:04;
45,44;40;71,06;24/09/2026 13:04;
45,48;40;71,01;24/09/2026 13:04;
45,49;40;70,99;24/09/2026 13:04;
45,52;40;71,01;24/09/2026 13:04;
45,53;40;70,97;24/09/2026 13:04;
45,54;40;70,94;24/09/2026 13:04;
45,57;40;70,86;24/09/2026 13:04;
45,57;40;70,83;24/09/2026 13:04;
45,58;40;70,8;24/09/2026 13:04;
45,6;40;70,76;24/09/2026 13:04;
45,6;40;70,73;24/09/2026 13:04;
45,61;40;70,68;24/09/2026 13:04;
45,6;40;70,66;24/09/2026 13:04;
45,62;40;70,63;24/09/2026 13:04;
45,62;40;70,59;24/09/2026 13:04;
45,62;40;70,55;24/09/2026 13:04;
45,63;40;70,53;24/09/2026 13:04;
45,62;40;70,48;24/09/2026 13:04;
45,63;40;70,45;24/09/2026 13:04;
45,62;40;70,42;24/09/2026 13:04;
45,63;40;70,38;24/09/2026 13:04;
45,62;40;70,35;24/09/2026 13:04;
45,62;40;70,32;24/09/2026 13:04;
45,61;40;70,27;24/09/2026 13:04;
45,61;40;70,25;24/09/2026 13:04;
45,62;40;70,23;24/09/2026 13:05;
45,59;40;70,2;24/09/2026 13:05;
45,59;40;70,18;24/09/2026 13:05;
45,59;40;70,16;24/09/2026 13:05;
45,57;40;70,13;24/09/2026 13:05;
45,57;40;70,12;24/09/2026 13:05;
45,57;40;70,12;24/09/2026 13:05;
45,55;40;70,13;24/09/2026 13:05;
45,55;40;70,13;24/09/2026 13:05;
45,54;40;70,04;24/09/2026 13:05;
45,54;40;70,04;24/09/2026 13:05;
45,53;40;70,03;24/09/2026 13:05;
45,52;40;70,02;24/09/2026 13:05;
45,52;40;69,98;24/09/2026 13:05;
45,51;40;70;24/09/2026 13:05;
45,5;40;69,96;24/09/2026 13:05;
45,49;40;69,95;24/09/2026 13:05;
45,49;40;69,94;24/09/2026 13:05;
45,48;40;69,98;24/09/2026 13:05;
45,48;40;69,91;24/09/2026 13:05;
45,47;40;69,87;24/09/2026 13:05;
45,44;40;69,87;24/09/2026 13:05;
45,45;40;69,86;24/09/2026 13:05;
45,44;40;69,85;24/09/2026 13:05;
45,43;40;69,82;24/09/2026 13:05;
45,42;40;69,81;24/09/2026 13:05;
45,4;40;69,79;24/09/2026 13:05;
45,4;40;69,77;24/09/2026 13:05;
45,39;40;69,76;24/09/2026 13:05;
45,38;40;69,75;24/09/2026 13:05;
45,37;40;69,72;24/09/2026 13:05;
45,37;40;69,7;24/09/2026 13:05;
45,35;40;69,7;24/09/2026 13:05;
45,33;40;69,67;24/09/2026 13:05;
45,33;40;69,66;24/09/2026 13:05;
45,32;40;69,64;24/09/2026 13:05;
45,3;40;69,65;24/09/2026 13:05;
45,3;40;69,62;24/09/2026 13:05;
45,3;40;69,59;24/09/2026 13:05;
45,27;40;69,59;24/09/2026 13:05;
45,27;40;69,56;24/09/2026 13:05;
45,26;40;69,54;24/09/2026 13:05;
45,26;40;69,53;24/09/2026 13:05;
45,24;40;69,51;24/09/2026 13:05;
45,23;40;69,5;24/09/2026 13:05;
45,21;40;69,48;24/09/2026 13:05;
45,22;40;69,52;24/09/2026 13:05;
45,21;40;69,7;24/09/2026 13:05;
45,2;40;69,81;24/09/2026 13:05;
45,22;40;70;24/09/2026 13:05;
45,23;40;70,23;24/09/2026 13:05;
45,26;40;70,43;24/09/2026 13:05;
45,29;40;70,64;24/09/2026 13:05;
45,31;40;70,77;24/09/2026 13:05;
45,37;40;70,91;24/09/2026 13:05;
45,4;40;71;24/09/2026 13:05;
45,44;40;71,08;24/09/2026 13:05;
45,48;40;71,16;24/09/2026 13:05;
45,52;40;71,19;24/09/2026 13:05;
45,55;40;71,24;24/09/2026 13:05;
45,6;40;71,29;24/09/2026 13:06;
45,63;40;71,41;24/09/2026 13:06;
45,66;40;71,39;24/09/2026 13:06;
45,7;40;71,43;24/09/2026 13:06;
45,73;40;71,49;24/09/2026 13:06;
45,76;40;71,51;24/09/2026 13:06;
45,8;40;71,53;24/09/2026 13:06;
45,83;40;71,55;24/09/2026 13:06;
45,86;40;71,53;24/09/2026 13:06;
45,87;40;71,53;24/09/2026 13:06;
45,91;40;71,51;24/09/2026 13:06;
45,91;40;71,51;24/09/2026 13:06;
45,92;40;71,49;24/09/2026 13:06;
45,96;40;71,47;24/09/2026 13:06;
45,96;40;71,4;24/09/2026 13:06;
45,99;40;71,35;24/09/2026 13:06;
46;40;71,3;24/09/2026 13:06;
46,02;40;71,22;24/09/2026 13:06;
46,01;40;71,19;24/09/2026 13:06;
46,01;40;71,19;24/09/2026 13:06;
46,02;40;71,16;24/09/2026 13:06;
46,02;40;71,11;24/09/2026 13:06;
46,02;40;71,06;24/09/2026 13:06;
46,03;40;71,04;24/09/2026 13:06;
46,04;40;70,99;24/09/2026 13:06;
46,04;40;70,95;24/09/2026 13:06;
46,04;40;70,91;24/09/2026 13:06;
46,01;40;70,88;24/09/2026 13:06;
46,02;40;70,84;24/09/2026 13:06;
46,01;40;70,8;24/09/2026 13:06;
46,01;40;70,76;24/09/2026 13:06;
46;40;70,72;24/09/2026 13:06;
45,98;50,01;70,68;24/09/2026 13:06;
46,04;50,01;69,67;24/09/2026 13:06;
46,15;50,01;69,24;24/09/2026 13:06;
46,27;50,01;69,19;24/09/2026 13:06;
46,4;50,01;69,2;24/09/2026 13:06;
46,49;50,01;69,2;24/09/2026 13:06;
46,56;50,01;69,24;24/09/2026 13:06;
46,69;50,01;69,24;24/09/2026 13:06;
46,76;50,01;69,23;24/09/2026 13:06;
46,85;50,01;69,23;24/09/2026 13:06;
46,92;50,01;69,22;24/09/2026 13:06;
46,99;50,01;69,22;24/09/2026 13:06;
47,04;50,01;69,24;24/09/2026 13:06;
47,09;50,01;69,24;24/09/2026 13:06;
47,16;50,01;69,25;24/09/2026 13:06;
47,21;50,01;69,25;24/09/2026 13:06;
47,26;50,01;69,25;24/09/2026 13:06;
47,31;50,01;69,24;24/09/2026 13:06;
47,33;50,01;69,24;24/09/2026 13:06;
47,39;50,01;69,24;24/09/2026 13:06;
47,43;50,01;69,29;24/09/2026 13:06;
47,45;50,01;69,24;24/09/2026 13:06;
47,48;50,01;69,23;24/09/2026 13:06;
47,53;50,01;69,23;24/09/2026 13:06;
47,54;50,01;69,22;24/09/2026 13:06;
47,58;50,01;69,23;24/09/2026 13:06;
47,6;50,01;69,2;24/09/2026 13:06;
47,62;50,01;69,2;24/09/2026 13:06;
47,64;50,01;69,21;24/09/2026 13:07;
47,67;50,01;69,21;24/09/2026 13:07;
47,69;50,01;69,2;24/09/2026 13:07;
47,7;50,01;69,18;24/09/2026 13:07;
47,72;50,01;69,18;24/09/2026 13:07;
47,73;50,01;69,19;24/09/2026 13:07;
47,75;50,01;69,15;24/09/2026 13:07;
47,77;50,01;69,14;24/09/2026 13:07;
47,78;50,01;69,12;24/09/2026 13:07;
47,79;50,01;69,12;24/09/2026 13:07;
47,79;50,01;69,11;24/09/2026 13:07;
47,82;50,01;69,09;24/09/2026 13:07;
47,83;50,01;69,08;24/09/2026 13:07;
47,83;50,01;69,07;24/09/2026 13:07;
47,83;50,01;69,04;24/09/2026 13:07;
47,84;50,01;69,04;24/09/2026 13:07;
47,84;50,01;69,04;24/09/2026 13:07;
47,85;50,01;69,02;24/09/2026 13:07;
47,86;50,01;69,01;24/09/2026 13:07;
47,84;50,01;69;24/09/2026 13:07;
47,86;50,01;68,98;24/09/2026 13:07;
47,86;50,01;68,97;24/09/2026 13:07;
47,87;50,01;68,97;24/09/2026 13:07;
47,86;50,01;68,96;24/09/2026 13:07;
47,87;50,01;68,92;24/09/2026 13:07;
47,87;50,01;68,92;24/09/2026 13:07;
47,87;50,01;68,91;24/09/2026 13:07;
47,87;50,01;68,88;24/09/2026 13:07;
47,88;50,01;68,88;24/09/2026 13:07;
47,86;50,01;68,86;24/09/2026 13:07;
47,87;50,01;68,89;24/09/2026 13:07;
47,87;50,01;69,01;24/09/2026 13:07;
47,87;50,01;69,13;24/09/2026 13:07;
47,89;50,01;69,35;24/09/2026 13:07;
47,94;50,01;69,56;24/09/2026 13:07;
47,96;50,01;69,74;24/09/2026 13:07;
48,01;50,01;69,91;24/09/2026 13:07;
48,05;50,01;70,07;24/09/2026 13:07;
48,09;50,01;70,23;24/09/2026 13:07;
48,16;50,01;70,31;24/09/2026 13:07;
48,2;50,01;70,38;24/09/2026 13:07;
48,27;50,01;70,45;24/09/2026 13:07;
48,31;50,01;70,5;24/09/2026 13:07;
48,35;50,01;70,58;24/09/2026 13:07;
48,42;50,01;70,63;24/09/2026 13:07;
48,45;50,01;70,68;24/09/2026 13:07;
48,51;50,01;70,72;24/09/2026 13:07;
48,55;50,01;70,78;24/09/2026 13:07;
48,6;50,01;70,81;24/09/2026 13:07;
48,63;50,01;70,83;24/09/2026 13:07;
48,69;50,01;70,86;24/09/2026 13:07;
48,73;50,01;70,88;24/09/2026 13:07;
48,77;50,01;70,91;24/09/2026 13:07;
48,81;50,01;70,89;24/09/2026 13:07;
48,83;50,01;70,88;24/09/2026 13:07;
48,85;50,01;70,91;24/09/2026 13:07;
48,89;50,01;70,83;24/09/2026 13:07;
48,92;50,01;70,77;24/09/2026 13:07;
48,93;50,01;70,74;24/09/2026 13:07;
48,95;50,01;70,69;24/09/2026 13:07;
48,96;50,01;70,66;24/09/2026 13:08;
48,96;50,01;70,62;24/09/2026 13:08;
48,99;50,01;70,57;24/09/2026 13:08;
49;50,01;70,56;24/09/2026 13:08;
48,99;50,01;70,52;24/09/2026 13:08;
49;50,01;70,48;24/09/2026 13:08;
48,99;50,01;70,48;24/09/2026 13:08;
49,01;50,01;70,41;24/09/2026 13:08;
49,02;50,01;70,37;24/09/2026 13:08;
48,99;50,01;70,33;24/09/2026 13:08;
49;50,01;70,29;24/09/2026 13:08;
49;50,01;70,31;24/09/2026 13:08;
49;50,01;70,31;24/09/2026 13:08;
48,99;50,01;70,24;24/09/2026 13:08;
48,99;50,01;70,2;24/09/2026 13:08;
48,98;50,01;70,16;24/09/2026 13:08;
48,97;50,01;70,17;24/09/2026 13:08;
48,96;50,01;70,1;24/09/2026 13:08;
48,95;50,01;70,06;24/09/2026 13:08;
48,95;50,01;70,02;24/09/2026 13:08;
48,94;50,01;70;24/09/2026 13:08;
48,92;50,01;69,95;24/09/2026 13:08;
48,91;50,01;69,93;24/09/2026 13:08;
48,89;50,01;69,89;24/09/2026 13:08;
48,89;50,01;69,86;24/09/2026 13:08;
48,87;50,01;69,83;24/09/2026 13:08;
48,86;50,01;69,81;24/09/2026 13:08;
48,84;50,01;69,76;24/09/2026 13:08;
48,81;50,01;69,74;24/09/2026 13:08;
48,81;50,01;69,71;24/09/2026 13:08;
48,8;50,01;69,69;24/09/2026 13:08;
48,78;50,01;69,65;24/09/2026 13:08;
48,76;50,01;69,63;24/09/2026 13:08;
48,75;50,01;69,61;24/09/2026 13:08;
48,73;50,01;69,61;24/09/2026 13:08;
48,72;50,01;69,58;24/09/2026 13:08;
48,7;50,01;69,54;24/09/2026 13:08;
48,69;50,01;69,53;24/09/2026 13:08;
48,68;50,01;69,52;24/09/2026 13:08;
48,67;50,01;69,5;24/09/2026 13:08;
48,64;50,01;69,49;24/09/2026 13:08;
48,64;50,01;69,46;24/09/2026 13:08;
48,62;50,01;69,45;24/09/2026 13:08;
48,61;50,01;69,43;24/09/2026 13:08;
48,6;50,01;69,42;24/09/2026 13:08;
48,58;50,01;69,42;24/09/2026 13:08;
48,56;50,01;69,38;24/09/2026 13:08;
48,55;50,01;69,37;24/09/2026 13:08;
48,55;50,01;69,37;24/09/2026 13:08;
48,53;50,01;69,34;24/09/2026 13:08;
48,51;50,01;69,32;24/09/2026 13:08;
48,5;50,01;69,31;24/09/2026 13:08;
48,48;50,01;69,29;24/09/2026 13:08;
48,48;50,01;69,27;24/09/2026 13:08;
48,46;50,01;69,24;24/09/2026 13:08;
48,44;50,01;69,24;24/09/2026 13:08;
48,43;50,01;69,29;24/09/2026 13:08;
48,43;50,01;69,23;24/09/2026 13:08;
48,42;50,01;69,19;24/09/2026 13:08;
48,41;50,01;69,18;24/09/2026 13:08;
48,39;50,01;69,15;24/09/2026 13:09;
48,38;50,01;69,13;24/09/2026 13:09;
48,36;50,01;69,11;24/09/2026 13:09;
48,33;50,01;69,09;24/09/2026 13:09;
48,34;50,01;69,07;24/09/2026 13:09;
48,31;50,01;69,06;24/09/2026 13:09;
48,3;50,01;69,03;24/09/2026 13:09;
48,28;50,01;69,04;24/09/2026 13:09;
48,28;50,01;69,01;24/09/2026 13:09;
48,26;50,01;68,97;24/09/2026 13:09;
48,25;50,01;68,97;24/09/2026 13:09;
48,23;50,01;68,93;24/09/2026 13:09;
48,21;50,01;68,9;24/09/2026 13:09;
48,22;50,01;68,9;24/09/2026 13:09;
48,21;50,01;69;24/09/2026 13:09;
48,2;50,01;69,13;24/09/2026 13:09;
48,2;50,01;69,31;24/09/2026 13:09;
48,2;50,01;69,46;24/09/2026 13:09;
48,23;50,01;69,66;24/09/2026 13:09;
48,26;50,01;69,86;24/09/2026 13:09;
48,29;50,01;70,04;24/09/2026 13:09;
48,34;50,01;70,18;24/09/2026 13:09;
48,38;50,01;70,33;24/09/2026 13:09;
48,38;50,01;70,33;24/09/2026 13:09;
48,43;50,01;70,39;24/09/2026 13:09;
48,47;50,01;70,48;24/09/2026 13:09;
48,52;50,01;70,6;24/09/2026 13:09;
48,56;50,01;70,59;24/09/2026 13:09;
48,61;50,01;70,64;24/09/2026 13:09;
48,66;50,01;70,69;24/09/2026 13:09;
48,69;50,01;70,76;24/09/2026 13:09;
48,73;50,01;70,78;24/09/2026 13:09;
48,77;50,01;70,84;24/09/2026 13:09;
48,84;60;70,28;24/09/2026 13:09;
48,94;60;70,11;24/09/2026 13:09;
49,05;60;70,01;24/09/2026 13:09;
49,19;60;69,94;24/09/2026 13:09;
49,3;60;70;24/09/2026 13:09;
49,38;60;70,02;24/09/2026 13:09;
49,5;60;70,03;24/09/2026 13:09;
49,59;60;70,02;24/09/2026 13:09;
49,66;60;70,03;24/09/2026 13:09;
49,74;60;70,07;24/09/2026 13:09;
49,8;60;70,01;24/09/2026 13:09;
49,87;60;69,98;24/09/2026 13:09;
49,93;60;69,97;24/09/2026 13:09;
49,99;60;69,96;24/09/2026 13:09;
50,04;60;69,94;24/09/2026 13:09;
50,07;60;69,93;24/09/2026 13:09;
50,11;60;69,92;24/09/2026 13:09;
50,15;60;69,87;24/09/2026 13:09;
50,18;60;69,84;24/09/2026 13:09;
50,19;60;69,84;24/09/2026 13:09;
50,23;60;69,82;24/09/2026 13:09;
50,24;60;69,77;24/09/2026 13:09;
50,27;60;69,76;24/09/2026 13:09;
50,3;60;69,73;24/09/2026 13:09;
50,31;60;69,7;24/09/2026 13:09;
50,33;60;69,69;24/09/2026 13:09;
50,34;60;69,67;24/09/2026 13:09;
50,34;60;69,62;24/09/2026 13:10;
50,36;60;69,6;24/09/2026 13:10;
50,37;60;69,56;24/09/2026 13:10;
50,38;60;69,53;24/09/2026 13:10;
50,38;60;69,51;24/09/2026 13:10;
50,38;60;69,5;24/09/2026 13:10;
50,38;60;69,45;24/09/2026 13:10;
50,38;60;69,43;24/09/2026 13:10;
50,39;60;69,41;24/09/2026 13:10;
50,38;60;69,39;24/09/2026 13:10;
50,38;60;69,34;24/09/2026 13:10;
50,37;60;69,37;24/09/2026 13:10;
50,37;60;69,31;24/09/2026 13:10;
50,38;60;69,27;24/09/2026 13:10;
50,36;60;69,27;24/09/2026 13:10;
50,36;60;69,23;24/09/2026 13:10;
50,35;60;69,21;24/09/2026 13:10;
50,35;60;69,2;24/09/2026 13:10;
50,33;60;69,18;24/09/2026 13:10;
50,33;60;69,14;24/09/2026 13:10;
50,32;60;69,14;24/09/2026 13:10;
50,31;60;69,12;24/09/2026 13:10;
50,3;60;69,1;24/09/2026 13:10;
50,3;60;69,09;24/09/2026 13:10;
50,28;60;69,08;24/09/2026 13:10;
50,28;60;69,06;24/09/2026 13:10;
50,28;60;69,06;24/09/2026 13:10;
50,27;60;69,04;24/09/2026 13:10;
50,25;60;69,03;24/09/2026 13:10;
50,25;60;69,01;24/09/2026 13:10;
50,25;60;69,01;24/09/2026 13:10;
50,25;60;69;24/09/2026 13:10;
50,22;60;68,96;24/09/2026 13:10;
50,22;60;68,94;24/09/2026 13:10;
50,21;60;68,93;24/09/2026 13:10;
50,19;60;68,92;24/09/2026 13:10;
50,18;60;68,91;24/09/2026 13:10;
50,18;60;68,89;24/09/2026 13:10;
50,18;60;68,87;24/09/2026 13:10;
50,14;60;68,86;24/09/2026 13:10;
50,15;60;68,84;24/09/2026 13:10;
50,14;60;68,82;24/09/2026 13:10;
50,14;60;68,81;24/09/2026 13:10;
50,12;60;68,79;24/09/2026 13:10;
50,1;60;68,78;24/09/2026 13:10;
50,08;60;68,76;24/09/2026 13:10;
50,09;60;68,73;24/09/2026 13:10;
50,06;60;68,71;24/09/2026 13:10;
50,07;60;68,71;24/09/2026 13:10;
50,06;60;68,69;24/09/2026 13:10;
50,04;60;68,66;24/09/2026 13:10;
50,04;60;68,65;24/09/2026 13:10;
50,02;60;68,63;24/09/2026 13:10;
50;60;68,61;24/09/2026 13:10;
50;60;68,6;24/09/2026 13:10;
49,99;60;68,57;24/09/2026 13:10;
49,97;60;68,56;24/09/2026 13:10;
49,96;60;68,55;24/09/2026 13:10;
49,94;60;68,51;24/09/2026 13:10;
49,95;60;68,61;24/09/2026 13:10;
49,95;60;68,75;24/09/2026 13:11;
49,96;60;68,91;24/09/2026 13:11;
49,95;60;69,06;24/09/2026 13:11;
49,99;60;69,31;24/09/2026 13:11;
50,02;60;69,43;24/09/2026 13:11;
50,06;60;69,62;24/09/2026 13:11;
50,11;60;69,76;24/09/2026 13:11;
50,17;60;69,91;24/09/2026 13:11;
50,21;60;69,98;24/09/2026 13:11;
50,27;60;70,06;24/09/2026 13:11;
50,32;60;70,13;24/09/2026 13:11;
50,35;60;70,2;24/09/2026 13:11;
50,41;60;70,24;24/09/2026 13:11;
50,46;60;70,28;24/09/2026 13:11;
50,52;60;70,36;24/09/2026 13:11;
50,55;60;70,38;24/09/2026 13:11;
50,6;60;70,43;24/09/2026 13:11;
50,65;60;70,48;24/09/2026 13:11;
50,69;60;70,49;24/09/2026 13:11;
50,72;60;70,52;24/09/2026 13:11;
50,77;60;70,55;24/09/2026 13:11;
50,8;60;70,54;24/09/2026 13:11;
50,83;60;70,54;24/09/2026 13:11;
50,87;60;70,53;24/09/2026 13:11;
50,88;60;70,48;24/09/2026 13:11;
50,93;60;70,47;24/09/2026 13:11;
50,93;60;70,44;24/09/2026 13:11;
50,95;60;70,38;24/09/2026 13:11;
50,95;60;70,38;24/09/2026 13:11;
50,98;60;70,37;24/09/2026 13:11;
50,98;60;70,33;24/09/2026 13:11;
50,99;60;70,35;24/09/2026 13:11;
50,99;60;70,26;24/09/2026 13:11;
51,01;60;70,24;24/09/2026 13:11;
50,99;60;70,21;24/09/2026 13:11;
50,99;60;70,16;24/09/2026 13:11;
50,99;60;70,12;24/09/2026 13:11;
50,99;60;70,08;24/09/2026 13:11;
50,99;60;70,06;24/09/2026 13:11;
50,99;60;70,01;24/09/2026 13:11;
50,98;60;69,98;24/09/2026 13:11;
50,96;60;69,95;24/09/2026 13:11;
50,94;60;69,92;24/09/2026 13:11;
50,95;60;69,86;24/09/2026 13:11;
50,93;60;69,84;24/09/2026 13:11;
50,93;60;69,81;24/09/2026 13:11;
50,92;60;69,79;24/09/2026 13:11;
50,89;60;69,73;24/09/2026 13:11;
50,88;60;69,7;24/09/2026 13:11;
50,86;60;69,66;24/09/2026 13:11;
50,85;60;69,61;24/09/2026 13:11;
50,83;60;69,59;24/09/2026 13:11;
50,82;60;69,58;24/09/2026 13:11;
50,79;60;69,54;24/09/2026 13:11;
50,79;60;69,5;24/09/2026 13:11;
50,76;60;69,46;24/09/2026 13:11;
50,75;60;69,44;24/09/2026 13:11;
50,72;60;69,41;24/09/2026 13:11;
50,7;60;69,38;24/09/2026 13:11;
50,69;60;69,34;24/09/2026 13:11;
50,68;60;69,34;24/09/2026 13:12;
50,65;60;69,29;24/09/2026 13:12;
50,64;60;69,28;24/09/2026 13:12;
50,62;60;69,27;24/09/2026 13:12;
50,6;60;69,22;24/09/2026 13:12;
50,58;60;69,21;24/09/2026 13:12;
50,57;60;69,2;24/09/2026 13:12;
50,54;60;69,18;24/09/2026 13:12;
50,53;60;69,15;24/09/2026 13:12;
50,52;60;69,14;24/09/2026 13:12;
50,51;60;69,12;24/09/2026 13:12;
50,47;60;69,1;24/09/2026 13:12;
50,47;60;69,14;24/09/2026 13:12;
50,44;60;69,11;24/09/2026 13:12;
50,44;60;69,06;24/09/2026 13:12;
50,43;60;69,02;24/09/2026 13:12;
50,42;60;69,01;24/09/2026 13:12;
50,38;60;69,01;24/09/2026 13:12;
50,38;60;69;24/09/2026 13:12;
50,36;60;68,97;24/09/2026 13:12;
50,35;60;68,96;24/09/2026 13:12;
50,34;60;68,91;24/09/2026 13:12;
50,31;60;68,9;24/09/2026 13:12;
50,31;60;68,9;24/09/2026 13:12;
50,31;60;68,89;24/09/2026 13:12;
50,3;60;68,88;24/09/2026 13:12;
50,27;60;68,87;24/09/2026 13:12;
50,25;60;68,83;24/09/2026 13:12;
50,25;60;68,83;24/09/2026 13:12;
50,23;60;68,82;24/09/2026 13:12;
50,24;60;68,8;24/09/2026 13:12;
50,19;60;68,76;24/09/2026 13:12;
50,19;70;68,76;24/09/2026 13:12;
50,2;70;68,75;24/09/2026 13:12;
50,23;70;68,59;24/09/2026 13:12;
50,25;70;68,47;24/09/2026 13:12;
50,29;70;68,39;24/09/2026 13:12;
50,31;70;68,32;24/09/2026 13:12;
50,34;70;68,27;24/09/2026 13:12;
50,36;70;68,24;24/09/2026 13:12;
50,38;70;68,21;24/09/2026 13:12;
50,39;70;68,19;24/09/2026 13:12;
50,4;70;68,17;24/09/2026 13:12;
50,43;70;68,23;24/09/2026 13:12;
50,45;70;68,35;24/09/2026 13:12;
50,49;70;68,48;24/09/2026 13:12;
50,51;70;68,66;24/09/2026 13:12;
50,57;70;68,82;24/09/2026 13:12;
50,63;70;69,03;24/09/2026 13:12;
50,69;70;69,13;24/09/2026 13:12;
50,76;70;69,31;24/09/2026 13:12;
50,83;70;69,43;24/09/2026 13:12;
50,9;70;69,54;24/09/2026 13:12;
51;70;69,61;24/09/2026 13:12;
51,07;70;69,7;24/09/2026 13:12;
51,13;70;69,77;24/09/2026 13:12;
51,21;70;69,83;24/09/2026 13:12;
51,28;70;69,9;24/09/2026 13:12;
51,34;70;69,94;24/09/2026 13:12;
51,39;70;70;24/09/2026 13:12;
51,47;70;70,06;24/09/2026 13:13;
51,53;70;70,11;24/09/2026 13:13;
51,6;70;70,15;24/09/2026 13:13;
51,63;70;70,18;24/09/2026 13:13;
51,68;70;70,23;24/09/2026 13:13;
51,74;70;70,21;24/09/2026 13:13;
51,8;70;70,24;24/09/2026 13:13;
51,84;70;70,22;24/09/2026 13:13;
51,88;70;70,21;24/09/2026 13:13;
51,91;70;70,2;24/09/2026 13:13;
51,93;70;70,15;24/09/2026 13:13;
51,97;70;70,13;24/09/2026 13:13;
51,99;70;70,11;24/09/2026 13:13;
52,01;70;70,06;24/09/2026 13:13;
52,03;70;70,04;24/09/2026 13:13;
52,04;70;70,01;24/09/2026 13:13;
52,06;70;69,97;24/09/2026 13:13;
52,06;70;69,94;24/09/2026 13:13;
52,07;70;69,92;24/09/2026 13:13;
52,07;70;69,89;24/09/2026 13:13;
52,07;70;69,87;24/09/2026 13:13;
52,09;70;69,83;24/09/2026 13:13;
52,07;70;69,77;24/09/2026 13:13;
52,06;70;69,75;24/09/2026 13:13;
52,07;70;69,72;24/09/2026 13:13;
52,06;70;69,7;24/09/2026 13:13;
52,06;70;69,66;24/09/2026 13:13;
52,06;70;69,62;24/09/2026 13:13;
52,04;70;69,58;24/09/2026 13:13;
52,04;70;69,56;24/09/2026 13:13;
52,01;70;69,52;24/09/2026 13:13;
52,01;70;69,5;24/09/2026 13:13;
52,01;70;69,5;24/09/2026 13:13;
51,99;70;69,44;24/09/2026 13:13;
51,98;70;69,41;24/09/2026 13:13;
51,97;70;69,38;24/09/2026 13:13;
51,96;70;69,37;24/09/2026 13:13;
51,95;70;69,33;24/09/2026 13:13;
51,92;70;69,29;24/09/2026 13:13;
51,91;70;69,27;24/09/2026 13:13;
51,9;70;69,23;24/09/2026 13:13;
51,87;70;69,22;24/09/2026 13:13;
51,85;70;69,22;24/09/2026 13:13;
51,85;70;69,2;24/09/2026 13:13;
51,84;70;69,12;24/09/2026 13:13;
51,82;70;69,12;24/09/2026 13:13;
51,81;70;69,12;24/09/2026 13:13;
51,79;70;69,06;24/09/2026 13:13;
51,76;70;69,01;24/09/2026 13:13;
51,74;70;68,99;24/09/2026 13:13;
51,74;70;68,99;24/09/2026 13:13;
51,71;70;68,96;24/09/2026 13:13;
51,69;70;68,94;24/09/2026 13:13;
51,68;70;68,92;24/09/2026 13:13;
51,65;70;68,89;24/09/2026 13:13;
51,64;70;68,89;24/09/2026 13:13;
51,64;70;68,9;24/09/2026 13:13;
51,63;70;68,84;24/09/2026 13:13;
51,6;70;68,83;24/09/2026 13:13;
51,58;70;68,8;24/09/2026 13:13;
51,57;70;68,78;24/09/2026 13:14;
51,56;70;68,76;24/09/2026 13:14;
51,54;70;68,76;24/09/2026 13:14;
51,54;70;68,76;24/09/2026 13:14;
51,53;70;68,76;24/09/2026 13:14;
51,51;70;68,72;24/09/2026 13:14;
51,48;70;68,69;24/09/2026 13:14;
51,47;70;68,68;24/09/2026 13:14;
51,46;70;68,68;24/09/2026 13:14;
51,46;70;68,66;24/09/2026 13:14;
51,43;70;68,62;24/09/2026 13:14;
51,41;70;68,61;24/09/2026 13:14;
51,4;70;68,6;24/09/2026 13:14;
51,38;70;68,58;24/09/2026 13:14;
51,37;70;68,56;24/09/2026 13:14;
51,37;70;68,54;24/09/2026 13:14;
51,34;70;68,52;24/09/2026 13:14;
51,34;70;68,52;24/09/2026 13:14;
51,31;70;68,49;24/09/2026 13:14;
51,3;70;68,47;24/09/2026 13:14;
51,29;70;68,46;24/09/2026 13:14;
51,27;70;68,42;24/09/2026 13:14;
51,26;70;68,4;24/09/2026 13:14;
51,24;70;68,39;24/09/2026 13:14;
51,23;70;68,36;24/09/2026 13:14;
51,22;70;68,34;24/09/2026 13:14;
51,2;70;68,32;24/09/2026 13:14;
51,18;70;68,35;24/09/2026 13:14;
51,18;70;68,45;24/09/2026 13:14;
51,17;70;68,6;24/09/2026 13:14;
51,2;70;68,75;24/09/2026 13:14;
51,2;70;68,75;24/09/2026 13:14;
51,21;70;68,92;24/09/2026 13:14;
51,24;70;69,09;24/09/2026 13:14;
51,28;70;69,28;24/09/2026 13:14;
51,33;70;69,44;24/09/2026 13:14;
51,38;70;69,64;24/09/2026 13:14;
51,43;70;69,69;24/09/2026 13:14;
51,48;70;69,77;24/09/2026 13:14;
51,54;70;69,84;24/09/2026 13:14;
51,59;70;69,91;24/09/2026 13:14;
51,65;70;69,97;24/09/2026 13:14;
51,7;70;70,03;24/09/2026 13:14;
51,76;70;70,07;24/09/2026 13:14;
51,79;70;70,11;24/09/2026 13:14;
51,85;70;70,22;24/09/2026 13:14;
51,87;70;70,2;24/09/2026 13:14;
51,92;70;70,25;24/09/2026 13:14;
51,98;70;70,27;24/09/2026 13:14;
52,01;70;70,29;24/09/2026 13:14;
52,06;70;70,31;24/09/2026 13:14;
52,09;70;70,32;24/09/2026 13:14;
52,12;70;70,31;24/09/2026 13:14;
52,15;70;70,29;24/09/2026 13:14;
52,17;70;70,26;24/09/2026 13:14;
52,19;70;70,24;24/09/2026 13:14;
52,19;70;70,2;24/09/2026 13:14;
52,23;70;70,15;24/09/2026 13:14;
52,24;70;70,13;24/09/2026 13:14;
52,25;70;70,16;24/09/2026 13:14;
52,25;70;70,06;24/09/2026 13:14;
52,25;70;70,03;24/09/2026 13:15;
52,24;70;70,01;24/09/2026 13:15;
52,25;70;69,96;24/09/2026 13:15;
52,25;70;69,94;24/09/2026 13:15;
52,25;70;69,94;24/09/2026 13:15;
52,24;70;69,86;24/09/2026 13:15;
52,23;70;69,84;24/09/2026 13:15;
52,24;70;69,8;24/09/2026 13:15;
52,23;70;69,76;24/09/2026 13:15;
52,2;70;69,73;24/09/2026 13:15;
52,18;70;69,7;24/09/2026 13:15;
52,2;70;69,65;24/09/2026 13:15;
52,17;70;69,62;24/09/2026 13:15;
52,15;70;69,56;24/09/2026 13:15;
52,14;70;69,53;24/09/2026 13:15;
52,1;70;69,52;24/09/2026 13:15;
52,11;70;69,49;24/09/2026 13:15;
52,09;70;69,43;24/09/2026 13:15;
52,08;70;69,4;24/09/2026 13:15;
52,06;70;69,37;24/09/2026 13:15;
52,03;70;69,33;24/09/2026 13:15;
52,01;70;69,31;24/09/2026 13:15;
52,01;70;69,28;24/09/2026 13:15;
51,98;70;69,24;24/09/2026 13:15;
51,98;70;69,24;24/09/2026 13:15;
51,96;70;69,21;24/09/2026 13:15;
51,94;70;69,18;24/09/2026 13:15;
51,9;70;69,14;24/09/2026 13:15;
51,9;70;69,13;24/09/2026 13:15;
51,88;70;69,1;24/09/2026 13:15;
51,87;70;69,08;24/09/2026 13:15;
51,84;70;69,04;24/09/2026 13:15;
51,82;70;69,02;24/09/2026 13:15;
51,81;79,99;69;24/09/2026 13:15;
51,81;79,99;68,93;24/09/2026 13:15;
51,82;79,99;68,86;24/09/2026 13:15;
51,84;79,99;68,8;24/09/2026 13:15;
51,83;79,99;68,76;24/09/2026 13:15;
51,84;79,99;68,72;24/09/2026 13:15;
51,84;79,99;68,71;24/09/2026 13:15;
51,84;79,99;68,69;24/09/2026 13:15;
51,83;79,99;68,66;24/09/2026 13:15;
51,84;79,99;68,65;24/09/2026 13:15;
51,84;79,99;68,63;24/09/2026 13:15;
51,83;79,99;68,62;24/09/2026 13:15;
51,84;79,99;68,59;24/09/2026 13:15;
51,84;79,99;68,58;24/09/2026 13:15;
51,82;79,99;68,57;24/09/2026 13:15;
51,82;79,99;68,56;24/09/2026 13:15;
51,81;79,99;68,54;24/09/2026 13:15;
51,8;79,99;68,51;24/09/2026 13:15;
51,79;79,99;68,52;24/09/2026 13:15;
51,79;79,99;68,5;24/09/2026 13:15;
51,79;79,99;68,46;24/09/2026 13:15;
51,77;79,99;68,46;24/09/2026 13:15;
51,78;79,99;68,48;24/09/2026 13:15;
51,76;79,99;68,45;24/09/2026 13:15;
51,76;79,99;68,41;24/09/2026 13:15;
51,74;79,99;68,39;24/09/2026 13:15;
51,73;79,99;68,45;24/09/2026 13:15;
51,73;79,99;68,39;24/09/2026 13:16;
51,72;79,99;68,36;24/09/2026 13:16;
51,71;79,99;68,34;24/09/2026 13:16;
51,7;79,99;68,4;24/09/2026 13:16;
51,68;79,99;68,31;24/09/2026 13:16;
51,68;79,99;68,28;24/09/2026 13:16;
51,66;79,99;68,26;24/09/2026 13:16;
51,64;79,99;68,25;24/09/2026 13:16;
51,65;79,99;68,23;24/09/2026 13:16;
51,62;79,99;68,19;24/09/2026 13:16;
51,61;79,99;68,25;24/09/2026 13:16;
51,61;79,99;68,37;24/09/2026 13:16;
51,6;79,99;68,5;24/09/2026 13:16;
51,63;79,99;68,66;24/09/2026 13:16;
51,66;79,99;68,82;24/09/2026 13:16;
51,7;79,99;69,01;24/09/2026 13:16;
51,76;79,99;69,14;24/09/2026 13:16;
51,79;79,99;69,32;24/09/2026 13:16;
51,87;79,99;69,42;24/09/2026 13:16;
51,92;79,99;69,52;24/09/2026 13:16;
51,98;79,99;69,61;24/09/2026 13:16;
52,05;79,99;69,67;24/09/2026 13:16;
52,12;79,99;69,73;24/09/2026 13:16;
52,12;79,99;69,73;24/09/2026 13:16;
52,23;79,99;69,84;24/09/2026 13:16;
52,23;79,99;69,84;24/09/2026 13:16;
52,3;79,99;69,9;24/09/2026 13:16;
52,33;79,99;69,93;24/09/2026 13:16;
52,4;79,99;69,98;24/09/2026 13:16;
52,45;79,99;70,04;24/09/2026 13:16;
52,52;79,99;70,07;24/09/2026 13:16;
52,55;79,99;70,08;24/09/2026 13:16;
52,6;79,99;70,12;24/09/2026 13:16;
52,66;79,99;70,12;24/09/2026 13:16;
52,7;79,99;70,12;24/09/2026 13:16;
52,74;79,99;70,12;24/09/2026 13:16;
52,78;79,99;70,11;24/09/2026 13:16;
52,81;79,99;70,06;24/09/2026 13:16;
52,82;79,99;70,04;24/09/2026 13:16;
52,86;79,99;70,02;24/09/2026 13:16;
52,87;79,99;69,98;24/09/2026 13:16;
52,87;79,99;69,94;24/09/2026 13:16;
52,89;79,99;69,92;24/09/2026 13:16;
52,9;79,99;69,89;24/09/2026 13:16;
52,91;79,99;69,91;24/09/2026 13:16;
52,92;79,99;69,83;24/09/2026 13:16;
52,92;79,99;69,8;24/09/2026 13:16;
52,92;79,99;69,75;24/09/2026 13:16;
52,9;79,99;69,77;24/09/2026 13:16;
52,91;79,99;69,71;24/09/2026 13:16;
52,91;79,99;69,71;24/09/2026 13:16;
52,89;79,99;69,64;24/09/2026 13:16;
52,89;79,99;69,6;24/09/2026 13:16;
52,88;79,99;69,56;24/09/2026 13:16;
52,86;79,99;69,52;24/09/2026 13:16;
52,86;79,99;69,49;24/09/2026 13:16;
52,85;79,99;69,46;24/09/2026 13:16;
52,83;79,99;69,43;24/09/2026 13:16;
52,82;79,99;69,39;24/09/2026 13:16;
52,81;79,99;69,35;24/09/2026 13:16;
52,79;79,99;69,32;24/09/2026 13:17;
52,77;79,99;69,28;24/09/2026 13:17;
52,75;79,99;69,25;24/09/2026 13:17;
52,73;79,99;69,23;24/09/2026 13:17;
52,71;79,99;69,19;24/09/2026 13:17;
52,69;79,99;69,15;24/09/2026 13:17;
52,68;79,99;69,11;24/09/2026 13:17;
52,65;79,99;69,09;24/09/2026 13:17;
52,62;79,99;69,08;24/09/2026 13:17;
52,61;79,99;69,04;24/09/2026 13:17;
52,59;79,99;69,01;24/09/2026 13:17;
52,58;79,99;68,98;24/09/2026 13:17;
52,54;79,99;68,94;24/09/2026 13:17;
52,54;79,99;68,93;24/09/2026 13:17;
52,53;79,99;68,91;24/09/2026 13:17;
52,51;79,99;68,89;24/09/2026 13:17;
52,48;79,99;68,88;24/09/2026 13:17;
52,46;79,99;68,84;24/09/2026 13:17;
52,44;79,99;68,82;24/09/2026 13:17;
52,43;79,99;68,8;24/09/2026 13:17;
52,4;79,99;68,8;24/09/2026 13:17;
52,4;79,99;68,79;24/09/2026 13:17;
52,37;79,99;68,76;24/09/2026 13:17;
52,35;79,99;68,73;24/09/2026 13:17;
52,35;79,99;68,7;24/09/2026 13:17;
52,35;79,99;68,7;24/09/2026 13:17;
52,32;79,99;68,7;24/09/2026 13:17;
52,31;79,99;68,66;24/09/2026 13:17;
52,29;79,99;68,66;24/09/2026 13:17;
52,28;79,99;68,63;24/09/2026 13:17;
52,28;79,99;68,62;24/09/2026 13:17;
52,23;79,99;68,6;24/09/2026 13:17;
52,23;79,99;68,57;24/09/2026 13:17;
52,21;79,99;68,57;24/09/2026 13:17;
52,2;79,99;68,56;24/09/2026 13:17;
52,18;79,99;68,54;24/09/2026 13:17;
52,17;79,99;68,51;24/09/2026 13:17;
52,17;79,99;68,5;24/09/2026 13:17;
52,14;79,99;68,49;24/09/2026 13:17;
52,12;79,99;68,46;24/09/2026 13:17;
52,1;79,99;68,45;24/09/2026 13:17;
52,09;79,99;68,42;24/09/2026 13:17;
52,08;79,99;68,4;24/09/2026 13:17;
52,06;79,99;68,38;24/09/2026 13:17;
52,04;79,99;68,36;24/09/2026 13:17;
52,03;79,99;68,36;24/09/2026 13:17;
52,01;79,99;68,32;24/09/2026 13:17;
51,99;79,99;68,3;24/09/2026 13:17;
51,97;79,99;68,29;24/09/2026 13:17;
51,97;79,99;68,26;24/09/2026 13:17;
51,95;79,99;68,26;24/09/2026 13:17;
51,93;79,99;68,24;24/09/2026 13:17;
51,9;79,99;68,19;24/09/2026 13:17;
51,9;79,99;68,19;24/09/2026 13:17;
51,87;79,99;68,28;24/09/2026 13:17;
51,87;79,99;68,39;24/09/2026 13:17;
51,88;79,99;68,55;24/09/2026 13:17;
51,9;79,99;68,69;24/09/2026 13:17;
51,93;79,99;68,88;24/09/2026 13:17;
51,97;79,99;69,04;24/09/2026 13:17;
52,02;79,99;69,21;24/09/2026 13:18;
52,08;79,99;69,35;24/09/2026 13:18;
52,12;79,99;69,49;24/09/2026 13:18;
52,18;79,99;69,58;24/09/2026 13:18;
52,23;79,99;69,64;24/09/2026 13:18;
52,28;79,99;69,71;24/09/2026 13:18;
52,35;79,99;69,77;24/09/2026 13:18;
52,4;79,99;69,83;24/09/2026 13:18;
52,44;79,99;69,89;24/09/2026 13:18;
52,51;79,99;69,92;24/09/2026 13:18;
52,56;79,99;69,96;24/09/2026 13:18;
52,6;79,99;70,02;24/09/2026 13:18;
52,65;79,99;70,07;24/09/2026 13:18;
52,7;79,99;70,1;24/09/2026 13:18;
52,76;79,99;70,14;24/09/2026 13:18;
52,79;79,99;70,13;24/09/2026 13:18;
52,83;79,99;70,13;24/09/2026 13:18;
52,87;79,99;70,14;24/09/2026 13:18;
52,9;79,99;70,14;24/09/2026 13:18;
52,94;79,99;70,11;24/09/2026 13:18;
52,95;79,99;70,08;24/09/2026 13:18;
52,99;79,99;70,05;24/09/2026 13:18;
53;79,99;70,05;24/09/2026 13:18;
53;79,99;70;24/09/2026 13:18;
53;79,99;70;24/09/2026 13:18;
53,02;79,99;69,97;24/09/2026 13:18;
53,04;79,99;69,9;24/09/2026 13:18;
53,04;79,99;69,9;24/09/2026 13:18;
53,04;79,99;69,86;24/09/2026 13:18;
53,04;79,99;69,9;24/09/2026 13:18;
53,05;79,99;69,8;24/09/2026 13:18;
53,04;79,99;69,76;24/09/2026 13:18;
53,04;90;69,73;24/09/2026 13:18;
53,03;90;69,54;24/09/2026 13:18;
53,04;90;69,51;24/09/2026 13:18;
53,04;90;69,45;24/09/2026 13:18;
53,03;90;69,45;24/09/2026 13:18;
53,04;90;69,37;24/09/2026 13:18;
53,04;90;69,33;24/09/2026 13:18;
53,04;90;69,3;24/09/2026 13:18;
53,04;90;69,27;24/09/2026 13:18;
53,02;90;69,24;24/09/2026 13:18;
53,02;90;69,21;24/09/2026 13:18;
53,01;90;69,17;24/09/2026 13:18;
52,99;90;69,17;24/09/2026 13:18;
52,98;90;69,12;24/09/2026 13:18;
52,97;90;69,09;24/09/2026 13:18;
52,97;90;69,07;24/09/2026 13:18;
52,95;90;69,03;24/09/2026 13:18;
52,92;90;69;24/09/2026 13:18;
52,92;90;68,98;24/09/2026 13:18;
52,9;90;68,96;24/09/2026 13:18;
52,89;90;68,98;24/09/2026 13:18;
52,87;90;68,91;24/09/2026 13:18;
52,86;90;68,89;24/09/2026 13:18;
52,84;90;68,86;24/09/2026 13:18;
52,83;90;68,83;24/09/2026 13:18;
52,82;90;68,82;24/09/2026 13:18;
52,8;90;68,81;24/09/2026 13:18;
52,77;90;68,77;24/09/2026 13:18;
52,77;90;68,77;24/09/2026 13:19;
52,75;90;68,75;24/09/2026 13:19;
52,73;90;68,71;24/09/2026 13:19;
52,71;90;68,7;24/09/2026 13:19;
52,69;90;68,68;24/09/2026 13:19;
52,69;90;68,68;24/09/2026 13:19;
52,67;90;68,66;24/09/2026 13:19;
52,67;90;68,62;24/09/2026 13:19;
52,64;90;68,6;24/09/2026 13:19;
52,62;90;68,59;24/09/2026 13:19;
52,6;90;68,58;24/09/2026 13:19;
52,6;90;68,56;24/09/2026 13:19;
52,59;90;68,54;24/09/2026 13:19;
52,58;90;68,52;24/09/2026 13:19;
52,56;90;68,51;24/09/2026 13:19;
52,54;90;68,49;24/09/2026 13:19;
52,53;90;68,48;24/09/2026 13:19;
52,53;90;68,47;24/09/2026 13:19;
52,51;90;68,44;24/09/2026 13:19;
52,49;90;68,42;24/09/2026 13:19;
52,48;90;68,4;24/09/2026 13:19;
52,46;90;68,38;24/09/2026 13:19;
52,45;90;68,38;24/09/2026 13:19;
52,43;90;68,36;24/09/2026 13:19;
52,42;90;68,32;24/09/2026 13:19;
52,4;90;68,39;24/09/2026 13:19;
52,39;90;68,38;24/09/2026 13:19;
52,39;90;68,38;24/09/2026 13:19;
52,37;90;68,25;24/09/2026 13:19;
52,35;90;68,23;24/09/2026 13:19;
52,35;90;68,23;24/09/2026 13:19;
52,33;90;68,2;24/09/2026 13:19;
52,34;90;68,2;24/09/2026 13:19;
52,31;90;68,17;24/09/2026 13:19;
52,28;90;68,15;24/09/2026 13:19;
52,28;90;68,13;24/09/2026 13:19;
52,25;90;68,11;24/09/2026 13:19;
52,25;90;68,13;24/09/2026 13:19;
52,24;90;68,2;24/09/2026 13:19;
52,25;90;68,35;24/09/2026 13:19;
52,24;90;68,51;24/09/2026 13:19;
52,26;90;68,67;24/09/2026 13:19;
52,31;90;68,86;24/09/2026 13:19;
52,35;90;69;24/09/2026 13:19;
52,4;90;69,18;24/09/2026 13:19;
52,44;90;69,3;24/09/2026 13:19;
52,51;90;69,42;24/09/2026 13:19;
52,57;90;69,49;24/09/2026 13:19;
52,63;90;69,54;24/09/2026 13:19;
52,69;90;69,61;24/09/2026 13:19;
52,74;90;69,66;24/09/2026 13:19;
52,79;90;69,73;24/09/2026 13:19;
52,85;90;69,8;24/09/2026 13:19;
52,91;90;69,84;24/09/2026 13:19;
52,98;90;69,87;24/09/2026 13:19;
53,02;90;69,92;24/09/2026 13:19;
53,04;90;70;24/09/2026 13:19;
53,14;90;70;24/09/2026 13:19;
53,15;90;70,03;24/09/2026 13:19;
53,2;90;70,04;24/09/2026 13:19;
53,25;90;70,05;24/09/2026 13:20;
53,28;90;70,04;24/09/2026 13:20;
53,32;90;70,07;24/09/2026 13:20;
53,36;90;70,05;24/09/2026 13:20;
53,38;90;69,98;24/09/2026 13:20;
53,4;90;69,94;24/09/2026 13:20;
53,42;90;69,92;24/09/2026 13:20;
53,42;90;69,9;24/09/2026 13:20;
53,44;90;69,87;24/09/2026 13:20;
53,45;90;69,84;24/09/2026 13:20;
53,46;90;69,81;24/09/2026 13:20;
53,45;90;69,79;24/09/2026 13:20;
53,47;90;69,75;24/09/2026 13:20;
53,46;90;69,71;24/09/2026 13:20;
53,45;90;69,67;24/09/2026 13:20;
53,44;90;69,64;24/09/2026 13:20;
53,44;90;69,62;24/09/2026 13:20;
53,44;90;69,58;24/09/2026 13:20;
53,43;90;69,55;24/09/2026 13:20;
53,4;90;69,5;24/09/2026 13:20;
53,39;90;69,46;24/09/2026 13:20;
53,39;90;69,43;24/09/2026 13:20;
53,37;90;69,39;24/09/2026 13:20;
53,37;90;69,34;24/09/2026 13:20;
53,34;90;69,31;24/09/2026 13:20;
53,32;90;69,27;24/09/2026 13:20;
53,3;90;69,23;24/09/2026 13:20;
53,29;90;69,23;24/09/2026 13:20;
53,29;90;69,23;24/09/2026 13:20;
53,28;90;69,17;24/09/2026 13:20;
53,25;90;69,14;24/09/2026 13:20;
53,23;90;69,17;24/09/2026 13:20;
53,21;90;69,08;24/09/2026 13:20;
53,2;90;69,04;24/09/2026 13:20;
53,17;90;69,01;24/09/2026 13:20;
53,15;90;69,01;24/09/2026 13:20;
53,12;90;68,93;24/09/2026 13:20;
53,11;90;68,9;24/09/2026 13:20;
53,07;90;68,89;24/09/2026 13:20;
53,06;90;68,84;24/09/2026 13:20;
53,03;90;68,83;24/09/2026 13:20;
53,01;90;68,82;24/09/2026 13:20;
53;90;68,79;24/09/2026 13:20;
52,96;90;68,77;24/09/2026 13:20;
52,97;90;68,75;24/09/2026 13:20;
52,93;90;68,71;24/09/2026 13:20;
52,9;90;68,72;24/09/2026 13:20;
52,89;90;68,69;24/09/2026 13:20;
52,89;90;68,68;24/09/2026 13:20;
52,85;90;68,66;24/09/2026 13:20;
52,84;90;68,63;24/09/2026 13:20;
52,82;90;68,62;24/09/2026 13:20;
52,78;90;68,6;24/09/2026 13:20;
52,78;90;68,63;24/09/2026 13:20;
52,78;90;68,56;24/09/2026 13:20;
52,77;90;68,62;24/09/2026 13:20;
52,75;90;68,55;24/09/2026 13:20;
52,72;90;68,51;24/09/2026 13:20;
52,71;90;68,51;24/09/2026 13:20;
52,7;90;68,48;24/09/2026 13:20;
52,67;90;68,48;24/09/2026 13:21;
52,65;90;68,44;24/09/2026 13:21;
52,64;90;68,44;24/09/2026 13:21;
52,64;90;68,4;24/09/2026 13:21;
52,61;90;68,38;24/09/2026 13:21;
52,59;90;68,36;24/09/2026 13:21;
52,58;90;68,35;24/09/2026 13:21;
52,56;90;68,34;24/09/2026 13:21;
52,56;90;68,31;24/09/2026 13:21;
52,54;90;68,29;24/09/2026 13:21;
52,51;90;68,27;24/09/2026 13:21;
52,48;90;68,25;24/09/2026 13:21;
52,48;90;68,23;24/09/2026 13:21;
52,45;90;68,2;24/09/2026 13:21;
52,45;90;68,18;24/09/2026 13:21;
52,42;90;68,17;24/09/2026 13:21;
52,41;90;68,14;24/09/2026 13:21;
52,4;90;68,11;24/09/2026 13:21;
52,38;90;68,1;24/09/2026 13:21;
52,35;90;68,1;24/09/2026 13:21;
52,35;90;68,17;24/09/2026 13:21;
52,34;90;68,31;24/09/2026 13:21;
52,36;90;68,46;24/09/2026 13:21;
52,36;90;68,46;24/09/2026 13:21;
52,4;90;68,79;24/09/2026 13:21;
52,45;90;68,96;24/09/2026 13:21;
52,45;90;68,96;24/09/2026 13:21;
52,48;90;69,12;24/09/2026 13:21;
52,54;90;69,25;24/09/2026 13:21;
52,67;90;69,46;24/09/2026 13:21;
52,71;90;69,55;24/09/2026 13:21;
52,71;90;69,55;24/09/2026 13:21;
52,78;100;69,61;24/09/2026 13:21;
52,84;100;69,4;24/09/2026 13:21;
52,93;100;69,51;24/09/2026 13:21;
53,03;100;69,55;24/09/2026 13:21;
53,1;100;69,61;24/09/2026 13:21;
53,15;100;69,67;24/09/2026 13:21;
53,23;100;69,73;24/09/2026 13:21;
53,27;100;69,8;24/09/2026 13:21;
53,36;100;69,83;24/09/2026 13:21;
53,42;100;69,85;24/09/2026 13:21;
53,47;100;69,89;24/09/2026 13:21;
53,51;100;69,9;24/09/2026 13:21;
53,58;100;69,89;24/09/2026 13:21;
53,61;100;69,89;24/09/2026 13:21;
53,65;100;69,94;24/09/2026 13:21;
53,68;100;69,92;24/09/2026 13:21;
53,73;100;69,84;24/09/2026 13:21;
53,73;100;69,81;24/09/2026 13:21;
53,76;100;69,8;24/09/2026 13:21;
53,76;100;69,76;24/09/2026 13:21;
53,8;100;69,79;24/09/2026 13:21;
53,81;100;69,71;24/09/2026 13:21;
53,81;100;69,69;24/09/2026 13:21;
53,8;100;69,65;24/09/2026 13:21;
53,82;100;69,63;24/09/2026 13:21;
53,82;100;69,6;24/09/2026 13:21;
53,82;100;69,55;24/09/2026 13:21;
53,83;100;69,52;24/09/2026 13:21;
53,82;100;69,49;24/09/2026 13:22;
53,81;100;69,45;24/09/2026 13:22;
53,8;100;69,42;24/09/2026 13:22;
53,8;100;69,39;24/09/2026 13:22;
53,78;100;69,37;24/09/2026 13:22;
53,77;100;69,32;24/09/2026 13:22;
53,75;100;69,28;24/09/2026 13:22;
53,76;100;69,27;24/09/2026 13:22;
53,72;100;69,22;24/09/2026 13:22;
53,71;100;69,18;24/09/2026 13:22;
53,69;100;69,15;24/09/2026 13:22;
53,67;100;69,12;24/09/2026 13:22;
53,65;100;69,07;24/09/2026 13:22;
53,64;100;69,03;24/09/2026 13:22;
53,61;100;68,99;24/09/2026 13:22;
53,59;100;68,96;24/09/2026 13:22;
53,58;100;68,96;24/09/2026 13:22;
53,55;100;68,91;24/09/2026 13:22;
53,52;100;68,87;24/09/2026 13:22;
53,53;100;68,88;24/09/2026 13:22;
53,5;100;68,86;24/09/2026 13:22;
53,48;100;68,79;24/09/2026 13:22;
53,47;100;68,76;24/09/2026 13:22;
53,47;100;68,76;24/09/2026 13:22;
53,44;100;68,72;24/09/2026 13:22;
53,42;100;68,7;24/09/2026 13:22;
53,39;100;68,68;24/09/2026 13:22;
53,38;100;68,66;24/09/2026 13:22;
53,33;100;68,61;24/09/2026 13:22;
53,33;100;68,61;24/09/2026 13:22;
53,32;100;68,6;24/09/2026 13:22;
53,3;100;68,59;24/09/2026 13:22;
53,29;100;68,57;24/09/2026 13:22;
53,28;100;68,54;24/09/2026 13:22;
53,24;100;68,51;24/09/2026 13:22;
53,23;100;68,49;24/09/2026 13:22;
53,21;100;68,5;24/09/2026 13:22;
53,2;100;68,47;24/09/2026 13:22;
53,18;100;68,44;24/09/2026 13:22;
53,17;100;68,44;24/09/2026 13:22;
53,15;100;68,41;24/09/2026 13:22;
53,12;100;68,39;24/09/2026 13:22;
53,11;100;68,38;24/09/2026 13:22;
53,09;100;68,36;24/09/2026 13:22;
53,07;100;68,34;24/09/2026 13:22;
53,06;100;68,31;24/09/2026 13:22;
53,04;100;68,3;24/09/2026 13:22;
53,03;100;68,29;24/09/2026 13:22;
53,02;100;68,26;24/09/2026 13:22;
53;100;68,25;24/09/2026 13:22;
52,99;100;68,21;24/09/2026 13:22;
52,99;100;68,2;24/09/2026 13:22;
52,95;100;68,18;24/09/2026 13:22;
52,94;100;68,17;24/09/2026 13:22;
52,92;100;68,15;24/09/2026 13:22;
52,92;100;68,1;24/09/2026 13:22;
52,88;100;68,11;24/09/2026 13:22;
52,87;100;68,08;24/09/2026 13:22;
52,86;100;68,06;24/09/2026 13:22;
52,85;100;68,04;24/09/2026 13:22;
52,82;100;67,99;24/09/2026 13:23;
52,8;100;67,98;24/09/2026 13:23;
52,78;100;67,96;24/09/2026 13:23;
52,77;100;68,03;24/09/2026 13:23;
52,78;100;68,16;24/09/2026 13:23;
52,78;100;68,3;24/09/2026 13:23;
52,79;100;68,46;24/09/2026 13:23;
52,82;100;68,61;24/09/2026 13:23;
52,87;100;68,79;24/09/2026 13:23;
52,92;100;68,96;24/09/2026 13:23;
52,97;100;69,1;24/09/2026 13:23;
53,03;100;69,24;24/09/2026 13:23;
53,09;100;69,33;24/09/2026 13:23;
53,14;100;69,43;24/09/2026 13:23;
53,2;100;69,5;24/09/2026 13:23;
53,27;100;69,54;24/09/2026 13:23;
53,31;100;69,61;24/09/2026 13:23;
53,38;100;69,67;24/09/2026 13:23;
53,39;100;69,73;24/09/2026 13:23;
53,48;100;69,77;24/09/2026 13:23;
53,52;100;69,81;24/09/2026 13:23;
53,57;100;69,86;24/09/2026 13:23;
53,63;100;69,92;24/09/2026 13:23;
53,63;100;69,92;24/09/2026 13:23;
53,67;100;69,95;24/09/2026 13:23;
53,72;100;69,97;24/09/2026 13:23;
53,76;100;69,96;24/09/2026 13:23;
53,79;100;69,96;24/09/2026 13:23;
53,81;100;69,96;24/09/2026 13:23;
53,84;100;69,94;24/09/2026 13:23;
53,87;100;69,92;24/09/2026 13:23;
53,88;100;69,93;24/09/2026 13:23;
53,91;100;69,86;24/09/2026 13:23;
53,93;100;69,84;24/09/2026 13:23;
53,93;100;69,81;24/09/2026 13:23;
53,94;100;69,79;24/09/2026 13:23;
53,93;100;69,74;24/09/2026 13:23;
53,94;100;69,73;24/09/2026 13:23;
53,93;100;69,69;24/09/2026 13:23;
53,95;100;69,65;24/09/2026 13:23;
53,92;100;69,62;24/09/2026 13:23;
53,91;100;69,59;24/09/2026 13:23;
53,91;100;69,54;24/09/2026 13:23;
53,91;100;69,51;24/09/2026 13:23;
53,89;100;69,49;24/09/2026 13:23;
53,88;100;69,46;24/09/2026 13:23;
53,86;100;69,41;24/09/2026 13:23;
53,86;100;69,38;24/09/2026 13:23;
53,83;100;69,34;24/09/2026 13:23;
53,81;100;69,3;24/09/2026 13:23;
53,8;100;69,25;24/09/2026 13:23;
53,78;100;69,22;24/09/2026 13:23;
53,78;100;69,19;24/09/2026 13:23;
53,75;100;69,2;24/09/2026 13:23;
53,74;100;69,17;24/09/2026 13:23;
53,7;100;69,09;24/09/2026 13:23;
53,69;100;69,06;24/09/2026 13:23;
53,67;100;69,02;24/09/2026 13:23;
53,65;100;68,93;24/09/2026 13:23;
53,63;100;68,94;24/09/2026 13:23;
53,61;100;68,91;24/09/2026 13:24;
53,58;100;68,88;24/09/2026 13:24;
53,55;100;68,84;24/09/2026 13:24;
53,53;100;68,83;24/09/2026 13:24;
53,52;100;68,79;24/09/2026 13:24;
53,5;100;68,76;24/09/2026 13:24;
53,47;100;68,73;24/09/2026 13:24;
53,44;100;68,73;24/09/2026 13:24;
53,42;100;68,7;24/09/2026 13:24;
53,4;100;68,73;24/09/2026 13:24;
53,4;100;68,67;24/09/2026 13:24;
53,37;100;68,69;24/09/2026 13:24;
53,36;100;68,63;24/09/2026 13:24;
53,34;100;68,6;24/09/2026 13:24;
53,33;100;68,62;24/09/2026 13:24;
53,3;100;68,57;24/09/2026 13:24;
53,29;100;68,55;24/09/2026 13:24;
53,28;100;68,51;24/09/2026 13:24;
53,25;100;68,49;24/09/2026 13:24;
53,22;100;68,47;24/09/2026 13:24;
53,22;100;68,46;24/09/2026 13:24;
53,2;100;68,44;24/09/2026 13:24;
53,16;100;68,42;24/09/2026 13:24;
53,16;100;68,42;24/09/2026 13:24;
53,16;100;68,4;24/09/2026 13:24;
53,14;100;68,39;24/09/2026 13:24;
53,12;100;68,37;24/09/2026 13:24;
53,09;100;68,35;24/09/2026 13:24;
53,08;100;68,34;24/09/2026 13:24;
53,07;100;68,31;24/09/2026 13:24;
53,06;100;68,29;24/09/2026 13:24;
53,04;100;68,26;24/09/2026 13:24;
53,02;100;68,25;24/09/2026 13:24;
53,01;100;68,21;24/09/2026 13:24;
53;100;68,21;24/09/2026 13:24;
52,97;100;68,18;24/09/2026 13:24;
52,96;100;68,16;24/09/2026 13:24;
52,95;100;68,21;24/09/2026 13:24;
52,94;100;68,19;24/09/2026 13:24;
52,93;100;68,13;24/09/2026 13:24;
52,91;100;68,16;24/09/2026 13:24;
52,89;100;68,06;24/09/2026 13:24;
52,87;100;68,04;24/09/2026 13:24;
52,86;100;68,01;24/09/2026 13:24;
52,84;100;68;24/09/2026 13:24;
52,81;100;67,97;24/09/2026 13:24;
52,79;100;68,04;24/09/2026 13:24;
52,8;100;68,19;24/09/2026 13:24;
52,81;100;68,27;24/09/2026 13:24;
52,81;100;68,44;24/09/2026 13:24;
52,84;100;68,59;24/09/2026 13:24;
52,87;100;68,77;24/09/2026 13:24;
52,92;100;68,9;24/09/2026 13:24;
52,97;100;69,08;24/09/2026 13:24;
53,04;100;69,22;24/09/2026 13:24;
53,08;100;69,31;24/09/2026 13:24;
53,16;100;69,41;24/09/2026 13:24;
53,22;100;69,46;24/09/2026 13:24;
53,28;100;69,54;24/09/2026 13:24;
53,34;100;69,61;24/09/2026 13:24;
53,39;100;69,67;24/09/2026 13:25;
53,42;100;69,73;24/09/2026 13:25;
53,49;100;69,77;24/09/2026 13:25;
53,55;100;69,82;24/09/2026 13:25;
53,59;100;69,87;24/09/2026 13:25;
53,63;100;69,92;24/09/2026 13:25;
53,69;100;69,94;24/09/2026 13:25;
53,71;100;69,96;24/09/2026 13:25;
53,76;100;69,96;24/09/2026 13:25;
53,81;100;69,97;24/09/2026 13:25;
53,84;100;69,97;24/09/2026 13:25;
53,86;100;69,95;24/09/2026 13:25;
53,88;100;69,92;24/09/2026 13:25;
53,91;100;69,92;24/09/2026 13:25;
53,92;100;69,87;24/09/2026 13:25;
53,92;100;69,85;24/09/2026 13:25;
53,93;100;69,82;24/09/2026 13:25;
53,94;100;69,79;24/09/2026 13:25;
53,95;100;69,75;24/09/2026 13:25;
53,94;100;69,72;24/09/2026 13:25;
53,95;100;69,71;24/09/2026 13:25;
53,95;100;69,65;24/09/2026 13:25;
53,95;100;69,62;24/09/2026 13:25;
53,92;100;69,61;24/09/2026 13:25;
53,92;100;69,55;24/09/2026 13:25;
53,92;100;69,52;24/09/2026 13:25;
53,91;100;69,51;24/09/2026 13:25;
53,91;100;69,46;24/09/2026 13:25;
53,88;100;69,42;24/09/2026 13:25;
53,88;100;69,42;24/09/2026 13:25;
53,86;100;69,38;24/09/2026 13:25;
53,86;100;69,34;24/09/2026 13:25;
53,84;100;69,33;24/09/2026 13:25;
53,81;100;69,28;24/09/2026 13:25;
53,8;100;69,23;24/09/2026 13:25;
53,78;100;69,19;24/09/2026 13:25;
53,76;100;69,17;24/09/2026 13:25;
53,75;100;69,19;24/09/2026 13:25;
53,73;100;69,15;24/09/2026 13:25;
53,7;100;69,07;24/09/2026 13:25;
53,7;100;69,02;24/09/2026 13:25;
53,67;100;68,99;24/09/2026 13:25;
53,65;100;69,01;24/09/2026 13:25;
53,62;100;68,93;24/09/2026 13:25;
53,59;100;68,89;24/09/2026 13:25;
53,58;100;68,91;24/09/2026 13:25;
53,56;100;68,83;24/09/2026 13:25;
53,55;100;68,82;24/09/2026 13:25;
53,51;100;68,83;24/09/2026 13:25;
53,5;100;68,76;24/09/2026 13:25;
53,48;100;68,73;24/09/2026 13:25;
53,45;100;68,71;24/09/2026 13:25;
53,42;100;68,69;24/09/2026 13:25;
53,41;100;68,73;24/09/2026 13:25;
53,39;100;68,67;24/09/2026 13:25;
53,37;100;68,63;24/09/2026 13:25;
53,36;100;68,61;24/09/2026 13:25;
53,33;100;68,59;24/09/2026 13:25;
53,31;100;68,57;24/09/2026 13:25;
53,3;100;68,56;24/09/2026 13:25;
53,28;100;68,52;24/09/2026 13:26;
53,25;100;68,51;24/09/2026 13:26;
53,23;100;68,48;24/09/2026 13:26;
53,22;100;68,47;24/09/2026 13:26;
53,21;100;68,45;24/09/2026 13:26;
53,17;100;68,41;24/09/2026 13:26;
53,15;100;68,4;24/09/2026 13:26;
53,14;100;68,45;24/09/2026 13:26;
53,14;100;68,38;24/09/2026 13:26;
53,12;100;68,36;24/09/2026 13:26;
53,09;100;68,31;24/09/2026 13:26;
53,08;100;68,3;24/09/2026 13:26;
53,05;100;68,36;24/09/2026 13:26;
53,06;100;68,29;24/09/2026 13:26;
53,04;100;68,25;24/09/2026 13:26;
53,03;100;68,21;24/09/2026 13:26;
53;100;68,2;24/09/2026 13:26;
52,98;100;68,19;24/09/2026 13:26;
52,97;100;68,16;24/09/2026 13:26;
52,95;100;68,15;24/09/2026 13:26;
52,93;100;68,13;24/09/2026 13:26;
52,9;100;68,1;24/09/2026 13:26;
52,9;100;68,09;24/09/2026 13:26;
52,9;100;68,09;24/09/2026 13:26;
52,86;100;68,03;24/09/2026 13:26;
52,85;100;68,01;24/09/2026 13:26;
52,84;100;68,06;24/09/2026 13:26;
52,84;100;68,06;24/09/2026 13:26;
52,82;100;67,98;24/09/2026 13:26;
52,81;100;68,03;24/09/2026 13:26;
52,79;100;68,17;24/09/2026 13:26;
52,81;100;68,29;24/09/2026 13:26;
52,82;100;68,45;24/09/2026 13:26;
52,84;100;68,6;24/09/2026 13:26;
52,87;100;68,78;24/09/2026 13:26;
52,91;100;68,93;24/09/2026 13:26;
52,98;100;69,1;24/09/2026 13:26;
53,04;100;69,22;24/09/2026 13:26;
53,11;100;69,32;24/09/2026 13:26;
53,15;100;69,41;24/09/2026 13:26;
53,2;100;69,49;24/09/2026 13:26;
53,28;100;69,61;24/09/2026 13:26;
53,35;100;69,6;24/09/2026 13:26;
53,4;100;69,65;24/09/2026 13:26;
53,45;100;69,72;24/09/2026 13:26;
53,48;100;69,77;24/09/2026 13:26;
53,54;100;69,84;24/09/2026 13:26;
53,59;100;69,87;24/09/2026 13:26;
53,63;100;69,92;24/09/2026 13:26;
53,69;100;69,93;24/09/2026 13:26;
53,73;100;69,97;24/09/2026 13:26;
53,77;100;69,98;24/09/2026 13:26;
53,8;100;69,98;24/09/2026 13:26;
53,84;100;69,96;24/09/2026 13:26;
53,85;100;69,93;24/09/2026 13:26;
53,89;100;69,92;24/09/2026 13:26;
53,91;100;69,9;24/09/2026 13:26;
53,92;100;69,87;24/09/2026 13:26;
53,91;100;69,84;24/09/2026 13:26;
53,93;100;69,82;24/09/2026 13:26;
53,94;100;69,79;24/09/2026 13:27;
53,94;100;69,77;24/09/2026 13:27;
53,96;100;69,72;24/09/2026 13:27;
53,95;100;69,67;24/09/2026 13:27;
53,95;100;69,64;24/09/2026 13:27;
53,95;100;69,61;24/09/2026 13:27;
53,93;100;69,59;24/09/2026 13:27;
53,92;100;69,56;24/09/2026 13:27;
53,93;100;69,51;24/09/2026 13:27;
53,91;100;69,52;24/09/2026 13:27;
53,91;100;69,49;24/09/2026 13:27;
53,88;100;69,41;24/09/2026 13:27;
53,86;100;69,38;24/09/2026 13:27;
53,87;100;69,38;24/09/2026 13:27;
53,84;100;69,32;24/09/2026 13:27;
53,83;100;69,32;24/09/2026 13:27;
53,81;100;69,23;24/09/2026 13:27;
53,8;100;69,2;24/09/2026 13:27;
53,76;100;69,14;24/09/2026 13:27;
53,74;100;69,11;24/09/2026 13:27;
53,74;100;69,11;24/09/2026 13:27;
53,72;100;69,09;24/09/2026 13:27;
53,68;100;69,02;24/09/2026 13:27;
53,68;100;69,02;24/09/2026 13:27;
53,66;100;68,98;24/09/2026 13:27;
53,63;100;68,94;24/09/2026 13:27;
53,61;100;68,92;24/09/2026 13:27;
53,6;100;68,89;24/09/2026 13:27;
53,56;100;68,84;24/09/2026 13:27;
53,56;100;68,83;24/09/2026 13:27;
53,53;100;68,81;24/09/2026 13:27;
53,51;100;68,77;24/09/2026 13:27;
53,48;100;68,75;24/09/2026 13:27;
53,45;100;68,71;24/09/2026 13:27;
53,44;100;68,7;24/09/2026 13:27;
53,42;100;68,69;24/09/2026 13:27;
53,39;100;68,65;24/09/2026 13:27;
53,38;100;68,63;24/09/2026 13:27;
53,36;100;68,61;24/09/2026 13:27;
53,33;100;68,59;24/09/2026 13:27;
53,31;100;68,59;24/09/2026 13:27;
53,3;100;68,59;24/09/2026 13:27;
53,29;100;68,54;24/09/2026 13:27;
53,26;100;68,54;24/09/2026 13:27;
53,25;100;68,49;24/09/2026 13:27;
53,23;100;68,49;24/09/2026 13:27;
53,2;100;68,45;24/09/2026 13:27;
53,19;100;68,42;24/09/2026 13:27;
53,18;100;68,42;24/09/2026 13:27;
53,17;100;68,39;24/09/2026 13:27;
53,14;100;68,38;24/09/2026 13:27;
53,14;100;68,36;24/09/2026 13:27;
53,11;100;68,34;24/09/2026 13:27;
53,09;100;68,32;24/09/2026 13:27;
53,07;100;68,31;24/09/2026 13:27;
53,06;100;68,3;24/09/2026 13:27;
53,05;100;68,26;24/09/2026 13:27;
53,02;100;68,25;24/09/2026 13:27;
53,01;100;68,23;24/09/2026 13:27;
52,98;100;68,18;24/09/2026 13:27;
52,98;100;68,17;24/09/2026 13:28;
52,96;100;68,16;24/09/2026 13:28;
52,94;100;68,14;24/09/2026 13:28;
52,91;100;68,11;24/09/2026 13:28;
52,9;100;68,09;24/09/2026 13:28;
52,89;100;68,06;24/09/2026 13:28;
52,88;100;68,04;24/09/2026 13:28;
52,84;100;68,01;24/09/2026 13:28;
52,84;100;68,01;24/09/2026 13:28;
52,82;100;67,99;24/09/2026 13:28;
52,81;100;67,98;24/09/2026 13:28;
52,79;100;68,06;24/09/2026 13:28;
52,8;100;68,18;24/09/2026 13:28;
52,79;100;68,34;24/09/2026 13:28;
52,83;100;68,49;24/09/2026 13:28;
52,86;100;68,66;24/09/2026 13:28;
52,88;100;68,81;24/09/2026 13:28;
52,93;100;68,99;24/09/2026 13:28;
53;100;69,13;24/09/2026 13:28;
53;100;69,13;24/09/2026 13:28;
53,06;100;69,28;24/09/2026 13:28;
53,13;100;69,35;24/09/2026 13:28;
53,18;100;69,43;24/09/2026 13:28;
53,25;100;69,5;24/09/2026 13:28;
53,3;100;69,56;24/09/2026 13:28;
53,36;100;69,61;24/09/2026 13:28;
53,4;100;69,69;24/09/2026 13:28;
53,47;100;69,76;24/09/2026 13:28;
53,51;100;69,8;24/09/2026 13:28;
53,55;100;69,85;24/09/2026 13:28;
53,61;100;69,9;24/09/2026 13:28;
53,65;100;69,94;24/09/2026 13:28;
53,7;100;69,96;24/09/2026 13:28;
53,74;100;69,98;24/09/2026 13:28;
53,78;100;70;24/09/2026 13:28;
53,81;100;70;24/09/2026 13:28;
53,85;100;69,97;24/09/2026 13:28;
53,87;100;69,96;24/09/2026 13:28;
53,89;100;69,92;24/09/2026 13:28;
53,91;100;69,91;24/09/2026 13:28;
53,92;100;69,89;24/09/2026 13:28;
53,94;100;69,84;24/09/2026 13:28;
53,94;100;69,82;24/09/2026 13:28;
53,95;100;69,8;24/09/2026 13:28;
53,95;100;69,82;24/09/2026 13:28;
53,95;100;69,72;24/09/2026 13:28;
53,95;100;69,7;24/09/2026 13:28;
53,95;100;69,65;24/09/2026 13:28;
53,95;100;69,62;24/09/2026 13:28;
53,93;100;69,58;24/09/2026 13:28;
53,94;100;69,54;24/09/2026 13:28;
53,92;100;69,52;24/09/2026 13:28;
53,89;100;69,49;24/09/2026 13:28;
53,91;100;69,44;24/09/2026 13:28;
53,89;100;69,39;24/09/2026 13:28;
53,86;100;69,38;24/09/2026 13:28;
53,85;100;69,34;24/09/2026 13:28;
53,84;100;69,3;24/09/2026 13:28;
53,83;100;69,25;24/09/2026 13:28;
53,8;100;69,2;24/09/2026 13:28;
53,76;100;69,21;24/09/2026 13:29;
53,76;100;69,15;24/09/2026 13:29;
53,75;100;69,1;24/09/2026 13:29;
53,73;100;69,09;24/09/2026 13:29;
53,72;100;69,04;24/09/2026 13:29;
53,68;100;69,02;24/09/2026 13:29;
53,65;100;68,98;24/09/2026 13:29;
53,64;100;68,96;24/09/2026 13:29;
53,62;100;68,91;24/09/2026 13:29;
53,59;100;68,88;24/09/2026 13:29;
53,58;100;68,86;24/09/2026 13:29;
53,55;100;68,83;24/09/2026 13:29;
53,53;100;68,8;24/09/2026 13:29;
53,5;100;68,78;24/09/2026 13:29;
53,47;100;68,76;24/09/2026 13:29;
53,47;100;68,8;24/09/2026 13:29;
53,44;100;68,71;24/09/2026 13:29;
53,44;100;68,69;24/09/2026 13:29;
53,4;100;68,65;24/09/2026 13:29;
53,39;100;68,63;24/09/2026 13:29;
53,36;100;68,62;24/09/2026 13:29;
53,34;100;68,67;24/09/2026 13:29;
53,34;100;68,67;24/09/2026 13:29;
53,33;100;68,6;24/09/2026 13:29;
53,31;100;68,57;24/09/2026 13:29;
53,29;100;68,54;24/09/2026 13:29;
53,27;100;68,51;24/09/2026 13:29;
53,27;100;68,51;24/09/2026 13:29;
53,24;100;68,5;24/09/2026 13:29;
53,24;100;68,49;24/09/2026 13:29;
53,22;100;68,46;24/09/2026 13:29;
53,18;100;68,44;24/09/2026 13:29;
53,17;90;68,4;24/09/2026 13:29;
53,16;90;68,46;24/09/2026 13:29;
53,14;90;68,46;24/09/2026 13:29;
53,11;90;68,45;24/09/2026 13:29;
53,1;90;68,49;24/09/2026 13:29;
53,07;90;68,42;24/09/2026 13:29;
53,03;90;68,41;24/09/2026 13:29;
53,02;90;68,39;24/09/2026 13:29;
53;90;68,37;24/09/2026 13:29;
52,96;90;68,35;24/09/2026 13:29;
52,93;90;68,35;24/09/2026 13:29;
52,91;90;68,31;24/09/2026 13:29;
52,9;90;68,29;24/09/2026 13:29;
52,87;90;68,26;24/09/2026 13:29;
52,84;90;68,25;24/09/2026 13:29;
52,82;90;68,23;24/09/2026 13:29;
52,77;90;68,19;24/09/2026 13:29;
52,76;90;68,15;24/09/2026 13:29;
52,75;90;68,15;24/09/2026 13:29;
52,7;90;68,13;24/09/2026 13:29;
52,71;90;68,09;24/09/2026 13:29;
52,67;90;68,07;24/09/2026 13:29;
52,65;90;68,13;24/09/2026 13:29;
52,64;90;68,24;24/09/2026 13:29;
52,64;90;68,38;24/09/2026 13:29;
52,64;90;68,57;24/09/2026 13:29;
52,68;90;68,69;24/09/2026 13:29;
52,71;90;68,86;24/09/2026 13:29;
52,76;90;69,02;24/09/2026 13:30;
52,79;90;69,18;24/09/2026 13:30;
52,87;90;69,38;24/09/2026 13:30;
52,92;90;69,41;24/09/2026 13:30;
52,98;90;69,49;24/09/2026 13:30;
53,03;90;69,56;24/09/2026 13:30;
53,09;90;69,63;24/09/2026 13:30;
53,14;90;69,69;24/09/2026 13:30;
53,18;90;69,75;24/09/2026 13:30;
53,24;90;69,79;24/09/2026 13:30;
53,27;90;69,85;24/09/2026 13:30;
53,35;90;69,9;24/09/2026 13:30;
53,37;90;69,96;24/09/2026 13:30;
53,44;90;69,97;24/09/2026 13:30;
53,48;90;70,02;24/09/2026 13:30;
53,51;90;70,03;24/09/2026 13:30;
53,54;90;70,04;24/09/2026 13:30;
53,6;90;70,04;24/09/2026 13:30;
53,62;90;70,04;24/09/2026 13:30;
53,65;90;70,02;24/09/2026 13:30;
53,65;90;70,02;24/09/2026 13:30;
53,69;90;69,96;24/09/2026 13:30;
53,71;90;69,93;24/09/2026 13:30;
53,7;90;69,92;24/09/2026 13:30;
53,7;90;69,92;24/09/2026 13:30;
53,73;90;69,87;24/09/2026 13:30;
53,74;90;69,84;24/09/2026 13:30;
53,73;90;69,81;24/09/2026 13:30;
53,74;90;69,77;24/09/2026 13:30;
53,73;90;69,75;24/09/2026 13:30;
53,74;90;69,7;24/09/2026 13:30;
53,73;90;69,7;24/09/2026 13:30;
53,73;90;69,64;24/09/2026 13:30;
53,7;90;69,61;24/09/2026 13:30;
53,71;90;69,58;24/09/2026 13:30;
53,69;90;69,54;24/09/2026 13:30;
53,69;90;69,51;24/09/2026 13:30;
53,65;90;69,48;24/09/2026 13:30;
53,65;90;69,43;24/09/2026 13:30;
53,64;90;69,39;24/09/2026 13:30;
53,62;90;69,35;24/09/2026 13:30;
53,61;90;69,32;24/09/2026 13:30;
53,59;90;69,29;24/09/2026 13:30;
53,58;90;69,24;24/09/2026 13:30;
53,56;90;69,22;24/09/2026 13:30;
53,53;90;69,19;24/09/2026 13:30;
53,51;90;69,14;24/09/2026 13:30;
53,49;90;69,11;24/09/2026 13:30;
53,47;90;69,08;24/09/2026 13:30;
53,44;90;69,09;24/09/2026 13:30;
53,44;90;69,09;24/09/2026 13:30;
53,41;90;69;24/09/2026 13:30;
53,39;90;68,96;24/09/2026 13:30;
53,36;90;68,93;24/09/2026 13:30;
53,35;90;68,9;24/09/2026 13:30;
53,29;90;68,86;24/09/2026 13:30;
53,29;90;68,83;24/09/2026 13:30;
53,28;90;68,81;24/09/2026 13:30;
53,25;90;68,79;24/09/2026 13:30;
53,23;90;68,78;24/09/2026 13:30;
53,22;90;68,75;24/09/2026 13:31;
53,18;90;68,73;24/09/2026 13:31;
53,17;90;68,7;24/09/2026 13:31;
53,15;90;68,7;24/09/2026 13:31;
53,13;90;68,68;24/09/2026 13:31;
53,1;90;68,66;24/09/2026 13:31;
53,09;90;68,65;24/09/2026 13:31;
53,07;90;68,6;24/09/2026 13:31;
53,06;90;68,6;24/09/2026 13:31;
53,04;90;68,59;24/09/2026 13:31;
53,01;90;68,55;24/09/2026 13:31;
53;90;68,54;24/09/2026 13:31;
52,99;90;68,51;24/09/2026 13:31;
52,97;90;68,49;24/09/2026 13:31;
52,94;90;68,49;24/09/2026 13:31;
52,93;90;68,46;24/09/2026 13:31;
52,92;90;68,45;24/09/2026 13:31;
52,89;90;68,44;24/09/2026 13:31;
52,89;90;68,4;24/09/2026 13:31;
52,87;90;68,39;24/09/2026 13:31;
52,85;90;68,38;24/09/2026 13:31;
52,83;90;68,44;24/09/2026 13:31;
52,82;90;68,39;24/09/2026 13:31;
52,82;90;68,39;24/09/2026 13:31;
52,81;90;68,31;24/09/2026 13:31;
52,79;90;68,29;24/09/2026 13:31;
52,76;90;68,28;24/09/2026 13:31;
52,76;90;68,28;24/09/2026 13:31;
52,73;90;68,23;24/09/2026 13:31;
52,71;90;68,21;24/09/2026 13:31;
52,7;90;68,18;24/09/2026 13:31;
52,68;90;68,15;24/09/2026 13:31;
52,67;90;68,14;24/09/2026 13:31;
52,65;90;68,13;24/09/2026 13:31;
52,63;90;68,09;24/09/2026 13:31;
52,6;90;68,09;24/09/2026 13:31;
52,59;90;68,05;24/09/2026 13:31;
52,58;90;68,09;24/09/2026 13:31;
52,57;90;68,16;24/09/2026 13:31;
52,56;90;68,29;24/09/2026 13:31;
52,57;90;68,45;24/09/2026 13:31;
52,57;90;68,6;24/09/2026 13:31;
52,62;90;68,77;24/09/2026 13:31;
52,67;90;68,94;24/09/2026 13:31;
52,71;90;69,09;24/09/2026 13:31;
52,78;90;69,23;24/09/2026 13:31;
52,83;90;69,34;24/09/2026 13:31;
52,89;90;69,42;24/09/2026 13:31;
52,94;90;69,51;24/09/2026 13:31;
53,01;90;69,59;24/09/2026 13:31;
53,07;90;69,64;24/09/2026 13:31;
53,12;90;69,7;24/09/2026 13:31;
53,17;90;69,75;24/09/2026 13:31;
53,21;90;69,81;24/09/2026 13:31;
53,28;90;69,85;24/09/2026 13:31;
53,33;90;69,92;24/09/2026 13:31;
53,37;90;69,96;24/09/2026 13:31;
53,42;90;69,98;24/09/2026 13:31;
53,46;90;70,02;24/09/2026 13:31;
53,51;90;70,04;24/09/2026 13:31;
53,52;90;70,03;24/09/2026 13:32;
53,58;90;70,02;24/09/2026 13:32;
53,61;90;70,02;24/09/2026 13:32;
53,63;90;69,98;24/09/2026 13:32;
53,65;90;69,95;24/09/2026 13:32;
53,69;90;70;24/09/2026 13:32;
53,69;90;69,9;24/09/2026 13:32;
53,71;90;69,87;24/09/2026 13:32;
53,7;90;69,85;24/09/2026 13:32;
53,7;90;69,81;24/09/2026 13:32;
53,71;90;69,79;24/09/2026 13:32;
53,71;90;69,75;24/09/2026 13:32;
53,72;90;69,72;24/09/2026 13:32;
53,72;90;69,67;24/09/2026 13:32;
53,72;90;69,66;24/09/2026 13:32;
53,72;90;69,62;24/09/2026 13:32;
53,7;90;69,6;24/09/2026 13:32;
53,67;90;69,55;24/09/2026 13:32;
53,68;90;69,52;24/09/2026 13:32;
53,67;90;69,49;24/09/2026 13:32;
53,67;90;69,45;24/09/2026 13:32;
53,64;90;69,43;24/09/2026 13:32;
53,64;90;69,42;24/09/2026 13:32;
53,62;90;69,35;24/09/2026 13:32;
53,59;90;69,32;24/09/2026 13:32;
53,59;90;69,32;24/09/2026 13:32;
53,58;90;69,27;24/09/2026 13:32;
53,56;90;69,23;24/09/2026 13:32;
53,53;90;69,21;24/09/2026 13:32;
53,51;90;69,17;24/09/2026 13:32;
53,51;90;69,12;24/09/2026 13:32;
53,49;90;69,09;24/09/2026 13:32;
53,45;79,99;69,07;24/09/2026 13:32;
53,43;79,99;69,2;24/09/2026 13:32;
53,39;79,99;69,15;24/09/2026 13:32;
53,36;79,99;69,12;24/09/2026 13:32;
53,32;79,99;69,08;24/09/2026 13:32;
53,28;79,99;69,04;24/09/2026 13:32;
53,25;79,99;69,09;24/09/2026 13:32;
53,23;79,99;69;24/09/2026 13:32;
53,2;79,99;68,97;24/09/2026 13:32;
53,17;79,99;68,94;24/09/2026 13:32;
53,14;79,99;68,91;24/09/2026 13:32;
53,09;79,99;68,9;24/09/2026 13:32;
53,06;79,99;68,87;24/09/2026 13:32;
53,05;79,99;68,84;24/09/2026 13:32;
53,01;79,99;68,83;24/09/2026 13:32;
52,98;79,99;68,81;24/09/2026 13:32;
52,95;79,99;68,79;24/09/2026 13:32;
52,93;79,99;68,77;24/09/2026 13:32;
52,92;79,99;68,8;24/09/2026 13:32;
52,89;79,99;68,8;24/09/2026 13:32;
52,87;79,99;68,76;24/09/2026 13:32;
52,84;79,99;68,69;24/09/2026 13:32;
52,81;79,99;68,67;24/09/2026 13:32;
52,79;79,99;68,65;24/09/2026 13:32;
52,76;79,99;68,63;24/09/2026 13:32;
52,74;79,99;68,6;24/09/2026 13:32;
52,72;79,99;68,58;24/09/2026 13:32;
52,69;79,99;68,56;24/09/2026 13:32;
52,68;79,99;68,52;24/09/2026 13:33;
52,65;79,99;68,52;24/09/2026 13:33;
52,62;79,99;68,5;24/09/2026 13:33;
52,6;79,99;68,48;24/09/2026 13:33;
52,58;79,99;68,47;24/09/2026 13:33;
52,57;79,99;68,44;24/09/2026 13:33;
52,55;79,99;68,41;24/09/2026 13:33;
52,53;79,99;68,4;24/09/2026 13:33;
52,5;79,99;68,38;24/09/2026 13:33;
52,5;79,99;68,37;24/09/2026 13:33;
52,45;79,99;68,35;24/09/2026 13:33;
52,45;79,99;68,32;24/09/2026 13:33;
52,45;79,99;68,32;24/09/2026 13:33;
52,4;79,99;68,35;24/09/2026 13:33;
52,4;79,99;68,35;24/09/2026 13:33;
52,39;79,99;68,32;24/09/2026 13:33;
52,37;79,99;68,25;24/09/2026 13:33;
52,35;79,99;68,23;24/09/2026 13:33;
52,32;79,99;68,19;24/09/2026 13:33;
52,31;79,99;68,17;24/09/2026 13:33;
52,26;79,99;68,27;24/09/2026 13:33;
52,26;79,99;68,39;24/09/2026 13:33;
52,26;79,99;68,39;24/09/2026 13:33;
52,27;79,99;68,54;24/09/2026 13:33;
52,28;79,99;68,69;24/09/2026 13:33;
52,31;79,99;68,86;24/09/2026 13:33;
52,34;79,99;69,03;24/09/2026 13:33;
52,4;79,99;69,19;24/09/2026 13:33;
52,44;79,99;69,33;24/09/2026 13:33;
52,5;79,99;69,46;24/09/2026 13:33;
52,57;79,99;69,55;24/09/2026 13:33;
52,6;79,99;69,61;24/09/2026 13:33;
52,68;79,99;69,67;24/09/2026 13:33;
52,73;79,99;69,74;24/09/2026 13:33;
52,78;79,99;69,8;24/09/2026 13:33;
52,8;79,99;69,84;24/09/2026 13:33;
52,87;79,99;69,9;24/09/2026 13:33;
52,94;79,99;69,95;24/09/2026 13:33;
52,97;79,99;70,01;24/09/2026 13:33;
53,03;79,99;70,05;24/09/2026 13:33;
53,07;79,99;70,1;24/09/2026 13:33;
53,12;79,99;70,12;24/09/2026 13:33;
53,13;79,99;70,12;24/09/2026 13:33;
53,18;79,99;70,14;24/09/2026 13:33;
53,23;79,99;70,14;24/09/2026 13:33;
53,25;79,99;70,12;24/09/2026 13:33;
53,28;79,99;70,11;24/09/2026 13:33;
53,29;79,99;70,06;24/09/2026 13:33;
53,31;79,99;70,04;24/09/2026 13:33;
53,33;79,99;70,01;24/09/2026 13:33;
53,31;79,99;69,98;24/09/2026 13:33;
53,35;79,99;69,96;24/09/2026 13:33;
53,34;79,99;69,92;24/09/2026 13:33;
53,36;79,99;69,87;24/09/2026 13:33;
53,36;79,99;69,85;24/09/2026 13:33;
53,35;79,99;69,82;24/09/2026 13:33;
53,34;79,99;69,8;24/09/2026 13:33;
53,34;79,99;69,76;24/09/2026 13:33;
53,33;79,99;69,73;24/09/2026 13:33;
53,33;79,99;69,67;24/09/2026 13:33;
53,31;79,99;69,65;24/09/2026 13:34;
53,31;79,99;69,62;24/09/2026 13:34;
53,29;79,99;69,62;24/09/2026 13:34;
53,29;79,99;69,54;24/09/2026 13:34;
53,26;79,99;69,51;24/09/2026 13:34;
53,26;79,99;69,48;24/09/2026 13:34;
53,25;79,99;69,44;24/09/2026 13:34;
53,22;79,99;69,4;24/09/2026 13:34;
53,2;79,99;69,37;24/09/2026 13:34;
53,18;79,99;69,32;24/09/2026 13:34;
53,17;79,99;69,29;24/09/2026 13:34;
53,14;79,99;69,24;24/09/2026 13:34;
53,14;79,99;69,22;24/09/2026 13:34;
53,12;79,99;69,18;24/09/2026 13:34;
53,08;79,99;69,14;24/09/2026 13:34;
53,06;79,99;69,12;24/09/2026 13:34;
53,06;79,99;69,09;24/09/2026 13:34;
53,04;79,99;69,07;24/09/2026 13:34;
53;79,99;69,03;24/09/2026 13:34;
52,98;79,99;69,03;24/09/2026 13:34;
52,97;79,99;68,97;24/09/2026 13:34;
52,94;79,99;69;24/09/2026 13:34;
52,93;79,99;69;24/09/2026 13:34;
52,91;79,99;68,93;24/09/2026 13:34;
52,89;79,99;68,9;24/09/2026 13:34;
52,86;79,99;68,87;24/09/2026 13:34;
52,84;79,99;68,84;24/09/2026 13:34;
52,83;79,99;68,89;24/09/2026 13:34;
52,81;79,99;68,81;24/09/2026 13:34;
52,79;79,99;68,8;24/09/2026 13:34;
52,77;79,99;68,78;24/09/2026 13:34;
52,75;79,99;68,77;24/09/2026 13:34;
52,74;79,99;68,73;24/09/2026 13:34;
52,71;79,99;68,72;24/09/2026 13:34;
52,7;79,99;68,69;24/09/2026 13:34;
52,67;79,99;68,68;24/09/2026 13:34;
52,65;79,99;68,66;24/09/2026 13:34;
52,64;79,99;68,63;24/09/2026 13:34;
52,64;79,99;68,61;24/09/2026 13:34;
52,61;79,99;68,6;24/09/2026 13:34;
52,57;79,99;68,57;24/09/2026 13:34;
52,57;79,99;68,56;24/09/2026 13:34;
52,56;79,99;68,55;24/09/2026 13:34;
52,53;79,99;68,51;24/09/2026 13:34;
52,54;79,99;68,5;24/09/2026 13:34;
52,51;79,99;68,5;24/09/2026 13:34;
52,48;79,99;68,46;24/09/2026 13:34;
52,48;79,99;68,46;24/09/2026 13:34;
52,46;79,99;68,42;24/09/2026 13:34;
52,43;79,99;68,41;24/09/2026 13:34;
52,42;79,99;68,39;24/09/2026 13:34;
52,41;79,99;68,38;24/09/2026 13:34;
52,39;79,99;68,37;24/09/2026 13:34;
52,37;79,99;68,34;24/09/2026 13:34;
52,35;79,99;68,3;24/09/2026 13:34;
52,34;79,99;68,28;24/09/2026 13:34;
52,33;79,99;68,27;24/09/2026 13:34;
52,31;79,99;68,25;24/09/2026 13:34;
52,29;79,99;68,23;24/09/2026 13:34;
52,26;79,99;68,19;24/09/2026 13:34;
52,25;79,99;68,18;24/09/2026 13:35;
52,24;79,99;68,16;24/09/2026 13:35;
52,22;79,99;68,14;24/09/2026 13:35;
52,19;79,99;68,19;24/09/2026 13:35;
52,18;79,99;68,3;24/09/2026 13:35;
52,21;79,99;68,42;24/09/2026 13:35;
52,21;79,99;68,6;24/09/2026 13:35;
52,24;79,99;68,78;24/09/2026 13:35;
52,27;79,99;68,94;24/09/2026 13:35;
52,31;79,99;69,09;24/09/2026 13:35;
52,35;79,99;69,27;24/09/2026 13:35;
52,41;79,99;69,4;24/09/2026 13:35;
52,46;79,99;69,48;24/09/2026 13:35;
52,54;79,99;69,56;24/09/2026 13:35;
52,6;79,99;69,63;24/09/2026 13:35;
52,65;79,99;69,7;24/09/2026 13:35;
52,7;79,99;69,76;24/09/2026 13:35;
52,7;79,99;69,83;24/09/2026 13:35;
52,76;79,99;69,86;24/09/2026 13:35;
52,81;79,99;69,92;24/09/2026 13:35;
52,84;79,99;69,92;24/09/2026 13:35;
52,9;79,99;69,96;24/09/2026 13:35;
52,96;79,99;70,02;24/09/2026 13:35;
53;79,99;70,06;24/09/2026 13:35;
53,05;79,99;70,08;24/09/2026 13:35;
53,08;79,99;70,11;24/09/2026 13:35;
53,13;79,99;70,13;24/09/2026 13:35;
53,16;79,99;70,12;24/09/2026 13:35;
53,2;79,99;70,11;24/09/2026 13:35;
53,21;79,99;70,1;24/09/2026 13:35;
53,24;79,99;70,06;24/09/2026 13:35;
53,27;79,99;70,03;24/09/2026 13:35;
53,29;70;70,02;24/09/2026 13:35;
53,27;70;70,46;24/09/2026 13:35;
53,24;70;70,44;24/09/2026 13:35;
53,23;70;70,38;24/09/2026 13:35;
53,22;70;70,38;24/09/2026 13:35;
53,2;70;70,27;24/09/2026 13:35;
53,17;70;70,24;24/09/2026 13:35;
53,15;70;70,18;24/09/2026 13:35;
53,12;70;70,14;24/09/2026 13:35;
53,11;70;70,08;24/09/2026 13:35;
53,09;70;70,05;24/09/2026 13:35;
53,06;70;70,01;24/09/2026 13:35;
53,03;70;69,96;24/09/2026 13:35;
53,02;70;69,92;24/09/2026 13:35;
52,98;70;69,89;24/09/2026 13:35;
52,97;70;69,83;24/09/2026 13:35;
52,93;70;69,8;24/09/2026 13:35;
52,92;70;69,75;24/09/2026 13:35;
52,89;70;69,71;24/09/2026 13:35;
52,85;70;69,66;24/09/2026 13:35;
52,82;70;69,61;24/09/2026 13:35;
52,79;70;69,58;24/09/2026 13:35;
52,77;70;69,53;24/09/2026 13:35;
52,75;70;69,5;24/09/2026 13:35;
52,69;70;69,46;24/09/2026 13:35;
52,7;70;69,41;24/09/2026 13:35;
52,65;70;69,42;24/09/2026 13:35;
52,64;70;69,33;24/09/2026 13:35;
52,6;70;69,29;24/09/2026 13:36;
52,57;70;69,27;24/09/2026 13:36;
52,53;70;69,22;24/09/2026 13:36;
52,52;70;69,19;24/09/2026 13:36;
52,5;70;69,15;24/09/2026 13:36;
52,46;70;69,12;24/09/2026 13:36;
52,43;70;69,1;24/09/2026 13:36;
52,4;70;69,06;24/09/2026 13:36;
52,38;70;69,03;24/09/2026 13:36;
52,35;70;69,01;24/09/2026 13:36;
52,33;70;68,99;24/09/2026 13:36;
52,31;70;68,96;24/09/2026 13:36;
52,28;70;68,94;24/09/2026 13:36;
52,27;70;68,92;24/09/2026 13:36;
52,24;70;68,89;24/09/2026 13:36;
52,22;70;68,87;24/09/2026 13:36;
52,19;70;68,84;24/09/2026 13:36;
52,17;70;68,83;24/09/2026 13:36;
52,15;70;68,8;24/09/2026 13:36;
52,13;70;68,79;24/09/2026 13:36;
52,09;70;68,77;24/09/2026 13:36;
52,08;70;68,75;24/09/2026 13:36;
52,07;70;68,73;24/09/2026 13:36;
52,07;70;68,73;24/09/2026 13:36;
52,04;70;68,71;24/09/2026 13:36;
52,02;70;68,7;24/09/2026 13:36;
52,01;70;68,66;24/09/2026 13:36;
51,99;70;68,66;24/09/2026 13:36;
51,96;70;68,61;24/09/2026 13:36;
51,93;70;68,61;24/09/2026 13:36;
51,93;70;68,6;24/09/2026 13:36;
51,92;70;68,58;24/09/2026 13:36;
51,9;70;68,55;24/09/2026 13:36;
51,86;70;68,59;24/09/2026 13:36;
51,88;70;68,52;24/09/2026 13:36;
51,85;70;68,49;24/09/2026 13:36;
51,83;70;68,46;24/09/2026 13:36;
51,81;70;68,45;24/09/2026 13:36;
51,79;70;68,44;24/09/2026 13:36;
51,77;70;68,4;24/09/2026 13:36;
51,74;70;68,38;24/09/2026 13:36;
51,74;70;68,37;24/09/2026 13:36;
51,71;70;68,35;24/09/2026 13:36;
51,71;70;68,3;24/09/2026 13:36;
51,68;70;68,28;24/09/2026 13:36;
51,66;70;68,26;24/09/2026 13:36;
51,65;70;68,35;24/09/2026 13:36;
51,64;70;68,47;24/09/2026 13:36;
51,64;70;68,61;24/09/2026 13:36;
51,66;70;68,78;24/09/2026 13:36;
51,68;70;68,94;24/09/2026 13:36;
51,71;70;69,13;24/09/2026 13:36;
51,76;70;69,31;24/09/2026 13:36;
51,81;70;69,46;24/09/2026 13:36;
51,85;70;69,56;24/09/2026 13:36;
51,93;70;69,67;24/09/2026 13:36;
51,97;70;69,73;24/09/2026 13:36;
52,04;70;69,82;24/09/2026 13:36;
52,1;70;69,86;24/09/2026 13:36;
52,11;70;69,94;24/09/2026 13:36;
52,18;70;70;24/09/2026 13:37;
52,23;70;70,05;24/09/2026 13:37;
52,28;70;70,1;24/09/2026 13:37;
52,33;70;70,16;24/09/2026 13:37;
52,38;70;70,21;24/09/2026 13:37;
52,42;70;70,24;24/09/2026 13:37;
52,45;70;70,26;24/09/2026 13:37;
52,5;70;70,26;24/09/2026 13:37;
52,53;70;70,27;24/09/2026 13:37;
52,56;70;70,27;24/09/2026 13:37;
52,6;70;70,26;24/09/2026 13:37;
52,62;70;70,25;24/09/2026 13:37;
52,62;70;70,21;24/09/2026 13:37;
52,67;70;70,2;24/09/2026 13:37;
52,67;70;70,16;24/09/2026 13:37;
52,68;70;70,13;24/09/2026 13:37;
52,68;70;70,08;24/09/2026 13:37;
52,7;70;70,05;24/09/2026 13:37;
52,7;70;70,02;24/09/2026 13:37;
52,7;70;69,98;24/09/2026 13:37;
52,7;70;69,94;24/09/2026 13:37;
52,7;70;69,9;24/09/2026 13:37;
52,7;70;69,86;24/09/2026 13:37;
52,68;70;69,84;24/09/2026 13:37;
52,68;70;69,79;24/09/2026 13:37;
52,68;70;69,76;24/09/2026 13:37;
52,66;70;69,76;24/09/2026 13:37;
52,65;70;69,72;24/09/2026 13:37;
52,64;70;69,7;24/09/2026 13:37;
52,63;70;69,67;24/09/2026 13:37;
52,62;70;69,59;24/09/2026 13:37;
52,6;70;69,59;24/09/2026 13:37;
52,59;70;69,51;24/09/2026 13:37;
52,57;70;69,51;24/09/2026 13:37;
52,56;70;69,46;24/09/2026 13:37;
52,53;70;69,42;24/09/2026 13:37;
52,53;70;69,41;24/09/2026 13:37;
52,51;70;69,37;24/09/2026 13:37;
52,48;70;69,33;24/09/2026 13:37;
52,46;70;69,3;24/09/2026 13:37;
52,44;70;69,25;24/09/2026 13:37;
52,42;70;69,23;24/09/2026 13:37;
52,4;70;69,21;24/09/2026 13:37;
52,39;70;69,17;24/09/2026 13:37;
52,35;70;69,14;24/09/2026 13:37;
52,34;70;69,11;24/09/2026 13:37;
52,33;70;69,08;24/09/2026 13:37;
52,3;70;69,07;24/09/2026 13:37;
52,29;70;69,04;24/09/2026 13:37;
52,27;70;69,02;24/09/2026 13:37;
52,25;70;69,07;24/09/2026 13:37;
52,24;70;69;24/09/2026 13:37;
52,21;70;68,97;24/09/2026 13:37;
52,2;70;68,93;24/09/2026 13:37;
52,18;70;68,99;24/09/2026 13:37;
52,16;70;68,91;24/09/2026 13:37;
52,15;70;68,88;24/09/2026 13:37;
52,11;70;68,86;24/09/2026 13:37;
52,1;70;68,83;24/09/2026 13:37;
52,09;70;68,81;24/09/2026 13:37;
52,08;70;68,8;24/09/2026 13:38;
52,05;70;68,79;24/09/2026 13:38;
52,04;70;68,78;24/09/2026 13:38;
52,03;70;68,73;24/09/2026 13:38;
52;70;68,73;24/09/2026 13:38;
51,98;70;68,71;24/09/2026 13:38;
51,97;70;68,69;24/09/2026 13:38;
51,96;70;68,68;24/09/2026 13:38;
51,92;70;68,66;24/09/2026 13:38;
51,93;70;68,62;24/09/2026 13:38;
51,9;70;68,61;24/09/2026 13:38;
51,89;70;68,6;24/09/2026 13:38;
51,87;70;68,59;24/09/2026 13:38;
51,85;70;68,57;24/09/2026 13:38;
51,84;70;68,52;24/09/2026 13:38;
51,84;70;68,51;24/09/2026 13:38;
51,82;70;68,49;24/09/2026 13:38;
51,79;70;68,47;24/09/2026 13:38;
51,79;70;68,45;24/09/2026 13:38;
51,77;70;68,45;24/09/2026 13:38;
51,74;70;68,46;24/09/2026 13:38;
51,74;70;68,41;24/09/2026 13:38;
51,71;70;68,37;24/09/2026 13:38;
51,7;70;68,35;24/09/2026 13:38;
51,68;70;68,34;24/09/2026 13:38;
51,66;70;68,31;24/09/2026 13:38;
51,66;70;68,31;24/09/2026 13:38;
51,64;70;68,29;24/09/2026 13:38;
51,63;70;68,25;24/09/2026 13:38;
51,63;70;68,3;24/09/2026 13:38;
51,62;70;68,44;24/09/2026 13:38;
51,62;70;68,57;24/09/2026 13:38;
51,63;60;68,75;24/09/2026 13:38;
51,62;60;69,61;24/09/2026 13:38;
51,59;60;69,75;24/09/2026 13:38;
51,59;60;69,89;24/09/2026 13:38;
51,6;60;69,97;24/09/2026 13:38;
51,6;60;70,06;24/09/2026 13:38;
51,62;60;70,13;24/09/2026 13:38;
51,62;60;70,16;24/09/2026 13:38;
51,63;60;70,23;24/09/2026 13:38;
51,65;60;70,29;24/09/2026 13:38;
51,65;60;70,33;24/09/2026 13:38;
51,69;60;70,38;24/09/2026 13:38;
51,71;60;70,43;24/09/2026 13:38;
51,73;60;70,49;24/09/2026 13:38;
51,74;60;70,53;24/09/2026 13:38;
51,77;60;70,57;24/09/2026 13:38;
51,79;60;70,6;24/09/2026 13:38;
51,81;60;70,65;24/09/2026 13:38;
51,82;60;70,63;24/09/2026 13:38;
51,85;60;70,6;24/09/2026 13:38;
51,87;60;70,62;24/09/2026 13:38;
51,87;60;70,59;24/09/2026 13:38;
51,88;60;70,56;24/09/2026 13:38;
51,9;60;70,53;24/09/2026 13:38;
51,9;60;70,48;24/09/2026 13:38;
51,9;60;70,44;24/09/2026 13:38;
51,91;60;70,41;24/09/2026 13:38;
51,9;60;70,36;24/09/2026 13:38;
51,89;60;70,35;24/09/2026 13:39;
51,88;60;70,28;24/09/2026 13:39;
51,88;60;70,26;24/09/2026 13:39;
51,86;60;70,21;24/09/2026 13:39;
51,85;60;70,18;24/09/2026 13:39;
51,84;60;70,13;24/09/2026 13:39;
51,82;60;70,1;24/09/2026 13:39;
51,81;60;70,05;24/09/2026 13:39;
51,79;60;70,01;24/09/2026 13:39;
51,79;60;69,96;24/09/2026 13:39;
51,77;60;69,92;24/09/2026 13:39;
51,75;60;69,89;24/09/2026 13:39;
51,71;60;69,84;24/09/2026 13:39;
51,71;60;69,86;24/09/2026 13:39;
51,69;60;69,77;24/09/2026 13:39;
51,68;60;69,72;24/09/2026 13:39;
51,65;60;69,67;24/09/2026 13:39;
51,62;60;69,66;24/09/2026 13:39;
51,6;60;69,62;24/09/2026 13:39;
51,6;60;69,62;24/09/2026 13:39;
51,56;60;69,54;24/09/2026 13:39;
51,54;60;69,52;24/09/2026 13:39;
51,54;60;69,52;24/09/2026 13:39;
51,51;60;69,48;24/09/2026 13:39;
51,48;60;69,45;24/09/2026 13:39;
51,48;60;69,45;24/09/2026 13:39;
51,43;60;69,41;24/09/2026 13:39;
51,42;60;69,37;24/09/2026 13:39;
51,4;60;69,34;24/09/2026 13:39;
51,36;60;69,31;24/09/2026 13:39;
51,35;60;69,29;24/09/2026 13:39;
51,33;60;69,28;24/09/2026 13:39;
51,3;60;69,24;24/09/2026 13:39;
51,29;60;69,23;24/09/2026 13:39;
51,26;60;69,2;24/09/2026 13:39;
51,25;60;69,19;24/09/2026 13:39;
51,22;60;69,17;24/09/2026 13:39;
51,21;60;69,15;24/09/2026 13:39;
51,19;60;69,12;24/09/2026 13:39;
51,17;60;69,1;24/09/2026 13:39;
51,16;60;69,1;24/09/2026 13:39;
51,13;60;69,07;24/09/2026 13:39;
51,12;60;69,04;24/09/2026 13:39;
51,1;60;69,03;24/09/2026 13:39;
51,08;60;69,01;24/09/2026 13:39;
51,06;60;68,99;24/09/2026 13:39;
51,05;60;68,99;24/09/2026 13:39;
51,02;60;68,97;24/09/2026 13:39;
51,02;60;68,94;24/09/2026 13:39;
51,01;60;68,92;24/09/2026 13:39;
50,98;60;68,91;24/09/2026 13:39;
50,96;60;68,89;24/09/2026 13:39;
50,93;60;68,87;24/09/2026 13:39;
50,91;60;68,86;24/09/2026 13:39;
50,91;60;68,82;24/09/2026 13:39;
50,9;60;68,8;24/09/2026 13:39;
50,88;60;68,78;24/09/2026 13:39;
50,87;60;68,78;24/09/2026 13:39;
50,85;60;68,75;24/09/2026 13:39;
50,83;60;68,73;24/09/2026 13:39;
50,82;60;68,71;24/09/2026 13:40;
50,8;60;68,68;24/09/2026 13:40;
50,79;60;68,66;24/09/2026 13:40;
50,76;60;68,63;24/09/2026 13:40;
50,76;60;68,69;24/09/2026 13:40;
50,74;60;68,61;24/09/2026 13:40;
50,71;60;68,58;24/09/2026 13:40;
50,69;60;68,56;24/09/2026 13:40;
50,69;60;68,54;24/09/2026 13:40;
50,65;60;68,59;24/09/2026 13:40;
50,66;60;68,51;24/09/2026 13:40;
50,62;60;68,51;24/09/2026 13:40;
50,63;60;68,6;24/09/2026 13:40;
50,61;60;68,75;24/09/2026 13:40;
50,65;60;68,91;24/09/2026 13:40;
50,66;60;69,09;24/09/2026 13:40;
50,68;60;69,27;24/09/2026 13:40;
50,7;60;69,45;24/09/2026 13:40;
50,76;60;69,6;24/09/2026 13:40;
50,81;60;69,75;24/09/2026 13:40;
50,83;60;69,86;24/09/2026 13:40;
50,9;60;69,94;24/09/2026 13:40;
50,94;60;70;24/09/2026 13:40;
51,02;60;70,07;24/09/2026 13:40;
51,06;60;70,14;24/09/2026 13:40;
51,09;60;70,21;24/09/2026 13:40;
51,15;60;70,26;24/09/2026 13:40;
51,15;60;70,26;24/09/2026 13:40;
51,26;60;70,36;24/09/2026 13:40;
51,29;60;70,41;24/09/2026 13:40;
51,29;60;70,41;24/09/2026 13:40;
51,33;60;70,47;24/09/2026 13:40;
51,35;60;70,49;24/09/2026 13:40;
51,4;60;70,5;24/09/2026 13:40;
51,45;60;70,53;24/09/2026 13:40;
51,48;60;70,53;24/09/2026 13:40;
51,52;60;70,49;24/09/2026 13:40;
51,56;60;70,49;24/09/2026 13:40;
51,57;60;70,47;24/09/2026 13:40;
51,58;60;70,43;24/09/2026 13:40;
51,59;60;70,41;24/09/2026 13:40;
51,63;60;70,37;24/09/2026 13:40;
51,63;60;70,33;24/09/2026 13:40;
51,64;60;70,29;24/09/2026 13:40;
51,64;60;70,32;24/09/2026 13:40;
51,64;60;70,23;24/09/2026 13:40;
51,64;60;70,2;24/09/2026 13:40;
51,66;60;70,15;24/09/2026 13:40;
51,64;60;70,12;24/09/2026 13:40;
51,64;60;70,1;24/09/2026 13:40;
51,63;60;70,06;24/09/2026 13:40;
51,65;60;70,01;24/09/2026 13:40;
51,63;60;69,97;24/09/2026 13:40;
51,62;60;69,95;24/09/2026 13:40;
51,6;60;69,91;24/09/2026 13:40;
51,6;60;69,87;24/09/2026 13:40;
51,59;60;69,83;24/09/2026 13:40;
51,57;60;69,79;24/09/2026 13:40;
51,55;60;69,76;24/09/2026 13:40;
51,53;60;69,71;24/09/2026 13:40;
51,52;60;69,67;24/09/2026 13:41;
51,51;60;69,64;24/09/2026 13:41;
51,46;60;69,61;24/09/2026 13:41;
51,47;60;69,58;24/09/2026 13:41;
51,46;60;69,55;24/09/2026 13:41;
51,42;60;69,5;24/09/2026 13:41;
51,42;60;69,48;24/09/2026 13:41;
51,4;60;69,43;24/09/2026 13:41;
51,37;60;69,39;24/09/2026 13:41;
51,34;60;69,37;24/09/2026 13:41;
51,33;60;69,34;24/09/2026 13:41;
51,3;60;69,31;24/09/2026 13:41;
51,3;60;69,3;24/09/2026 13:41;
51,28;60;69,27;24/09/2026 13:41;
51,25;60;69,25;24/09/2026 13:41;
51,23;60;69,23;24/09/2026 13:41;
51,22;60;69,19;24/09/2026 13:41;
51,19;60;69,19;24/09/2026 13:41;
51,18;60;69,17;24/09/2026 13:41;
51,16;60;69,14;24/09/2026 13:41;
51,13;60;69,12;24/09/2026 13:41;
51,13;60;69,1;24/09/2026 13:41;
51,12;60;69,08;24/09/2026 13:41;
51,1;60;69,06;24/09/2026 13:41;
51,08;60;69,04;24/09/2026 13:41;
51,08;60;69,04;24/09/2026 13:41;
51,06;60;69,02;24/09/2026 13:41;
51,06;60;69;24/09/2026 13:41;
51,02;60;69;24/09/2026 13:41;
51,02;60;68,99;24/09/2026 13:41;
51;60;68,96;24/09/2026 13:41;
50,99;60;68,94;24/09/2026 13:41;
50,98;50,01;68,93;24/09/2026 13:41;
50,9;50,01;69,9;24/09/2026 13:41;
50,81;50,01;69,84;24/09/2026 13:41;
50,72;50,01;69,75;24/09/2026 13:41;
50,66;50,01;69,69;24/09/2026 13:41;
50,6;50,01;69,62;24/09/2026 13:41;
50,51;50,01;69,54;24/09/2026 13:41;
50,43;50,01;69,5;24/09/2026 13:41;
50,35;50,01;69,4;24/09/2026 13:41;
50,3;50,01;69,34;24/09/2026 13:41;
50,22;50,01;69,29;24/09/2026 13:41;
50,17;50,01;69,27;24/09/2026 13:41;
50,12;50,01;69,31;24/09/2026 13:41;
50,06;50,01;69,23;24/09/2026 13:41;
49,99;50,01;69,18;24/09/2026 13:41;
49,95;50,01;69,14;24/09/2026 13:41;
49,92;50,01;69,13;24/09/2026 13:41;
49,88;50,01;69,09;24/09/2026 13:41;
49,82;50,01;69,07;24/09/2026 13:41;
49,78;50,01;69,04;24/09/2026 13:41;
49,74;50,01;68,99;24/09/2026 13:41;
49,71;50,01;68,98;24/09/2026 13:41;
49,66;50,01;68,94;24/09/2026 13:41;
49,62;50,01;69,07;24/09/2026 13:41;
49,59;50,01;69,13;24/09/2026 13:41;
49,56;50,01;69,29;24/09/2026 13:41;
49,57;50,01;69,46;24/09/2026 13:41;
49,58;50,01;69,63;24/09/2026 13:41;
49,59;50,01;69,81;24/09/2026 13:42;
49,61;50,01;69,98;24/09/2026 13:42;
49,64;50,01;70,14;24/09/2026 13:42;
49,66;50,01;70,26;24/09/2026 13:42;
49,69;50,01;70,36;24/09/2026 13:42;
49,72;50,01;70,44;24/09/2026 13:42;
49,75;50,01;70,5;24/09/2026 13:42;
49,78;50,01;70,57;24/09/2026 13:42;
49,83;50,01;70,63;24/09/2026 13:42;
49,86;50,01;70,67;24/09/2026 13:42;
49,89;50,01;70,72;24/09/2026 13:42;
49,91;50,01;70,78;24/09/2026 13:42;
49,96;50,01;70,81;24/09/2026 13:42;
49,99;50,01;70,85;24/09/2026 13:42;
50;50,01;70,9;24/09/2026 13:42;
50,04;50,01;70,91;24/09/2026 13:42;
50,07;50,01;70,93;24/09/2026 13:42;
50,1;50,01;70,91;24/09/2026 13:42;
50,12;50,01;70,93;24/09/2026 13:42;
50,14;50,01;70,87;24/09/2026 13:42;
50,14;50,01;70,84;24/09/2026 13:42;
50,17;50,01;70,8;24/09/2026 13:42;
50,18;50,01;70,76;24/09/2026 13:42;
50,19;50,01;70,74;24/09/2026 13:42;
50,18;50,01;70,7;24/09/2026 13:42;
50,18;50,01;70,7;24/09/2026 13:42;
50,19;50,01;70,67;24/09/2026 13:42;
50,19;50,01;70,65;24/09/2026 13:42;
50,18;50,01;70,59;24/09/2026 13:42;
50,18;50,01;70,54;24/09/2026 13:42;
50,19;50,01;70,56;24/09/2026 13:42;
50,18;50,01;70,48;24/09/2026 13:42;
50,18;50,01;70,44;24/09/2026 13:42;
50,16;50,01;70,41;24/09/2026 13:42;
50,14;50,01;70,36;24/09/2026 13:42;
50,14;50,01;70,32;24/09/2026 13:42;
50,13;50,01;70,27;24/09/2026 13:42;
50,11;50,01;70,24;24/09/2026 13:42;
50,1;50,01;70,2;24/09/2026 13:42;
50,1;50,01;70,15;24/09/2026 13:42;
50,07;50,01;70,12;24/09/2026 13:42;
50,05;50,01;70,07;24/09/2026 13:42;
50,04;50,01;70,02;24/09/2026 13:42;
50,02;50,01;70,01;24/09/2026 13:42;
49,99;50,01;69,97;24/09/2026 13:42;
49,97;50,01;69,93;24/09/2026 13:42;
49,97;50,01;69,87;24/09/2026 13:42;
49,94;50,01;69,86;24/09/2026 13:42;
49,93;50,01;69,82;24/09/2026 13:42;
49,91;50,01;69,81;24/09/2026 13:42;
49,88;50,01;69,77;24/09/2026 13:42;
49,88;50,01;69,73;24/09/2026 13:42;
49,85;50,01;69,71;24/09/2026 13:42;
49,84;50,01;69,7;24/09/2026 13:42;
49,8;50,01;69,66;24/09/2026 13:42;
49,79;50,01;69,62;24/09/2026 13:42;
49,77;50,01;69,61;24/09/2026 13:42;
49,75;50,01;69,59;24/09/2026 13:42;
49,74;50,01;69,55;24/09/2026 13:42;
49,72;50,01;69,55;24/09/2026 13:42;
49,7;50,01;69,53;24/09/2026 13:43;
49,68;50,01;69,52;24/09/2026 13:43;
49,66;50,01;69,48;24/09/2026 13:43;
49,66;50,01;69,45;24/09/2026 13:43;
49,63;50,01;69,44;24/09/2026 13:43;
49,6;50,01;69,43;24/09/2026 13:43;
49,58;50,01;69,41;24/09/2026 13:43;
49,58;50,01;69,38;24/09/2026 13:43;
49,57;50,01;69,35;24/09/2026 13:43;
49,53;50,01;69,33;24/09/2026 13:43;
49,53;50,01;69,33;24/09/2026 13:43;
49,51;50,01;69,31;24/09/2026 13:43;
49,49;50,01;69,29;24/09/2026 13:43;
49,47;50,01;69,27;24/09/2026 13:43;
49,45;50,01;69,27;24/09/2026 13:43;
49,42;50,01;69,24;24/09/2026 13:43;
49,44;50,01;69,22;24/09/2026 13:43;
49,42;50,01;69,3;24/09/2026 13:43;
49,41;50,01;69,19;24/09/2026 13:43;
49,4;50,01;69,18;24/09/2026 13:43;
49,38;50,01;69,14;24/09/2026 13:43;
49,36;50,01;69,13;24/09/2026 13:43;
49,35;50,01;69,12;24/09/2026 13:43;
49,33;50,01;69,1;24/09/2026 13:43;
49,31;50,01;69,08;24/09/2026 13:43;
49,29;50,01;69,06;24/09/2026 13:43;
49,29;50,01;69,06;24/09/2026 13:43;
49,29;50,01;69,02;24/09/2026 13:43;
49,27;50,01;69,01;24/09/2026 13:43;
49,25;50,01;68,98;24/09/2026 13:43;
49,24;50,01;68,98;24/09/2026 13:43;
49,22;50,01;68,96;24/09/2026 13:43;
49,2;50,01;68,94;24/09/2026 13:43;
49,2;50,01;68,91;24/09/2026 13:43;
49,17;50,01;68,87;24/09/2026 13:43;
49,14;50,01;68,84;24/09/2026 13:43;
49,13;50,01;68,84;24/09/2026 13:43;
49,13;50,01;68,82;24/09/2026 13:43;
49,11;50,01;68,84;24/09/2026 13:43;
49,1;50,01;68,96;24/09/2026 13:43;
49,08;50,01;69,12;24/09/2026 13:43;
49,1;50,01;69,34;24/09/2026 13:43;
49,13;50,01;69,46;24/09/2026 13:43;
49,14;50,01;69,64;24/09/2026 13:43;
49,17;50,01;69,82;24/09/2026 13:43;
49,22;50,01;69,98;24/09/2026 13:43;
49,26;50,01;70,13;24/09/2026 13:43;
49,3;50,01;70,24;24/09/2026 13:43;
49,34;50,01;70,29;24/09/2026 13:43;
49,39;50,01;70,38;24/09/2026 13:43;
49,45;50,01;70,48;24/09/2026 13:43;
49,5;50,01;70,52;24/09/2026 13:43;
49,53;50,01;70,57;24/09/2026 13:43;
49,57;50,01;70,64;24/09/2026 13:43;
49,62;50,01;70,68;24/09/2026 13:43;
49,66;50,01;70,75;24/09/2026 13:43;
49,71;50,01;70,78;24/09/2026 13:43;
49,74;50,01;70,81;24/09/2026 13:43;
49,78;50,01;70,84;24/09/2026 13:43;
49,81;50,01;70,86;24/09/2026 13:43;
49,85;50,01;70,88;24/09/2026 13:44;
49,86;50,01;70,87;24/09/2026 13:44;
49,91;50,01;70,86;24/09/2026 13:44;
49,94;50,01;70,8;24/09/2026 13:44;
49,96;50,01;70,78;24/09/2026 13:44;
49,98;50,01;70,76;24/09/2026 13:44;
50;50,01;70,73;24/09/2026 13:44;
50;50,01;70,7;24/09/2026 13:44;
50,01;50,01;70,66;24/09/2026 13:44;
50,02;50,01;70,62;24/09/2026 13:44;
50,04;50,01;70,58;24/09/2026 13:44;
50,02;50,01;70,53;24/09/2026 13:44;
50,03;50,01;70,47;24/09/2026 13:44;
50,04;50,01;70,46;24/09/2026 13:44;
50,02;50,01;70,41;24/09/2026 13:44;
50,02;50,01;70,39;24/09/2026 13:44;
50,02;50,01;70,37;24/09/2026 13:44;
50,01;50,01;70,33;24/09/2026 13:44;
50;50,01;70,28;24/09/2026 13:44;
50;50,01;70,26;24/09/2026 13:44;
49,99;50,01;70,21;24/09/2026 13:44;
49,97;50,01;70,15;24/09/2026 13:44;
49,96;50,01;70,12;24/09/2026 13:44;
49,96;50,01;70,1;24/09/2026 13:44;
49,94;50,01;70,05;24/09/2026 13:44;
49,94;50,01;70,05;24/09/2026 13:44;
49,93;50,01;70,02;24/09/2026 13:44;
49,92;50,01;69,98;24/09/2026 13:44;
49,89;50,01;69,95;24/09/2026 13:44;
49,91;50,01;69,92;24/09/2026 13:44;
49,88;50,01;69,87;24/09/2026 13:44;
49,86;50,01;69,85;24/09/2026 13:44;
49,85;40;69,81;24/09/2026 13:44;
49,74;40;71,32;24/09/2026 13:44;
49,64;40;71,22;24/09/2026 13:44;
49,52;40;71,15;24/09/2026 13:44;
49,41;40;71,07;24/09/2026 13:44;
49,31;40;71,01;24/09/2026 13:44;
49,22;40;70,93;24/09/2026 13:44;
49,13;40;70,86;24/09/2026 13:44;
49,05;40;70,79;24/09/2026 13:44;
48,97;40;70,72;24/09/2026 13:44;
48,88;40;70,65;24/09/2026 13:44;
48,8;40;70,58;24/09/2026 13:44;
48,72;40;70,53;24/09/2026 13:44;
48,66;40;70,46;24/09/2026 13:44;
48,59;40;70,38;24/09/2026 13:44;
48,52;40;70,34;24/09/2026 13:44;
48,44;40;70,28;24/09/2026 13:44;
48,37;40;70,24;24/09/2026 13:44;
48,31;40;70,18;24/09/2026 13:44;
48,26;40;70,15;24/09/2026 13:44;
48,2;40;70,12;24/09/2026 13:44;
48,14;40;70,06;24/09/2026 13:44;
48,09;40;70,05;24/09/2026 13:44;
48,03;40;70,01;24/09/2026 13:44;
47,98;40;70;24/09/2026 13:44;
47,93;40;69,96;24/09/2026 13:44;
47,89;40;69,93;24/09/2026 13:44;
47,84;40;69,92;24/09/2026 13:44;
47,79;40;69,87;24/09/2026 13:45;
47,76;40;69,85;24/09/2026 13:45;
47,7;40;69,85;24/09/2026 13:45;
47,65;40;69,81;24/09/2026 13:45;
47,61;40;69,77;24/09/2026 13:45;
47,59;40;69,76;24/09/2026 13:45;
47,55;40;69,73;24/09/2026 13:45;
47,51;40;69,72;24/09/2026 13:45;
47,47;40;69,69;24/09/2026 13:45;
47,45;40;69,66;24/09/2026 13:45;
47,41;40;69,64;24/09/2026 13:45;
47,38;40;69,62;24/09/2026 13:45;
47,34;40;69,6;24/09/2026 13:45;
47,31;40;69,58;24/09/2026 13:45;
47,28;40;69,55;24/09/2026 13:45;
47,23;40;69,52;24/09/2026 13:45;
47,2;40;69,51;24/09/2026 13:45;
47,17;40;69,48;24/09/2026 13:45;
47,15;40;69,48;24/09/2026 13:45;
47,13;40;69,42;24/09/2026 13:45;
47,08;40;69,39;24/09/2026 13:45;
47,07;40;69,42;24/09/2026 13:45;
47,04;40;69,52;24/09/2026 13:45;
47,02;40;69,69;24/09/2026 13:45;
47,03;40;69,87;24/09/2026 13:45;
47,03;40;69,87;24/09/2026 13:45;
47,03;40;70,26;24/09/2026 13:45;
47,03;40;70,26;24/09/2026 13:45;
47,04;40;70,47;24/09/2026 13:45;
47,07;40;70,63;24/09/2026 13:45;
47,1;40;70,79;24/09/2026 13:45;
47,14;40;70,87;24/09/2026 13:45;
47,17;40;70,95;24/09/2026 13:45;
47,2;40;71,03;24/09/2026 13:45;
47,24;40;71,06;24/09/2026 13:45;
47,26;40;71,15;24/09/2026 13:45;
47,29;40;71,19;24/09/2026 13:45;
47,32;40;71,26;24/09/2026 13:45;
47,35;40;71,31;24/09/2026 13:45;
47,37;40;71,36;24/09/2026 13:45;
47,41;40;71,39;24/09/2026 13:45;
47,44;40;71,42;24/09/2026 13:45;
47,47;40;71,43;24/09/2026 13:45;
47,48;40;71,46;24/09/2026 13:45;
47,52;40;71,47;24/09/2026 13:45;
47,54;40;71,45;24/09/2026 13:45;
47,56;40;71,45;24/09/2026 13:45;
47,57;40;71,39;24/09/2026 13:45;
47,6;40;71,36;24/09/2026 13:45;
47,6;40;71,3;24/09/2026 13:45;
47,61;40;71,27;24/09/2026 13:45;
47,62;40;71,24;24/09/2026 13:45;
47,62;40;71,19;24/09/2026 13:45;
47,62;40;71,15;24/09/2026 13:45;
47,62;40;71,1;24/09/2026 13:45;
47,62;40;71,05;24/09/2026 13:45;
47,62;40;71,03;24/09/2026 13:45;
47,62;40;70,98;24/09/2026 13:45;
47,62;40;70,95;24/09/2026 13:45;
47,61;40;70,91;24/09/2026 13:45;
47,61;40;70,86;24/09/2026 13:46;
47,6;40;70,81;24/09/2026 13:46;
47,59;40;70,79;24/09/2026 13:46;
47,59;40;70,76;24/09/2026 13:46;
47,58;40;70,73;24/09/2026 13:46;
47,56;40;70,68;24/09/2026 13:46;
47,54;40;70,64;24/09/2026 13:46;
47,53;40;70,59;24/09/2026 13:46;
47,52;40;70,54;24/09/2026 13:46;
47,52;40;70,5;24/09/2026 13:46;
47,5;40;70,44;24/09/2026 13:46;
47,48;40;70,42;24/09/2026 13:46;
47,46;40;70,39;24/09/2026 13:46;
47,45;40;70,36;24/09/2026 13:46;
47,43;40;70,33;24/09/2026 13:46;
47,4;40;70,29;24/09/2026 13:46;
47,39;40;70,27;24/09/2026 13:46;
47,37;40;70,24;24/09/2026 13:46;
47,37;40;70,2;24/09/2026 13:46;
47,34;40;70,18;24/09/2026 13:46;
47,32;40;70,15;24/09/2026 13:46;
47,3;40;70,14;24/09/2026 13:46;
47,3;40;70,14;24/09/2026 13:46;
47,29;40;70,1;24/09/2026 13:46;
47,28;40;70,1;24/09/2026 13:46;
47,25;40;70,06;24/09/2026 13:46;
47,23;40;70,04;24/09/2026 13:46;
47,22;40;70,02;24/09/2026 13:46;
47,22;40;70,01;24/09/2026 13:46;
47,19;40;69,98;24/09/2026 13:46;
47,17;40;69,96;24/09/2026 13:46;
47,15;40;69,98;24/09/2026 13:46;
47,13;40;69,93;24/09/2026 13:46;
47,14;40;69,91;24/09/2026 13:46;
47,1;40;69,91;24/09/2026 13:46;
47,09;40;69,87;24/09/2026 13:46;
47,09;40;69,86;24/09/2026 13:46;
47,06;40;69,85;24/09/2026 13:46;
47,05;40;69,83;24/09/2026 13:46;
47,04;40;69,79;24/09/2026 13:46;
47,02;40;69,8;24/09/2026 13:46;
47;40;69,77;24/09/2026 13:46;
47;40;69,75;24/09/2026 13:46;
46,99;40;69,72;24/09/2026 13:46;
46,96;40;69,71;24/09/2026 13:46;
46,95;40;69,67;24/09/2026 13:46;
46,93;40;69,66;24/09/2026 13:46;
46,92;40;69,66;24/09/2026 13:46;
46,91;40;69,62;24/09/2026 13:46;
46,89;40;69,62;24/09/2026 13:46;
46,88;40;69,58;24/09/2026 13:46;
46,87;40;69,58;24/09/2026 13:46;
46,86;40;69,56;24/09/2026 13:46;
46,84;40;69,52;24/09/2026 13:46;
46,82;40;69,52;24/09/2026 13:46;
46,8;40;69,5;24/09/2026 13:46;
46,8;40;69,49;24/09/2026 13:46;
46,76;40;69,46;24/09/2026 13:46;
46,76;40;69,43;24/09/2026 13:46;
46,75;40;69,42;24/09/2026 13:46;
46,73;40;69,39;24/09/2026 13:47;
46,7;40;69,37;24/09/2026 13:47;
46,7;40;69,34;24/09/2026 13:47;
46,68;40;69,32;24/09/2026 13:47;
46,68;40;69,32;24/09/2026 13:47;
46,65;40;69,41;24/09/2026 13:47;
46,65;40;69,56;24/09/2026 13:47;
46,66;40;69,73;24/09/2026 13:47;
46,67;40;69,94;24/09/2026 13:47;
46,69;40;70,13;24/09/2026 13:47;
46,7;40;70,38;24/09/2026 13:47;
46,75;40;70,56;24/09/2026 13:47;
46,78;40;70,66;24/09/2026 13:47;
46,8;40;70,78;24/09/2026 13:47;
46,87;40;70,93;24/09/2026 13:47;
46,91;40;70,96;24/09/2026 13:47;
46,93;40;70,99;24/09/2026 13:47;
46,98;40;71,05;24/09/2026 13:47;
47,02;40;71,11;24/09/2026 13:47;
47,06;40;71,18;24/09/2026 13:47;
47,09;40;71,22;24/09/2026 13:47;
47,13;40;71,28;24/09/2026 13:47;
47,17;40;71,35;24/09/2026 13:47;
47,17;40;71,35;24/09/2026 13:47;
47,22;40;71,39;24/09/2026 13:47;
47,25;40;71,41;24/09/2026 13:47;
47,28;40;71,43;24/09/2026 13:47;
47,31;40;71,43;24/09/2026 13:47;
47,32;40;71,43;24/09/2026 13:47;
47,37;40;71,42;24/09/2026 13:47;
47,39;40;71,39;24/09/2026 13:47;
47,42;40;71,36;24/09/2026 13:47;
47,43;30;71,31;24/09/2026 13:47;
47,34;30;72,94;24/09/2026 13:47;
47,15;30;72,83;24/09/2026 13:47;
46,96;30;72,75;24/09/2026 13:47;
46,82;30;72,64;24/09/2026 13:47;
46,71;30;72,57;24/09/2026 13:47;
46,55;30;72,5;24/09/2026 13:47;
46,42;30;72,42;24/09/2026 13:47;
46,31;30;72,36;24/09/2026 13:47;
46,19;30;72,29;24/09/2026 13:47;
46,07;30;72,22;24/09/2026 13:47;
45,99;30;72,15;24/09/2026 13:47;
45,86;30;72,1;24/09/2026 13:47;
45,76;30;72,03;24/09/2026 13:47;
45,67;30;71,98;24/09/2026 13:47;
45,59;30;71,91;24/09/2026 13:47;
45,51;30;71,86;24/09/2026 13:47;
45,42;30;71,79;24/09/2026 13:47;
45,33;30;71,76;24/09/2026 13:47;
45,26;30;71,69;24/09/2026 13:47;
45,18;30;71,71;24/09/2026 13:47;
45,11;30;71,66;24/09/2026 13:47;
45,03;30;71,56;24/09/2026 13:47;
44,95;30;71,51;24/09/2026 13:47;
44,88;30;71,47;24/09/2026 13:47;
44,82;30;71,41;24/09/2026 13:47;
44,76;30;71,39;24/09/2026 13:47;
44,71;30;71,37;24/09/2026 13:47;
44,63;30;71,37;24/09/2026 13:48;
44,56;30;71,31;24/09/2026 13:48;
44,5;30;71,26;24/09/2026 13:48;
44,45;30;71,24;24/09/2026 13:48;
44,41;30;71,19;24/09/2026 13:48;
44,36;30;71,18;24/09/2026 13:48;
44,3;30;71,15;24/09/2026 13:48;
44,24;30;71,12;24/09/2026 13:48;
44,19;30;71,17;24/09/2026 13:48;
44,14;30;71,08;24/09/2026 13:48;
44,1;30;71,07;24/09/2026 13:48;
44,05;30;71,03;24/09/2026 13:48;
44;30;71,01;24/09/2026 13:48;
43,97;30;71,04;24/09/2026 13:48;
43,91;30;70,96;24/09/2026 13:48;
43,87;30;70,95;24/09/2026 13:48;
43,83;30;70,91;24/09/2026 13:48;
43,8;30;70,88;24/09/2026 13:48;
43,76;30;70,85;24/09/2026 13:48;
43,71;30;70,84;24/09/2026 13:48;
43,67;30;70,83;24/09/2026 13:48;
43,64;30;70,8;24/09/2026 13:48;
43,61;30;70,77;24/09/2026 13:48;
43,58;30;70,76;24/09/2026 13:48;
43,54;30;70,74;24/09/2026 13:48;
43,5;30;70,73;24/09/2026 13:48;
43,47;30;70,69;24/09/2026 13:48;
43,47;30;70,69;24/09/2026 13:48;
43,44;30;70,68;24/09/2026 13:48;
43,4;30;70,65;24/09/2026 13:48;
43,38;30;70,65;24/09/2026 13:48;
43,34;30;70,62;24/09/2026 13:48;
43,31;30;70,58;24/09/2026 13:48;
43,28;30;70,57;24/09/2026 13:48;
43,25;30;70,54;24/09/2026 13:48;
43,22;30;70,53;24/09/2026 13:48;
43,2;30;70,49;24/09/2026 13:48;
43,16;30;70,47;24/09/2026 13:48;
43,13;30;70,45;24/09/2026 13:48;
43,11;30;70,44;24/09/2026 13:48;
43,08;30;70,41;24/09/2026 13:48;
43,05;30;70,38;24/09/2026 13:48;
43,04;30;70,36;24/09/2026 13:48;
43;30;70,35;24/09/2026 13:48;
42,98;30;70,37;24/09/2026 13:48;
42,96;30;70,35;24/09/2026 13:48;
42,92;30;70,33;24/09/2026 13:48;
42,91;30;70,26;24/09/2026 13:48;
42,88;30;70,25;24/09/2026 13:48;
42,85;30;70,24;24/09/2026 13:48;
42,83;30;70,34;24/09/2026 13:48;
42,81;30;70,53;24/09/2026 13:48;
42,81;30;70,73;24/09/2026 13:48;
42,81;30;70,95;24/09/2026 13:48;
42,81;30;71,16;24/09/2026 13:48;
42,81;30;71,36;24/09/2026 13:48;
42,83;30;71,53;24/09/2026 13:48;
42,86;30;71,68;24/09/2026 13:48;
42,89;30;71,78;24/09/2026 13:48;
42,91;30;71,87;24/09/2026 13:48;
42,92;30;71,9;24/09/2026 13:49;
42,95;30;71,99;24/09/2026 13:49;
42,98;30;72,04;24/09/2026 13:49;
43;30;72,12;24/09/2026 13:49;
43,02;30;72,18;24/09/2026 13:49;
43,05;30;72,2;24/09/2026 13:49;
43,07;30;72,25;24/09/2026 13:49;
43,09;30;72,3;24/09/2026 13:49;
43,12;30;72,34;24/09/2026 13:49;
43,14;30;72,35;24/09/2026 13:49;
43,16;30;72,4;24/09/2026 13:49;
43,17;30;72,41;24/09/2026 13:49;
43,2;30;72,38;24/09/2026 13:49;
43,21;30;72,36;24/09/2026 13:49;
43,22;30;72,32;24/09/2026 13:49;
43,22;30;72,32;24/09/2026 13:49;
43,24;30;72,29;24/09/2026 13:49;
43,26;30;72,22;24/09/2026 13:49;
43,27;30;72,19;24/09/2026 13:49;
43,27;30;72,13;24/09/2026 13:49;
43,27;30;72,09;24/09/2026 13:49;
43,28;30;72,03;24/09/2026 13:49;
43,29;30;72;24/09/2026 13:49;
43,28;30;71,95;24/09/2026 13:49;
43,28;30;71,9;24/09/2026 13:49;
43,27;30;71,88;24/09/2026 13:49;
43,29;30;71,83;24/09/2026 13:49;
43,27;30;71,78;24/09/2026 13:49;
43,27;30;71,74;24/09/2026 13:49;
43,25;30;71,7;24/09/2026 13:49;
43,26;30;71,66;24/09/2026 13:49;
43,25;30;71,62;24/09/2026 13:49;
43,24;30;71,58;24/09/2026 13:49;
43,24;30;71,55;24/09/2026 13:49;
43,23;30;71,49;24/09/2026 13:49;
43,22;30;71,46;24/09/2026 13:49;
43,21;30;71,42;24/09/2026 13:49;
43,19;30;71,38;24/09/2026 13:49;
43,19;30;71,33;24/09/2026 13:49;
43,17;30;71,3;24/09/2026 13:49;
43,16;30;71,26;24/09/2026 13:49;
43,15;30;71,24;24/09/2026 13:49;
43,13;30;71,22;24/09/2026 13:49;
43,11;30;71,18;24/09/2026 13:49;
43,11;30;71,15;24/09/2026 13:49;
43,09;30;71,12;24/09/2026 13:49;
43,08;30;71,09;24/09/2026 13:49;
43,06;30;71,06;24/09/2026 13:49;
43,06;30;71,03;24/09/2026 13:49;
43,04;30;71,01;24/09/2026 13:49;
43,03;30;70,98;24/09/2026 13:49;
43,02;30;70,96;24/09/2026 13:49;
43;30;70,95;24/09/2026 13:49;
42,98;30;70,91;24/09/2026 13:49;
42,98;30;70,9;24/09/2026 13:49;
42,96;30;70,87;24/09/2026 13:49;
42,95;30;70,86;24/09/2026 13:49;
42,94;30;70,86;24/09/2026 13:49;
42,91;30;70,8;24/09/2026 13:49;
42,91;30;70,79;24/09/2026 13:49;
42,89;30;70,77;24/09/2026 13:50;
42,88;30;70,76;24/09/2026 13:50;
42,87;30;70,73;24/09/2026 13:50;
42,86;30;70,72;24/09/2026 13:50;
42,82;30;70,69;24/09/2026 13:50;
42,81;30;70,68;24/09/2026 13:50;
42,81;30;70,67;24/09/2026 13:50;
42,81;30;70,67;24/09/2026 13:50;
42,77;30;70,68;24/09/2026 13:50;
42,78;30;70,64;24/09/2026 13:50;
42,76;30;70,59;24/09/2026 13:50;
42,75;30;70,59;24/09/2026 13:50;
42,74;30;70,64;24/09/2026 13:50;
42,73;30;70,6;24/09/2026 13:50;
42,72;30;70,56;24/09/2026 13:50;
42,7;30;70,53;24/09/2026 13:50;
42,69;30;70,48;24/09/2026 13:50;
42,67;30;70,48;24/09/2026 13:50;
42,67;30;70,48;24/09/2026 13:50;
42,66;30;70,45;24/09/2026 13:50;
42,65;30;70,44;24/09/2026 13:50;
42,64;30;70,43;24/09/2026 13:50;
42,61;30;70,41;24/09/2026 13:50;
42,62;30;70,39;24/09/2026 13:50;
42,58;30;70,35;24/09/2026 13:50;
42,58;30;70,35;24/09/2026 13:50;
42,58;30;70,31;24/09/2026 13:50;
42,55;30;70,29;24/09/2026 13:50;
42,55;30;70,29;24/09/2026 13:50;
42,54;30;70,26;24/09/2026 13:50;
42,52;30;70,23;24/09/2026 13:50;
42,51;30;70,22;24/09/2026 13:50;
42,48;20,01;70,18;24/09/2026 13:50;
42,26;20,01;73,07;24/09/2026 13:50;
42,01;20,01;72,98;24/09/2026 13:50;
41,75;20,01;73,06;24/09/2026 13:50;
41,5;20,01;73,18;24/09/2026 13:50;
41,31;20,01;73,24;24/09/2026 13:50;
41,12;20,01;73,36;24/09/2026 13:50;
40,95;20,01;73,39;24/09/2026 13:50;
40,78;20,01;73,49;24/09/2026 13:50;
40,63;20,01;73,58;24/09/2026 13:50;
40,45;20,01;73,66;24/09/2026 13:50;
40,31;20,01;73,73;24/09/2026 13:50;
40,18;20,01;73,79;24/09/2026 13:50;
40,08;20,01;73,85;24/09/2026 13:50;
39,94;20,01;73,92;24/09/2026 13:50;
39,83;20,01;73,98;24/09/2026 13:50;
39,71;20,01;74,05;24/09/2026 13:50;
39,6;20,01;74,12;24/09/2026 13:50;
39,51;20,01;74,25;24/09/2026 13:50;
39,41;20,01;74,28;24/09/2026 13:50;
39,32;20,01;74,36;24/09/2026 13:50;
39,26;20,01;74,42;24/09/2026 13:50;
39,16;20,01;74,5;24/09/2026 13:50;
39,08;20,01;74,53;24/09/2026 13:50;
39,01;20,01;74,51;24/09/2026 13:50;
38,94;20,01;74,46;24/09/2026 13:50;
38,86;20,01;74,43;24/09/2026 13:50;
38,8;20,01;74,38;24/09/2026 13:50;
38,74;20,01;74,31;24/09/2026 13:51;
38,67;20,01;74,25;24/09/2026 13:51;
38,57;20,01;74,17;24/09/2026 13:51;
38,53;20,01;74,1;24/09/2026 13:51;
38,46;20,01;74,02;24/09/2026 13:51;
38,38;20,01;73,97;24/09/2026 13:51;
38,32;20,01;73,9;24/09/2026 13:51;
38,25;20,01;73,86;24/09/2026 13:51;
38,19;20,01;73,82;24/09/2026 13:51;
38,1;20,01;73,76;24/09/2026 13:51;
38,07;20,01;73,69;24/09/2026 13:51;
38;20,01;73,64;24/09/2026 13:51;
38;20,01;73,64;24/09/2026 13:51;
37,96;20,01;73,57;24/09/2026 13:51;
37,8;20,01;73,48;24/09/2026 13:51;
37,74;20,01;73,43;24/09/2026 13:51;
37,7;20,01;73,43;24/09/2026 13:51;
37,7;20,01;73,43;24/09/2026 13:51;
37,62;20,01;73,35;24/09/2026 13:51;
37,57;20,01;73,33;24/09/2026 13:51;
37,52;20,01;73,28;24/09/2026 13:51;
37,46;20,01;73,22;24/09/2026 13:51;
37,41;20,01;73,16;24/09/2026 13:51;
37,36;20,01;73,12;24/09/2026 13:51;
37,3;20,01;73,06;24/09/2026 13:51;
37,24;20,01;73,02;24/09/2026 13:51;
37,19;20,01;72,99;24/09/2026 13:51;
37,14;20,01;72,96;24/09/2026 13:51;
37,09;20,01;72,92;24/09/2026 13:51;
37,03;20,01;72,87;24/09/2026 13:51;
37;20,01;72,84;24/09/2026 13:51;
36,94;20,01;72,81;24/09/2026 13:51;
36,89;20,01;72,77;24/09/2026 13:51;
36,84;20,01;72,75;24/09/2026 13:51;
36,81;20,01;72,72;24/09/2026 13:51;
36,75;20,01;72,68;24/09/2026 13:51;
36,7;20,01;72,66;24/09/2026 13:51;
36,66;20,01;72,62;24/09/2026 13:51;
36,62;20,01;72,6;24/09/2026 13:51;
36,58;20,01;72,56;24/09/2026 13:51;
36,53;20,01;72,55;24/09/2026 13:51;
36,5;20,01;72,53;24/09/2026 13:51;
36,46;20,01;72,51;24/09/2026 13:51;
36,41;20,01;72,47;24/09/2026 13:51;
36,38;20,01;72,45;24/09/2026 13:51;
36,33;20,01;72,44;24/09/2026 13:51;
36,3;20,01;72,42;24/09/2026 13:51;
36,26;20,01;72,4;24/09/2026 13:51;
36,23;20,01;72,41;24/09/2026 13:51;
36,2;20,01;72,34;24/09/2026 13:51;
36,17;20,01;72,33;24/09/2026 13:51;
36,12;20,01;72,31;24/09/2026 13:51;
36,08;20,01;72,28;24/09/2026 13:51;
36,05;20,01;72,25;24/09/2026 13:51;
36,02;20,01;72,28;24/09/2026 13:51;
35,98;20,01;72,22;24/09/2026 13:51;
35,96;20,01;72,19;24/09/2026 13:51;
35,92;20,01;72,16;24/09/2026 13:51;
35,89;20,01;72,15;24/09/2026 13:51;
35,86;20,01;72,12;24/09/2026 13:51;
35,81;20,01;72,1;24/09/2026 13:52;
35,8;20,01;72,1;24/09/2026 13:52;
35,76;20,01;72,09;24/09/2026 13:52;
35,74;20,01;72,05;24/09/2026 13:52;
35,7;20,01;72,03;24/09/2026 13:52;
35,68;20,01;71,99;24/09/2026 13:52;
35,65;20,01;71,98;24/09/2026 13:52;
35,62;20,01;71,94;24/09/2026 13:52;
35,61;20,01;71,92;24/09/2026 13:52;
35,57;20,01;71,9;24/09/2026 13:52;
35,55;20,01;71,88;24/09/2026 13:52;
35,51;20,01;71,86;24/09/2026 13:52;
35,49;20,01;71,87;24/09/2026 13:52;
35,46;20,01;71,84;24/09/2026 13:52;
35,44;20,01;71,8;24/09/2026 13:52;
35,42;20,01;71,78;24/09/2026 13:52;
35,39;20,01;71,8;24/09/2026 13:52;
35,37;20,01;71,73;24/09/2026 13:52;
35,34;20,01;71,71;24/09/2026 13:52;
35,31;20,01;71,69;24/09/2026 13:52;
35,28;20,01;71,66;24/09/2026 13:52;
35,28;20,01;71,66;24/09/2026 13:52;
35,26;20,01;71,7;24/09/2026 13:52;
35,24;20,01;71,83;24/09/2026 13:52;
35,23;20,01;72,04;24/09/2026 13:52;
35,21;20,01;72,25;24/09/2026 13:52;
35,21;20,01;72,54;24/09/2026 13:52;
35,21;20,01;72,76;24/09/2026 13:52;
35,21;20,01;72,99;24/09/2026 13:52;
35,23;20,01;73,19;24/09/2026 13:52;
35,23;20,01;73,27;24/09/2026 13:52;
35,24;20,01;73,36;24/09/2026 13:52;
35,25;20,01;73,45;24/09/2026 13:52;
35,25;20,01;73,54;24/09/2026 13:52;
35,27;20,01;73,63;24/09/2026 13:52;
35,29;20,01;73,68;24/09/2026 13:52;
35,29;20,01;73,76;24/09/2026 13:52;
35,31;20,01;73,87;24/09/2026 13:52;
35,31;20,01;73,91;24/09/2026 13:52;
35,34;20,01;73,99;24/09/2026 13:52;
35,35;20,01;74,1;24/09/2026 13:52;
35,36;20,01;74,17;24/09/2026 13:52;
35,39;20,01;74,2;24/09/2026 13:52;
35,4;20,01;74,21;24/09/2026 13:52;
35,42;20,01;74,21;24/09/2026 13:52;
35,44;20,01;74,2;24/09/2026 13:52;
35,45;20,01;74,17;24/09/2026 13:52;
35,45;20,01;74,1;24/09/2026 13:52;
35,46;20,01;74,04;24/09/2026 13:52;
35,48;20,01;73,99;24/09/2026 13:52;
35,48;20,01;73,92;24/09/2026 13:52;
35,48;20,01;73,87;24/09/2026 13:52;
35,48;20,01;73,81;24/09/2026 13:52;
35,49;20,01;73,74;24/09/2026 13:52;
35,5;20,01;73,73;24/09/2026 13:52;
35,5;20,01;73,65;24/09/2026 13:52;
35,5;20,01;73,6;24/09/2026 13:52;
35,49;20,01;73,57;24/09/2026 13:52;
35,48;20,01;73,51;24/09/2026 13:52;
35,48;20,01;73,47;24/09/2026 13:52;
35,48;20,01;73,42;24/09/2026 13:53;
35,48;20,01;73,37;24/09/2026 13:53;
35,48;20,01;73,32;24/09/2026 13:53;
35,46;20,01;73,27;24/09/2026 13:53;
35,46;20,01;73,21;24/09/2026 13:53;
35,45;20,01;73,17;24/09/2026 13:53;
35,45;20,01;73,14;24/09/2026 13:53;
35,45;20,01;73,08;24/09/2026 13:53;
35,43;20,01;73,05;24/09/2026 13:53;
35,42;20,01;73,01;24/09/2026 13:53;
35,42;20,01;72,95;24/09/2026 13:53;
35,41;20,01;72,92;24/09/2026 13:53;
35,4;20,01;72,88;24/09/2026 13:53;
35,39;20,01;72,84;24/09/2026 13:53;
35,37;20,01;72,81;24/09/2026 13:53;
35,36;20,01;72,77;24/09/2026 13:53;
35,36;20,01;72,77;24/09/2026 13:53;
35,35;20,01;72,73;24/09/2026 13:53;
35,34;20,01;72,71;24/09/2026 13:53;
35,33;20,01;72,66;24/09/2026 13:53;
35,32;20,01;72,67;24/09/2026 13:53;
35,31;20,01;72,62;24/09/2026 13:53;
35,3;20,01;72,57;24/09/2026 13:53;
35,29;20,01;72,55;24/09/2026 13:53;
35,28;20,01;72,53;24/09/2026 13:53;
35,27;20,01;72,5;24/09/2026 13:53;
35,26;20,01;72,49;24/09/2026 13:53;
35,23;20,01;72,45;24/09/2026 13:53;
35,23;20,01;72,43;24/09/2026 13:53;
35,22;20,01;72,42;24/09/2026 13:53;
35,21;20,01;72,39;24/09/2026 13:53;
35,2;20,01;72,36;24/09/2026 13:53;
35,18;10;72,34;24/09/2026 13:53;
34,95;10;76,44;24/09/2026 13:53;
34,54;10;76,36;24/09/2026 13:53;
34,2;10;76,28;24/09/2026 13:53;
33,86;10;76,22;24/09/2026 13:53;
33,55;10;76,14;24/09/2026 13:53;
33,25;10;76,05;24/09/2026 13:53;
33;10;75,98;24/09/2026 13:53;
32,72;10;75,91;24/09/2026 13:53;
32,46;10;75,85;24/09/2026 13:53;
32,21;10;75,77;24/09/2026 13:53;
32,03;10;75,7;24/09/2026 13:53;
31,73;10;75,64;24/09/2026 13:53;
31,53;10;75,57;24/09/2026 13:53;
31,3;10;75,52;24/09/2026 13:53;
31,09;10;75,45;24/09/2026 13:53;
30,89;10;75,4;24/09/2026 13:53;
30,69;10;75,32;24/09/2026 13:53;
30,51;10;75,27;24/09/2026 13:53;
30,34;10;75,22;24/09/2026 13:53;
30,15;10;75,16;24/09/2026 13:53;
29,96;10;75,1;24/09/2026 13:53;
29,78;10;75,04;24/09/2026 13:53;
29,64;10;74,99;24/09/2026 13:53;
29,45;10;74,95;24/09/2026 13:53;
29,28;10;74,9;24/09/2026 13:53;
29,16;10;74,85;24/09/2026 13:53;
28,96;10;74,8;24/09/2026 13:53;
28,81;10;74,75;24/09/2026 13:54;
28,67;10;74,71;24/09/2026 13:54;
28,55;10;74,67;24/09/2026 13:54;
28,41;10;74,62;24/09/2026 13:54;
28,23;10;74,59;24/09/2026 13:54;
28,12;10;74,56;24/09/2026 13:54;
28,01;10;74,51;24/09/2026 13:54;
27,83;10;74,47;24/09/2026 13:54;
27,69;10;74,43;24/09/2026 13:54;
27,57;10;74,39;24/09/2026 13:54;
27,43;10;74,49;24/09/2026 13:54;
27,32;10;74,69;24/09/2026 13:54;
27,2;10;74,92;24/09/2026 13:54;
27,1;10;75,15;24/09/2026 13:54;
27;10;75,43;24/09/2026 13:54;
26,89;10;75,67;24/09/2026 13:54;
26,8;10;75,94;24/09/2026 13:54;
26,8;10;75,94;24/09/2026 13:54;
26,72;10;76,13;24/09/2026 13:54;
26,62;10;76,29;24/09/2026 13:54;
26,53;10;76,44;24/09/2026 13:54;
26,47;10;76,5;24/09/2026 13:54;
26,37;10;76,62;24/09/2026 13:54;
26,29;10;76,72;24/09/2026 13:54;
26,21;10;76,83;24/09/2026 13:54;
26,16;10;76,91;24/09/2026 13:54;
26,08;10;77;24/09/2026 13:54;
26;10;77,07;24/09/2026 13:54;
25,94;10;77,16;24/09/2026 13:54;
25,88;10;77,21;24/09/2026 13:54;
25,81;10;77,24;24/09/2026 13:54;
25,75;10;77,27;24/09/2026 13:54;
25,69;10;77,27;24/09/2026 13:54;
25,63;10;77,24;24/09/2026 13:54;
25,56;10;77,22;24/09/2026 13:54;
25,51;10;77,18;24/09/2026 13:54;
25,44;10;77,1;24/09/2026 13:54;
25,38;10;77,02;24/09/2026 13:54;
25,33;10;76,96;24/09/2026 13:54;
25,27;10;76,9;24/09/2026 13:54;
25,21;10;76,86;24/09/2026 13:54;
25,14;10;76,8;24/09/2026 13:54;
25,1;10;76,75;24/09/2026 13:54;
25,05;10;76,67;24/09/2026 13:54;
24,98;10;76,62;24/09/2026 13:54;
24,94;10;76,57;24/09/2026 13:54;
24,87;10;76,53;24/09/2026 13:54;
24,83;10;76,48;24/09/2026 13:54;
24,76;10;76,44;24/09/2026 13:54;
24,72;10;76,38;24/09/2026 13:54;
24,66;10;76,34;24/09/2026 13:54;
24,61;10;76,29;24/09/2026 13:54;
24,56;10;76,26;24/09/2026 13:54;
24,51;10;76,23;24/09/2026 13:54;
24,46;10;76,18;24/09/2026 13:54;
24,42;10;76,14;24/09/2026 13:54;
24,37;10;76,1;24/09/2026 13:54;
24,32;10;76,06;24/09/2026 13:54;
24,28;10;76,03;24/09/2026 13:54;
24,25;10;75,99;24/09/2026 13:54;
24,19;10;75,95;24/09/2026 13:55;
24,15;10;75,93;24/09/2026 13:55;
24,1;10;75,88;24/09/2026 13:55;
24,06;10;75,86;24/09/2026 13:55;
24;10;75,83;24/09/2026 13:55;
23,96;10;75,82;24/09/2026 13:55;
23,92;10;75,77;24/09/2026 13:55;
23,89;10;75,76;24/09/2026 13:55;
23,84;10;75,71;24/09/2026 13:55;
23,81;10;75,67;24/09/2026 13:55;
23,77;10;75,65;24/09/2026 13:55;
23,74;10;75,62;24/09/2026 13:55;
23,69;10;75,58;24/09/2026 13:55;
23,65;10;75,56;24/09/2026 13:55;
23,62;10;75,54;24/09/2026 13:55;
23,57;10;75,51;24/09/2026 13:55;
23,55;10;75,48;24/09/2026 13:55;
23,51;10;75,45;24/09/2026 13:55;
23,47;10;75,42;24/09/2026 13:55;
23,44;10;75,4;24/09/2026 13:55;
23,41;10;75,36;24/09/2026 13:55;
23,41;10;75,36;24/09/2026 13:55;
23,37;10;75,33;24/09/2026 13:55;
23,34;10;75,32;24/09/2026 13:55;
23,31;10;75,29;24/09/2026 13:55;
23,27;10;75,25;24/09/2026 13:55;
23,24;10;75,23;24/09/2026 13:55;
23,21;10;75,2;24/09/2026 13:55;
23,19;10;75,16;24/09/2026 13:55;
23,15;10;75,14;24/09/2026 13:55;
23,12;10;75,12;24/09/2026 13:55;
23,09;10;75,09;24/09/2026 13:55;
23,06;10;75,04;24/09/2026 13:55;
23,03;10;75,03;24/09/2026 13:55;
23,01;10;75;24/09/2026 13:55;
22,98;10;74,99;24/09/2026 13:55;
22,94;10;74,94;24/09/2026 13:55;
22,91;10;74,92;24/09/2026 13:55;
22,89;10;74,89;24/09/2026 13:55;
22,86;10;74,85;24/09/2026 13:55;
22,84;10;74,82;24/09/2026 13:55;
22,8;10;74,8;24/09/2026 13:55;
22,77;10;74,8;24/09/2026 13:55;
22,76;10;74,73;24/09/2026 13:55;
22,73;10;74,71;24/09/2026 13:55;
22,7;10;74,69;24/09/2026 13:55;
22,68;10;74,64;24/09/2026 13:55;
22,65;10;74,62;24/09/2026 13:55;
22,63;10;74,6;24/09/2026 13:55;
22,6;10;74,57;24/09/2026 13:55;
22,59;10;74,53;24/09/2026 13:55;
22,57;10;74,49;24/09/2026 13:55;
22,54;10;74,47;24/09/2026 13:55;
22,51;10;74,44;24/09/2026 13:55;
22,49;10;74,4;24/09/2026 13:55;
22,46;10;74,37;24/09/2026 13:55;
22,44;10;74,34;24/09/2026 13:55;
22,41;10;74,31;24/09/2026 13:55;
22,39;10;74,28;24/09/2026 13:55;
22,37;10;74,26;24/09/2026 13:55;
22,35;10;74,22;24/09/2026 13:56;
22,33;10;74,37;24/09/2026 13:56;
22,31;10;74,56;24/09/2026 13:56;
22,29;10;74,79;24/09/2026 13:56;
22,29;10;75,06;24/09/2026 13:56;
22,27;10;75,32;24/09/2026 13:56;
22,27;10;75,58;24/09/2026 13:56;
22,26;10;75,78;24/09/2026 13:56;
22,26;10;75,96;24/09/2026 13:56;
22,26;10;76,1;24/09/2026 13:56;
22,26;10;76,24;24/09/2026 13:56;
22,26;10;76,38;24/09/2026 13:56;
22,26;10;76,5;24/09/2026 13:56;
22,26;10;76,58;24/09/2026 13:56;
22,26;10;76,69;24/09/2026 13:56;
22,26;10;76,78;24/09/2026 13:56;
22,26;10;76,78;24/09/2026 13:56;
22,26;10;76,87;24/09/2026 13:56;
22,27;10;76,95;24/09/2026 13:56;
22,27;10;77,02;24/09/2026 13:56;
22,29;10;77,09;24/09/2026 13:56;
22,29;10;77,13;24/09/2026 13:56;
22,3;10;77,16;24/09/2026 13:56;
22,3;10;77,16;24/09/2026 13:56;
22,31;10;77,12;24/09/2026 13:56;
22,31;10;77,11;24/09/2026 13:56;
22,32;10;77,07;24/09/2026 13:56;
22,32;10;77,01;24/09/2026 13:56;
22,32;10;76,95;24/09/2026 13:56;
22,32;10;76,88;24/09/2026 13:56;
22,32;10;76,83;24/09/2026 13:56;
22,32;10;76,77;24/09/2026 13:56;
22,32;0;76,71;24/09/2026 13:56;
22,05;0;80,6;24/09/2026 13:56;
21,57;0;80,49;24/09/2026 13:56;
21,18;0;80,4;24/09/2026 13:56;
20,82;0;80,34;24/09/2026 13:56;
20,5;0;80,28;24/09/2026 13:56;
20,2;0;80,22;24/09/2026 13:56;
19,85;0;80,17;24/09/2026 13:56;
19,55;0;80,12;24/09/2026 13:56;
19,28;0;80,07;24/09/2026 13:56;
18,97;0;80,02;24/09/2026 13:56;
18,73;0;79,97;24/09/2026 13:56;
18,47;0;79,92;24/09/2026 13:56;
18,25;0;79,88;24/09/2026 13:56;
17,97;0;79,82;24/09/2026 13:56;
17,77;0;79,78;24/09/2026 13:56;
17,56;0;79,72;24/09/2026 13:56;
17,31;0;79,69;24/09/2026 13:56;
17,12;0;79,65;24/09/2026 13:56;
16,88;0;79,61;24/09/2026 13:56;
16,69;0;79,57;24/09/2026 13:56;
16,47;0;79,54;24/09/2026 13:56;
16,27;0;79,48;24/09/2026 13:56;
16,1;0;79,46;24/09/2026 13:56;
15,95;0;79,41;24/09/2026 13:56;
15,77;0;79,38;24/09/2026 13:56;
15,57;0;79,34;24/09/2026 13:56;
15,45;0;79,29;24/09/2026 13:56;
15,22;0;79,26;24/09/2026 13:57;
15,07;0;79,24;24/09/2026 13:57;
14,91;0;79,19;24/09/2026 13:57;
14,74;0;79,15;24/09/2026 13:57;
14,6;0;79,11;24/09/2026 13:57;
14,45;0;79,08;24/09/2026 13:57;
14,28;0;79,05;24/09/2026 13:57;
14,12;0;79,02;24/09/2026 13:57;
14;0;78,98;24/09/2026 13:57;
13,85;0;78,95;24/09/2026 13:57;
13,71;0;78,93;24/09/2026 13:57;
13,59;0;78,9;24/09/2026 13:57;
13,45;0;78,87;24/09/2026 13:57;
13,33;0;78,84;24/09/2026 13:57;
13,33;0;78,84;24/09/2026 13:57;
13,2;0;78,8;24/09/2026 13:57;
13,07;0;78,79;24/09/2026 13:57;
12,94;0;78,76;24/09/2026 13:57;
12,83;0;78,74;24/09/2026 13:57;
12,73;0;78,69;24/09/2026 13:57;
12,59;0;78,67;24/09/2026 13:57;
12,48;0;78,65;24/09/2026 13:57;
12,38;0;78,62;24/09/2026 13:57;
12,26;0;78,61;24/09/2026 13:57;
12,16;0;78,57;24/09/2026 13:57;
12,06;0;78,54;24/09/2026 13:57;
11,96;0;78,51;24/09/2026 13:57;
11,84;0;78,48;24/09/2026 13:57;
11,77;0;78,45;24/09/2026 13:57;
11,65;0;78,43;24/09/2026 13:57;
11,56;0;78,41;24/09/2026 13:57;
11,47;0;78,38;24/09/2026 13:57;
11,37;0;78,34;24/09/2026 13:57;
11,29;0;78,31;24/09/2026 13:57;
11,19;0;78,28;24/09/2026 13:57;
11,1;0;78,25;24/09/2026 13:57;
11,03;0;78,24;24/09/2026 13:57;
10,96;0;78,2;24/09/2026 13:57;
10,85;0;78,16;24/09/2026 13:57;
10,79;0;78,13;24/09/2026 13:57;
10,7;0;78,1;24/09/2026 13:57;
10,64;0;78,07;24/09/2026 13:57;
10,55;0;78,05;24/09/2026 13:57;
10,48;0;78,02;24/09/2026 13:57;
10,41;0;77,99;24/09/2026 13:57;
10,36;0;77,95;24/09/2026 13:57;
10,27;0;77,92;24/09/2026 13:57;
10,19;0;77,89;24/09/2026 13:57;
10,15;0;77,85;24/09/2026 13:57;
10,06;0;77,82;24/09/2026 13:57;
10;0;77,79;24/09/2026 13:57;
9,94;0;77,75;24/09/2026 13:57;
9,88;0;77,72;24/09/2026 13:57;
9,82;0;77,69;24/09/2026 13:57;
9,76;0;77,65;24/09/2026 13:57;
9,7;0;77,66;24/09/2026 13:57;
9,64;0;77,84;24/09/2026 13:57;
9,59;0;78,04;24/09/2026 13:57;
9,53;0;78,32;24/09/2026 13:57;
9,49;0;78,58;24/09/2026 13:57;
9,46;0;78,83;24/09/2026 13:58;
9,4;0;79,06;24/09/2026 13:58;
9,36;0;79,24;24/09/2026 13:58;
9,32;0;79,37;24/09/2026 13:58;
9,28;0;79,51;24/09/2026 13:58;
9,24;0;79,63;24/09/2026 13:58;
9,2;0;79,75;24/09/2026 13:58;
9,17;0;79,86;24/09/2026 13:58;
9,14;0;79,97;24/09/2026 13:58;
9,11;0;80,04;24/09/2026 13:58;
9,09;0;80,13;24/09/2026 13:58;
9,04;0;80,2;24/09/2026 13:58;
9,02;0;80,27;24/09/2026 13:58;
8,99;0;80,32;24/09/2026 13:58;
8,96;0;80,38;24/09/2026 13:58;
8,93;0;80,4;24/09/2026 13:58;
8,93;0;80,4;24/09/2026 13:58;
8,9;0;80,4;24/09/2026 13:58;
8,87;0;80,4;24/09/2026 13:58;
8,84;0;80,37;24/09/2026 13:58;
8,8;0;80,28;24/09/2026 13:58;
8,8;0;80,28;24/09/2026 13:58;
8,78;0;80,21;24/09/2026 13:58;
8,75;0;80,15;24/09/2026 13:58;
8,73;0;80,1;24/09/2026 13:58;
8,69;0;80,04;24/09/2026 13:58;
8,67;0;80;24/09/2026 13:58;
8,65;0;79,94;24/09/2026 13:58;
8,63;0;79,9;24/09/2026 13:58;
8,6;0;79,85;24/09/2026 13:58;
8,58;0;79,81;24/09/2026 13:58;
8,56;0;79,77;24/09/2026 13:58;
8,53;0;79,72;24/09/2026 13:58;
8,51;0;79,68;24/09/2026 13:58;
8,49;0;79,65;24/09/2026 13:58;
8,48;0;79,6;24/09/2026 13:58;
8,45;0;79,57;24/09/2026 13:58;
8,42;0;79,52;24/09/2026 13:58;
8,41;0;79,5;24/09/2026 13:58;
8,39;0;79,46;24/09/2026 13:58;
8,36;0;79,42;24/09/2026 13:58;
8,35;0;79,39;24/09/2026 13:58;
8,33;0;79,36;24/09/2026 13:58;
8,31;0;79,32;24/09/2026 13:58;
8,3;0;79,3;24/09/2026 13:58;
8,27;0;79,26;24/09/2026 13:58;
8,26;0;79,24;24/09/2026 13:58;
8,24;0;79,2;24/09/2026 13:58;
8,22;0;79,18;24/09/2026 13:58;
8,21;0;79,15;24/09/2026 13:58;
8,19;0;79,11;24/09/2026 13:58;
8,17;0;79,09;24/09/2026 13:58;
8,16;0;79,06;24/09/2026 13:58;
8,14;0;79,04;24/09/2026 13:58;
8,13;0;79;24/09/2026 13:58;
8,11;0;78,98;24/09/2026 13:58;
8,09;0;78,95;24/09/2026 13:58;
8,08;0;78,94;24/09/2026 13:58;
8,07;0;78,9;24/09/2026 13:58;
8,06;0;78,88;24/09/2026 13:58;
8,04;0;78,86;24/09/2026 13:59;
8,03;0;78,84;24/09/2026 13:59;
8,01;0;78,82;24/09/2026 13:59;
8;0;78,78;24/09/2026 13:59;
7,99;0;78,76;24/09/2026 13:59;
7,98;0;78,74;24/09/2026 13:59;
7,97;0;78,71;24/09/2026 13:59;
7,95;0;78,68;24/09/2026 13:59;
7,94;0;78,66;24/09/2026 13:59;
7,92;0;78,64;24/09/2026 13:59;
7,92;0;78,61;24/09/2026 13:59;
7,9;0;78,58;24/09/2026 13:59;
7,89;0;78,56;24/09/2026 13:59;
7,88;0;78,54;24/09/2026 13:59;
7,87;0;78,52;24/09/2026 13:59;
7,86;0;78,48;24/09/2026 13:59;
7,85;0;78,46;24/09/2026 13:59;
7,84;0;78,44;24/09/2026 13:59;
7,83;0;78,42;24/09/2026 13:59;
7,81;0;78,38;24/09/2026 13:59;
7,81;0;78,36;24/09/2026 13:59;
7,79;0;78,34;24/09/2026 13:59;
7,78;0;78,31;24/09/2026 13:59;
7,78;0;78,31;24/09/2026 13:59;
7,78;0;78,3;24/09/2026 13:59;
7,77;0;78,26;24/09/2026 13:59;
7,76;0;78,23;24/09/2026 13:59;
7,74;0;78,21;24/09/2026 13:59;
7,74;0;78,19;24/09/2026 13:59;
7,73;0;78,14;24/09/2026 13:59;
7,72;0;78,12;24/09/2026 13:59;
7,71;0;78,1;24/09/2026 13:59;
7,7;0;78,07;24/09/2026 13:59;
7,69;0;78,04;24/09/2026 13:59;
7,68;0;78,01;24/09/2026 13:59;
7,67;0;77,97;24/09/2026 13:59;
7,66;0;77,96;24/09/2026 13:59;
7,65;0;77,93;24/09/2026 13:59;
7,64;0;77,91;24/09/2026 13:59;
7,63;0;77,88;24/09/2026 13:59;
7,63;0;77,84;24/09/2026 13:59;
7,62;0;77,81;24/09/2026 13:59;
7,61;0;77,79;24/09/2026 13:59;
7,59;0;77,75;24/09/2026 13:59;
7,59;0;77,72;24/09/2026 13:59;
7,58;0;77,69;24/09/2026 13:59;
7,57;0;77,65;24/09/2026 13:59;
7,56;0;77,62;24/09/2026 13:59;
7,56;0;77,58;24/09/2026 13:59;
7,55;0;77,55;24/09/2026 13:59;
7,54;0;77,52;24/09/2026 13:59;
7,53;0;77,65;24/09/2026 13:59;
7,53;0;77,88;24/09/2026 13:59;
7,52;0;78,11;24/09/2026 13:59;
7,51;0;78,38;24/09/2026 13:59;
7,51;0;78,63;24/09/2026 13:59;
7,51;0;78,87;24/09/2026 13:59;
7,51;0;79,06;24/09/2026 13:59;
7,51;0;79,23;24/09/2026 13:59;
7,51;0;79,36;24/09/2026 13:59;
7,51;0;79,48;24/09/2026 14:00;
7,51;0;79,6;24/09/2026 14:00;
7,51;0;79,71;24/09/2026 14:00;
7,51;0;79,81;24/09/2026 14:00;
7,52;0;79,89;24/09/2026 14:00;
7,52;0;79,99;24/09/2026 14:00;
7,53;0;80,06;24/09/2026 14:00;
7,53;0;80,13;24/09/2026 14:00;
7,53;0;80,19;24/09/2026 14:00;
7,53;0;80,27;24/09/2026 14:00;
7,53;0;80,3;24/09/2026 14:00;
7,54;0;80,3;24/09/2026 14:00;
7,54;0;80,3;24/09/2026 14:00;
7,54;0;80,27;24/09/2026 14:00;
7,55;0;80,24;24/09/2026 14:00;
7,55;0;80,2;24/09/2026 14:00;
7,56;0;80,14;24/09/2026 14:00;
7,56;0;80,14;24/09/2026 14:00;
7,56;0;80,08;24/09/2026 14:00;
7,56;0;80,02;24/09/2026 14:00;
7,56;0;79,91;24/09/2026 14:00;
7,56;0;79,91;24/09/2026 14:00;
7,56;0;79,87;24/09/2026 14:00;
7,56;0;79,82;24/09/2026 14:00;
7,56;0;79,78;24/09/2026 14:00;
7,56;0;79,72;24/09/2026 14:00;
7,56;0;79,69;24/09/2026 14:00;
7,56;0;79,65;24/09/2026 14:00;
7,56;0;79,61;24/09/2026 14:00;
7,55;0;79,56;24/09/2026 14:00;
7,56;0;79,52;24/09/2026 14:00;
7,55;0;79,49;24/09/2026 14:00;
7,54;0;79,46;24/09/2026 14:00;
7,56;0;79,42;24/09/2026 14:00;
7,55;0;79,38;24/09/2026 14:00;
7,55;0;79,35;24/09/2026 14:00;
7,54;0;79,31;24/09/2026 14:00;
7,54;0;79,28;24/09/2026 14:00;
7,54;0;79,25;24/09/2026 14:00;
7,54;0;79,21;24/09/2026 14:00;
7,54;0;79,19;24/09/2026 14:00;
7,54;0;79,15;24/09/2026 14:00;
7,53;0;79,13;24/09/2026 14:00;
7,53;0;79,09;24/09/2026 14:00;
7,53;0;79,07;24/09/2026 14:00;
7,52;0;79,04;24/09/2026 14:00;
7,52;0;79,02;24/09/2026 14:00;
7,52;0;78,99;24/09/2026 14:00;
7,51;0;78,96;24/09/2026 14:00;
7,51;0;78,94;24/09/2026 14:00;
7,51;0;78,9;24/09/2026 14:00;
7,51;0;78,88;24/09/2026 14:00;
7,5;0;78,85;24/09/2026 14:00;
7,5;0;78,83;24/09/2026 14:00;
7,5;0;78,82;24/09/2026 14:00;
7,5;0;78,78;24/09/2026 14:00;
7,49;0;78,76;24/09/2026 14:00;
7,49;0;78,74;24/09/2026 14:00;
7,48;0;78,72;24/09/2026 14:00;
7,48;0;78,68;24/09/2026 14:00;
7,48;0;78,67;24/09/2026 14:01;
7,48;0;78,65;24/09/2026 14:01;
7,47;0;78,62;24/09/2026 14:01;
7,47;0;78,58;24/09/2026 14:01;
7,47;0;78,56;24/09/2026 14:01;
7,46;0;78,54;24/09/2026 14:01;
7,47;0;78,52;24/09/2026 14:01;
7,45;0;78,49;24/09/2026 14:01;
7,45;0;78,46;24/09/2026 14:01;
7,45;0;78,44;24/09/2026 14:01;
7,45;0;78,42;24/09/2026 14:01;
7,45;0;78,4;24/09/2026 14:01;
7,45;0;78,37;24/09/2026 14:01;
7,44;0;78,34;24/09/2026 14:01;
7,43;0;78,33;24/09/2026 14:01;
7,43;0;78,3;24/09/2026 14:01;
7,43;0;78,26;24/09/2026 14:01;
7,43;0;78,26;24/09/2026 14:01;
7,42;0;78,24;24/09/2026 14:01;
7,42;0;78,22;24/09/2026 14:01;
7,42;0;78,19;24/09/2026 14:01;
7,42;0;78,16;24/09/2026 14:01;
7,4;0;78,15;24/09/2026 14:01;
7,4;0;78,11;24/09/2026 14:01;
7,4;0;78,09;24/09/2026 14:01;
7,4;0;78,06;24/09/2026 14:01;
7,4;0;78,03;24/09/2026 14:01;
7,39;0;78;24/09/2026 14:01;
7,39;0;77,97;24/09/2026 14:01;
7,39;0;77,95;24/09/2026 14:01;
7,38;0;77,92;24/09/2026 14:01;
7,37;0;77,89;24/09/2026 14:01;
7,37;0;77,86;24/09/2026 14:01;
7,37;0;77,84;24/09/2026 14:01;
7,36;0;77,8;24/09/2026 14:01;
7,36;0;77,78;24/09/2026 14:01;
7,36;0;77,74;24/09/2026 14:01;
7,35;0;77,72;24/09/2026 14:01;
7,34;0;77,7;24/09/2026 14:01;
7,34;0;77,66;24/09/2026 14:01;
