PV_IN;CV;PV_OUT;TIME;Time_s
;;;;0,0
;;;;1,0
;;;;2,0
;;;;3,0
;;;;4,0
;;;;5,0
;;;;6,0
;;;;7,0
;;;;8,0
;;;;9,0
;;;;10,0
;;;;11,0
;;;;12,0
;;;;13,0
;;;;14,0
;;;;15,0
;;;;16,0
;;;;17,0
;;;;18,0
;;;;19,0
;;;;20,0
;;;;21,0
;;;;22,0
;;;;23,0
;;;;24,0
;;;;25,0
;;;;26,0
;;;;27,0
;;;;28,0
;;;;29,0
;;;;30,0
;;;;31,0
;;;;32,0
;;;;33,0
;;;;34,0
;;;;35,0
;;;;36,0
;;;;37,0
;;;;38,0
4,43;0,0;79,63;24/09/2026 12:52;39,0
4,74;0,0;79,6;24/09/2026 12:52;40,0
4,94;0,0;79,59;24/09/2026 12:52;41,0
5,26;0,0;79,57;24/09/2026 12:52;42,0
5,51;0,0;79,55;24/09/2026 12:52;43,0
5,66;0,0;79,52;24/09/2026 12:52;44,0
5,98;0,0;79,5;24/09/2026 12:52;45,0
6,26;0,0;79,48;24/09/2026 12:52;46,0
6,51;0,0;79,46;24/09/2026 12:52;47,0
6,81;0,0;79,45;24/09/2026 12:52;48,0
7,07;0,0;79,42;24/09/2026 12:52;49,0
7,34;0,0;79,4;24/09/2026 12:52;50,0
7,53;0,0;79,38;24/09/2026 12:52;51,0
7,84;0,0;79,36;24/09/2026 12:52;52,0
8,11;0,0;79,34;24/09/2026 12:52;53,0
8,34;0,0;79,31;24/09/2026 12:52;54,0
8,59;0,0;79,29;24/09/2026 12:52;55,0
8,86;0,0;79,28;24/09/2026 12:52;56,0
9,11;0,0;79,25;24/09/2026 12:52;57,0
9,36;0,0;79,24;24/09/2026 12:52;58,0
9,62;0,0;79,2;24/09/2026 12:52;59,0
8,59;0,0;79,18;24/09/2026 12:52;60,0
8,31;0,0;79,17;24/09/2026 12:52;61,0
8,06;0,0;79,14;24/09/2026 12:52;62,0
7,86;0,0;79,13;24/09/2026 12:52;63,0
7,67;0,0;79,09;24/09/2026 12:52;64,0
7,5;0,0;79,08;24/09/2026 12:52;65,0
7,33;0,0;79,05;24/09/2026 12:52;66,0
7,2;0,0;79,03;24/09/2026 12:52;67,0
7,2;0,0;79,03;24/09/2026 12:52;68,0
7,04;0,0;79,0;24/09/2026 12:52;69,0
6,93;0,0;78,98;24/09/2026 12:52;70,0
6,8;0,0;78,95;24/09/2026 12:52;71,0
6,7;0,0;78,94;24/09/2026 12:52;72,0
6,61;0,0;78,9;24/09/2026 12:52;73,0
6,5;0,0;78,87;24/09/2026 12:52;74,0
6,4;0,0;78,85;24/09/2026 12:52;75,0
6,3;0,0;78,82;24/09/2026 12:52;76,0
6,24;0,0;78,79;24/09/2026 12:52;77,0
6,15;0,0;78,77;24/09/2026 12:52;78,0
6,07;0,0;78,74;24/09/2026 12:52;79,0
6,01;0,0;78,71;24/09/2026 12:52;80,0
5,91;0,0;78,68;24/09/2026 12:52;81,0
5,87;0,0;78,66;24/09/2026 12:52;82,0
5,79;0,0;78,63;24/09/2026 12:53;83,0
5,73;0,0;78,61;24/09/2026 12:53;84,0
5,67;0,0;78,57;24/09/2026 12:53;85,0
5,6;0,0;78,54;24/09/2026 12:53;86,0
5,56;0,0;78,52;24/09/2026 12:53;87,0
5,49;0,0;78,58;24/09/2026 12:53;88,0
5,43;0,0;78,79;24/09/2026 12:53;89,0
5,38;0,0;79,05;24/09/2026 12:53;90,0
5,34;0,0;79,27;24/09/2026 12:53;91,0
5,3;0,0;79,54;24/09/2026 12:53;92,0
5,25;0,0;79,77;24/09/2026 12:53;93,0
5,21;0,0;79,94;24/09/2026 12:53;94,0
5,17;0,0;80,11;24/09/2026 12:53;95,0
5,13;0,0;80,25;24/09/2026 12:53;96,0
5,1;0,0;80,34;24/09/2026 12:53;97,0
5,07;0,0;80,44;24/09/2026 12:53;98,0
5,02;0,0;80,53;24/09/2026 12:53;99,0
4,99;0,0;80,6;24/09/2026 12:53;100,0
4,96;0,0;80,65;24/09/2026 12:53;101,0
4,93;0,0;80,71;24/09/2026 12:53;102,0
4,9;0,0;80,76;24/09/2026 12:53;103,0
4,88;0,0;80,83;24/09/2026 12:53;104,0
4,85;0,0;80,86;24/09/2026 12:53;105,0
4,82;0,0;80,9;24/09/2026 12:53;106,0
4,8;0,0;80,91;24/09/2026 12:53;107,0
4,77;0,0;80,91;24/09/2026 12:53;108,0
4,75;0,0;80,89;24/09/2026 12:53;109,0
4,72;0,0;80,86;24/09/2026 12:53;110,0
4,7;0,0;80,83;24/09/2026 12:53;111,0
4,68;0,0;80,79;24/09/2026 12:53;112,0
4,66;0,0;80,74;24/09/2026 12:53;113,0
4,63;0,0;80,69;24/09/2026 12:53;114,0
4,61;0,0;80,63;24/09/2026 12:53;115,0
4,59;0,0;80,59;24/09/2026 12:53;116,0
4,57;0,0;80,53;24/09/2026 12:53;117,0
4,55;0,0;80,49;24/09/2026 12:53;118,0
4,54;0,0;80,45;24/09/2026 12:53;119,0
4,51;0,0;80,41;24/09/2026 12:53;120,0
4,49;0,0;80,38;24/09/2026 12:53;121,0
4,49;0,0;80,38;24/09/2026 12:53;122,0
4,46;0,0;80,3;24/09/2026 12:53;123,0
4,46;0,0;80,3;24/09/2026 12:53;124,0
4,44;0,0;80,27;24/09/2026 12:53;125,0
4,41;0,0;80,19;24/09/2026 12:53;126,0
4,39;0,0;80,15;24/09/2026 12:53;127,0
4,39;0,0;80,15;24/09/2026 12:53;128,0
4,38;0,0;80,12;24/09/2026 12:53;129,0
4,36;0,0;80,08;24/09/2026 12:53;130,0
4,35;0,0;80,04;24/09/2026 12:53;131,0
4,34;0,0;80,02;24/09/2026 12:53;132,0
4,32;0,0;79,99;24/09/2026 12:53;133,0
4,31;0,0;79,96;24/09/2026 12:53;134,0
4,3;0,0;79,92;24/09/2026 12:53;135,0
4,28;0,0;79,9;24/09/2026 12:53;136,0
4,27;0,0;79,87;24/09/2026 12:53;137,0
4,25;0,0;79,83;24/09/2026 12:53;138,0
4,24;0,0;79,81;24/09/2026 12:53;139,0
4,23;0,0;79,78;24/09/2026 12:53;140,0
4,22;0,0;79,76;24/09/2026 12:53;141,0
4,21;0,0;79,73;24/09/2026 12:53;142,0
4,2;0,0;79,71;24/09/2026 12:54;143,0
4,19;0,0;79,68;24/09/2026 12:54;144,0
4,18;0,0;79,65;24/09/2026 12:54;145,0
4,17;0,0;79,61;24/09/2026 12:54;146,0
4,16;0,0;79,6;24/09/2026 12:54;147,0
4,14;0,0;79,57;24/09/2026 12:54;148,0
4,13;0,0;79,55;24/09/2026 12:54;149,0
4,13;0,0;79,52;24/09/2026 12:54;150,0
4,12;0,0;79,5;24/09/2026 12:54;151,0
4,11;0,0;79,48;24/09/2026 12:54;152,0
4,1;0,0;79,46;24/09/2026 12:54;153,0
4,09;0,0;79,45;24/09/2026 12:54;154,0
4,08;0,0;79,42;24/09/2026 12:54;155,0
4,08;0,0;79,4;24/09/2026 12:54;156,0
4,07;0,0;79,38;24/09/2026 12:54;157,0
4,06;0,0;79,37;24/09/2026 12:54;158,0
4,06;0,0;79,35;24/09/2026 12:54;159,0
4,05;0,0;79,32;24/09/2026 12:54;160,0
4,04;0,0;79,3;24/09/2026 12:54;161,0
4,03;0,0;79,29;24/09/2026 12:54;162,0
4,03;0,0;79,27;24/09/2026 12:54;163,0
4,02;0,0;79,25;24/09/2026 12:54;164,0
4,02;0,0;79,23;24/09/2026 12:54;165,0
4,01;0,0;79,2;24/09/2026 12:54;166,0
4,0;0,0;79,19;24/09/2026 12:54;167,0
3,99;0,0;79,17;24/09/2026 12:54;168,0
3,99;0,0;79,15;24/09/2026 12:54;169,0
3,99;0,0;79,13;24/09/2026 12:54;170,0
3,98;0,0;79,1;24/09/2026 12:54;171,0
3,97;0,0;79,08;24/09/2026 12:54;172,0
3,97;0,0;79,06;24/09/2026 12:54;173,0
3,96;0,0;79,05;24/09/2026 12:54;174,0
4,0;10,0;76,7;24/09/2026 12:54;175,0
4,38;10,0;75,31;24/09/2026 12:54;176,0
4,69;10,0;75,31;24/09/2026 12:54;177,0
4,99;10,0;75,31;24/09/2026 12:54;178,0
5,29;10,0;75,3;24/09/2026 12:54;179,0
5,61;10,0;75,29;24/09/2026 12:54;180,0
5,88;10,0;75,27;24/09/2026 12:54;181,0
6,12;10,0;75,26;24/09/2026 12:54;182,0
6,36;10,0;75,24;24/09/2026 12:54;183,0
6,6;10,0;75,23;24/09/2026 12:54;184,0
6,85;10,0;75,21;24/09/2026 12:54;185,0
7,04;10,0;75,19;24/09/2026 12:54;186,0
7,22;10,0;75,17;24/09/2026 12:54;187,0
7,44;10,0;75,15;24/09/2026 12:54;188,0
7,44;10,0;75,14;24/09/2026 12:54;189,0
7,66;10,0;75,12;24/09/2026 12:54;190,0
7,82;10,0;75,1;24/09/2026 12:54;191,0
8,21;10,0;75,06;24/09/2026 12:54;192,0
8,36;10,0;75,05;24/09/2026 12:54;193,0
8,36;10,0;75,05;24/09/2026 12:54;194,0
8,54;10,0;75,02;24/09/2026 12:54;195,0
8,71;10,0;75,0;24/09/2026 12:54;196,0
8,89;10,0;74,98;24/09/2026 12:54;197,0
9,05;10,0;74,96;24/09/2026 12:54;198,0
9,19;10,0;74,94;24/09/2026 12:54;199,0
9,33;10,0;74,92;24/09/2026 12:54;200,0
9,49;10,0;74,89;24/09/2026 12:54;201,0
9,63;10,0;74,87;24/09/2026 12:54;202,0
9,77;10,0;74,85;24/09/2026 12:55;203,0
9,89;10,0;74,99;24/09/2026 12:55;204,0
10,03;10,0;75,17;24/09/2026 12:55;205,0
10,16;10,0;75,43;24/09/2026 12:55;206,0
10,29;10,0;75,67;24/09/2026 12:55;207,0
10,45;10,0;75,91;24/09/2026 12:55;208,0
10,57;10,0;76,14;24/09/2026 12:55;209,0
10,68;10,0;76,35;24/09/2026 12:55;210,0
10,84;10,0;76,49;24/09/2026 12:55;211,0
10,91;10,0;76,59;24/09/2026 12:55;212,0
11,1;10,0;76,69;24/09/2026 12:55;213,0
11,2;10,0;76,78;24/09/2026 12:55;214,0
11,35;10,0;76,89;24/09/2026 12:55;215,0
11,47;10,0;76,99;24/09/2026 12:55;216,0
11,58;10,0;77,05;24/09/2026 12:55;217,0
11,71;10,0;77,13;24/09/2026 12:55;218,0
11,84;10,0;77,18;24/09/2026 12:55;219,0
11,95;10,0;77,24;24/09/2026 12:55;220,0
12,05;10,0;77,31;24/09/2026 12:55;221,0
12,17;10,0;77,37;24/09/2026 12:55;222,0
12,27;10,0;77,37;24/09/2026 12:55;223,0
12,37;10,0;77,38;24/09/2026 12:55;224,0
12,48;10,0;77,38;24/09/2026 12:55;225,0
12,57;10,0;77,36;24/09/2026 12:55;226,0
12,67;10,0;77,32;24/09/2026 12:55;227,0
12,75;10,0;77,28;24/09/2026 12:55;228,0
12,87;10,0;77,22;24/09/2026 12:55;229,0
12,93;10,0;77,17;24/09/2026 12:55;230,0
13,04;10,0;77,1;24/09/2026 12:55;231,0
13,13;10,0;77,06;24/09/2026 12:55;232,0
13,22;10,0;77,01;24/09/2026 12:55;233,0
13,29;10,0;76,96;24/09/2026 12:55;234,0
13,37;10,0;76,91;24/09/2026 12:55;235,0
13,45;10,0;76,87;24/09/2026 12:55;236,0
13,53;10,0;76,82;24/09/2026 12:55;237,0
13,59;10,0;76,78;24/09/2026 12:55;238,0
13,67;10,0;76,75;24/09/2026 12:55;239,0
13,75;10,0;76,69;24/09/2026 12:55;240,0
13,81;10,0;76,66;24/09/2026 12:55;241,0
13,86;10,0;76,62;24/09/2026 12:55;242,0
13,95;10,0;76,57;24/09/2026 12:55;243,0
14,0;10,0;76,55;24/09/2026 12:55;244,0
14,0;10,0;76,55;24/09/2026 12:55;245,0
14,05;10,0;76,47;24/09/2026 12:55;246,0
14,12;10,0;76,45;24/09/2026 12:55;247,0
14,17;10,0;76,41;24/09/2026 12:55;248,0
14,23;10,0;76,38;24/09/2026 12:55;249,0
14,29;10,0;76,34;24/09/2026 12:55;250,0
14,34;10,0;76,34;24/09/2026 12:55;251,0
14,41;10,0;76,31;24/09/2026 12:55;252,0
14,44;10,0;76,26;24/09/2026 12:55;253,0
14,5;10,0;76,22;24/09/2026 12:55;254,0
14,55;10,0;76,19;24/09/2026 12:55;255,0
14,59;10,0;76,16;24/09/2026 12:55;256,0
14,64;10,0;76,14;24/09/2026 12:55;257,0
14,69;10,0;76,1;24/09/2026 12:55;258,0
14,72;10,0;76,07;24/09/2026 12:55;259,0
14,77;10,0;76,05;24/09/2026 12:55;260,0
14,81;10,0;76,02;24/09/2026 12:55;261,0
14,86;10,0;75,99;24/09/2026 12:55;262,0
14,9;10,0;75,96;24/09/2026 12:56;263,0
14,93;10,0;75,94;24/09/2026 12:56;264,0
14,97;10,0;75,91;24/09/2026 12:56;265,0
15,0;10,0;75,88;24/09/2026 12:56;266,0
15,04;10,0;75,87;24/09/2026 12:56;267,0
15,08;10,0;75,84;24/09/2026 12:56;268,0
15,11;10,0;75,83;24/09/2026 12:56;269,0
15,15;10,0;75,79;24/09/2026 12:56;270,0
15,18;10,0;75,78;24/09/2026 12:56;271,0
15,21;10,0;75,75;24/09/2026 12:56;272,0
15,25;10,0;75,75;24/09/2026 12:56;273,0
15,27;10,0;75,72;24/09/2026 12:56;274,0
15,3;10,0;75,7;24/09/2026 12:56;275,0
15,33;10,0;75,67;24/09/2026 12:56;276,0
15,36;10,0;75,65;24/09/2026 12:56;277,0
15,39;10,0;75,64;24/09/2026 12:56;278,0
15,41;10,0;75,61;24/09/2026 12:56;279,0
15,44;10,0;75,58;24/09/2026 12:56;280,0
15,46;10,0;75,57;24/09/2026 12:56;281,0
15,49;10,0;75,55;24/09/2026 12:56;282,0
15,51;10,0;75,52;24/09/2026 12:56;283,0
15,53;10,0;75,51;24/09/2026 12:56;284,0
15,56;10,0;75,47;24/09/2026 12:56;285,0
15,58;10,0;75,46;24/09/2026 12:56;286,0
15,6;10,0;75,44;24/09/2026 12:56;287,0
15,61;10,0;75,42;24/09/2026 12:56;288,0
15,64;10,0;75,4;24/09/2026 12:56;289,0
15,66;10,0;75,37;24/09/2026 12:56;290,0
15,68;10,0;75,35;24/09/2026 12:56;291,0
15,69;10,0;75,34;24/09/2026 12:56;292,0
15,72;10,0;75,32;24/09/2026 12:56;293,0
15,74;10,0;75,3;24/09/2026 12:56;294,0
15,75;10,0;75,27;24/09/2026 12:56;295,0
15,76;10,0;75,25;24/09/2026 12:56;296,0
15,78;10,0;75,22;24/09/2026 12:56;297,0
15,8;10,0;75,2;24/09/2026 12:56;298,0
15,81;10,0;75,17;24/09/2026 12:56;299,0
15,83;10,0;75,14;24/09/2026 12:56;300,0
15,84;10,0;75,14;24/09/2026 12:56;301,0
15,85;10,0;75,11;24/09/2026 12:56;302,0
15,86;10,0;75,08;24/09/2026 12:56;303,0
15,87;10,0;75,05;24/09/2026 12:56;304,0
15,9;10,0;75,03;24/09/2026 12:56;305,0
15,9;10,0;75,01;24/09/2026 12:56;306,0
15,91;10,0;74,99;24/09/2026 12:56;307,0
15,93;10,0;74,95;24/09/2026 12:56;308,0
15,93;10,0;74,94;24/09/2026 12:56;309,0
15,93;10,0;74,94;24/09/2026 12:56;310,0
15,94;10,0;74,92;24/09/2026 12:56;311,0
15,95;10,0;74,89;24/09/2026 12:56;312,0
15,96;10,0;74,87;24/09/2026 12:56;313,0
15,98;10,0;74,81;24/09/2026 12:56;314,0
15,98;10,0;74,81;24/09/2026 12:56;315,0
15,99;10,0;74,8;24/09/2026 12:56;316,0
16,0;10,0;74,94;24/09/2026 12:56;317,0
16,01;10,0;75,14;24/09/2026 12:56;318,0
16,02;10,0;75,41;24/09/2026 12:56;319,0
16,04;10,0;75,66;24/09/2026 12:56;320,0
16,05;10,0;75,93;24/09/2026 12:56;321,0
16,07;10,0;76,16;24/09/2026 12:56;322,0
16,09;10,0;76,36;24/09/2026 12:57;323,0
16,11;10,0;76,53;24/09/2026 12:57;324,0
16,13;10,0;76,65;24/09/2026 12:57;325,0
16,15;10,0;76,77;24/09/2026 12:57;326,0
16,18;10,0;76,87;24/09/2026 12:57;327,0
16,2;10,0;76,97;24/09/2026 12:57;328,0
16,22;10,0;77,06;24/09/2026 12:57;329,0
16,24;10,0;77,14;24/09/2026 12:57;330,0
16,26;10,0;77,22;24/09/2026 12:57;331,0
16,29;10,0;77,29;24/09/2026 12:57;332,0
16,31;10,0;77,36;24/09/2026 12:57;333,0
16,33;10,0;77,41;24/09/2026 12:57;334,0
16,35;10,0;77,44;24/09/2026 12:57;335,0
16,38;10,0;77,47;24/09/2026 12:57;336,0
16,4;10,0;77,47;24/09/2026 12:57;337,0
16,42;10,0;77,47;24/09/2026 12:57;338,0
16,43;10,0;77,44;24/09/2026 12:57;339,0
16,45;10,0;77,4;24/09/2026 12:57;340,0
16,47;10,0;77,36;24/09/2026 12:57;341,0
16,49;10,0;77,3;24/09/2026 12:57;342,0
16,51;10,0;77,24;24/09/2026 12:57;343,0
16,52;10,0;77,18;24/09/2026 12:57;344,0
16,54;10,0;77,12;24/09/2026 12:57;345,0
16,55;10,0;77,08;24/09/2026 12:57;346,0
16,56;10,0;77,02;24/09/2026 12:57;347,0
16,57;10,0;76,98;24/09/2026 12:57;348,0
16,58;10,0;76,93;24/09/2026 12:57;349,0
16,6;10,0;76,89;24/09/2026 12:57;350,0
16,6;10,0;76,85;24/09/2026 12:57;351,0
16,62;10,0;76,8;24/09/2026 12:57;352,0
16,63;10,0;76,76;24/09/2026 12:57;353,0
16,63;10,0;76,71;24/09/2026 12:57;354,0
16,68;20,01;74,47;24/09/2026 12:57;355,0
17,02;20,01;72,7;24/09/2026 12:57;356,0
17,38;20,01;72,72;24/09/2026 12:57;357,0
17,79;20,01;72,72;24/09/2026 12:57;358,0
18,13;20,01;72,72;24/09/2026 12:57;359,0
18,39;20,01;72,72;24/09/2026 12:57;360,0
18,76;20,01;72,71;24/09/2026 12:57;361,0
19,06;20,01;72,7;24/09/2026 12:57;362,0
19,29;20,01;72,7;24/09/2026 12:57;363,0
19,57;20,01;72,67;24/09/2026 12:57;364,0
19,86;20,01;72,66;24/09/2026 12:57;365,0
20,09;20,01;72,65;24/09/2026 12:57;366,0
20,09;20,01;72,65;24/09/2026 12:57;367,0
20,35;20,01;72,64;24/09/2026 12:57;368,0
20,59;20,01;72,63;24/09/2026 12:57;369,0
20,82;20,01;72,62;24/09/2026 12:57;370,0
21,05;20,01;72,61;24/09/2026 12:57;371,0
21,27;20,01;72,6;24/09/2026 12:57;372,0
21,47;20,01;72,59;24/09/2026 12:57;373,0
21,68;20,01;72,57;24/09/2026 12:57;374,0
21,85;20,01;72,6;24/09/2026 12:57;375,0
22,07;20,01;72,55;24/09/2026 12:57;376,0
22,27;20,01;72,55;24/09/2026 12:57;377,0
22,46;20,01;72,52;24/09/2026 12:57;378,0
22,65;20,01;72,51;24/09/2026 12:57;379,0
22,83;20,01;72,49;24/09/2026 12:57;380,0
23,01;20,01;72,49;24/09/2026 12:57;381,0
23,18;20,01;72,47;24/09/2026 12:57;382,0
23,35;20,01;72,46;24/09/2026 12:58;383,0
23,51;20,01;72,45;24/09/2026 12:58;384,0
23,65;20,01;72,43;24/09/2026 12:58;385,0
23,83;20,01;72,43;24/09/2026 12:58;386,0
23,92;20,01;72,42;24/09/2026 12:58;387,0
24,06;20,01;72,41;24/09/2026 12:58;388,0
24,27;20,01;72,39;24/09/2026 12:58;389,0
24,42;20,01;72,38;24/09/2026 12:58;390,0
24,54;20,01;72,36;24/09/2026 12:58;391,0
24,69;20,01;72,35;24/09/2026 12:58;392,0
24,8;20,01;72,35;24/09/2026 12:58;393,0
24,94;20,01;72,33;24/09/2026 12:58;394,0
25,08;20,01;72,33;24/09/2026 12:58;395,0
25,2;20,01;72,36;24/09/2026 12:58;396,0
25,3;20,01;72,34;24/09/2026 12:58;397,0
25,44;20,01;72,3;24/09/2026 12:58;398,0
25,55;20,01;72,3;24/09/2026 12:58;399,0
25,67;20,01;72,26;24/09/2026 12:58;400,0
25,77;20,01;72,3;24/09/2026 12:58;401,0
25,9;20,01;72,25;24/09/2026 12:58;402,0
26,0;20,01;72,24;24/09/2026 12:58;403,0
26,11;20,01;72,23;24/09/2026 12:58;404,0
26,2;20,01;72,23;24/09/2026 12:58;405,0
26,3;20,01;72,22;24/09/2026 12:58;406,0
26,4;20,01;72,21;24/09/2026 12:58;407,0
26,48;20,01;72,23;24/09/2026 12:58;408,0
26,59;20,01;72,21;24/09/2026 12:58;409,0
26,67;20,01;72,2;24/09/2026 12:58;410,0
26,75;20,01;72,19;24/09/2026 12:58;411,0
26,85;20,01;72,15;24/09/2026 12:58;412,0
26,93;20,01;72,14;24/09/2026 12:58;413,0
27,02;20,01;72,12;24/09/2026 12:58;414,0
27,09;20,01;72,12;24/09/2026 12:58;415,0
27,17;20,01;72,1;24/09/2026 12:58;416,0
27,24;20,01;72,08;24/09/2026 12:58;417,0
27,32;20,01;72,07;24/09/2026 12:58;418,0
27,39;20,01;72,04;24/09/2026 12:58;419,0
27,46;20,01;72,02;24/09/2026 12:58;420,0
27,54;20,01;72,02;24/09/2026 12:58;421,0
27,61;20,01;72,02;24/09/2026 12:58;422,0
27,66;20,01;72,03;24/09/2026 12:58;423,0
27,73;20,01;71,97;24/09/2026 12:58;424,0
27,79;20,01;72,07;24/09/2026 12:58;425,0
27,87;20,01;72,2;24/09/2026 12:58;426,0
27,87;20,01;72,2;24/09/2026 12:58;427,0
28,0;20,01;72,66;24/09/2026 12:58;428,0
28,07;20,01;72,92;24/09/2026 12:58;429,0
28,14;20,01;73,16;24/09/2026 12:58;430,0
28,14;20,01;73,16;24/09/2026 12:58;431,0
28,21;20,01;73,33;24/09/2026 12:58;432,0
28,28;20,01;73,47;24/09/2026 12:58;433,0
28,36;20,01;73,54;24/09/2026 12:58;434,0
28,43;20,01;73,63;24/09/2026 12:58;435,0
28,49;20,01;73,68;24/09/2026 12:58;436,0
28,57;20,01;73,76;24/09/2026 12:58;437,0
28,65;20,01;73,84;24/09/2026 12:58;438,0
28,71;20,01;73,92;24/09/2026 12:58;439,0
28,77;20,01;73,99;24/09/2026 12:58;440,0
28,85;20,01;74,06;24/09/2026 12:58;441,0
28,92;20,01;74,15;24/09/2026 12:58;442,0
28,99;20,01;74,2;24/09/2026 12:59;443,0
29,06;20,01;74,27;24/09/2026 12:59;444,0
29,13;20,01;74,31;24/09/2026 12:59;445,0
29,19;20,01;74,34;24/09/2026 12:59;446,0
29,24;20,01;74,36;24/09/2026 12:59;447,0
29,31;20,01;74,34;24/09/2026 12:59;448,0
29,37;20,01;74,31;24/09/2026 12:59;449,0
29,42;20,01;74,28;24/09/2026 12:59;450,0
29,47;20,01;74,22;24/09/2026 12:59;451,0
29,53;20,01;74,17;24/09/2026 12:59;452,0
29,59;20,01;74,11;24/09/2026 12:59;453,0
29,63;20,01;74,08;24/09/2026 12:59;454,0
29,68;20,01;74,0;24/09/2026 12:59;455,0
29,73;20,01;73,96;24/09/2026 12:59;456,0
29,76;20,01;73,91;24/09/2026 12:59;457,0
29,81;20,01;73,86;24/09/2026 12:59;458,0
29,86;20,01;73,82;24/09/2026 12:59;459,0
29,89;20,01;73,77;24/09/2026 12:59;460,0
29,92;20,01;73,71;24/09/2026 12:59;461,0
29,97;20,01;73,68;24/09/2026 12:59;462,0
30,0;20,01;73,66;24/09/2026 12:59;463,0
30,04;20,01;73,6;24/09/2026 12:59;464,0
30,06;20,01;73,57;24/09/2026 12:59;465,0
30,09;20,01;73,5;24/09/2026 12:59;466,0
30,12;20,01;73,46;24/09/2026 12:59;467,0
30,16;20,01;73,43;24/09/2026 12:59;468,0
30,19;20,01;73,42;24/09/2026 12:59;469,0
30,22;20,01;73,37;24/09/2026 12:59;470,0
30,24;20,01;73,33;24/09/2026 12:59;471,0
30,26;20,01;73,28;24/09/2026 12:59;472,0
30,29;20,01;73,24;24/09/2026 12:59;473,0
30,31;20,01;73,22;24/09/2026 12:59;474,0
30,33;20,01;73,18;24/09/2026 12:59;475,0
30,34;20,01;73,14;24/09/2026 12:59;476,0
30,37;20,01;73,09;24/09/2026 12:59;477,0
30,39;20,01;73,06;24/09/2026 12:59;478,0
30,4;20,01;73,04;24/09/2026 12:59;479,0
30,42;20,01;73,01;24/09/2026 12:59;480,0
30,44;20,01;72,95;24/09/2026 12:59;481,0
30,45;20,01;72,93;24/09/2026 12:59;482,0
30,47;20,01;72,91;24/09/2026 12:59;483,0
30,49;20,01;72,86;24/09/2026 12:59;484,0
30,49;20,01;72,84;24/09/2026 12:59;485,0
30,51;20,01;72,8;24/09/2026 12:59;486,0
30,52;20,01;72,76;24/09/2026 12:59;487,0
30,53;20,01;72,75;24/09/2026 12:59;488,0
30,54;20,01;72,72;24/09/2026 12:59;489,0
30,55;20,01;72,7;24/09/2026 12:59;490,0
30,56;20,01;72,72;24/09/2026 12:59;491,0
30,59;20,01;72,68;24/09/2026 12:59;492,0
30,58;20,01;72,66;24/09/2026 12:59;493,0
30,6;20,01;72,62;24/09/2026 12:59;494,0
30,6;20,01;72,62;24/09/2026 12:59;495,0
30,61;20,01;72,61;24/09/2026 12:59;496,0
30,61;20,01;72,59;24/09/2026 12:59;497,0
30,62;20,01;72,56;24/09/2026 12:59;498,0
30,62;20,01;72,55;24/09/2026 12:59;499,0
30,64;20,01;72,54;24/09/2026 12:59;500,0
30,64;20,01;72,52;24/09/2026 12:59;501,0
30,65;20,01;72,49;24/09/2026 12:59;502,0
30,65;20,01;72,47;24/09/2026 13:00;503,0
30,66;20,01;72,45;24/09/2026 13:00;504,0
30,66;20,01;72,43;24/09/2026 13:00;505,0
30,67;20,01;72,43;24/09/2026 13:00;506,0
30,67;20,01;72,45;24/09/2026 13:00;507,0
30,68;20,01;72,43;24/09/2026 13:00;508,0
30,68;20,01;72,42;24/09/2026 13:00;509,0
30,69;20,01;72,38;24/09/2026 13:00;510,0
30,7;20,01;72,35;24/09/2026 13:00;511,0
30,7;20,01;72,33;24/09/2026 13:00;512,0
30,7;20,01;72,33;24/09/2026 13:00;513,0
30,71;20,01;72,3;24/09/2026 13:00;514,0
30,7;20,01;72,29;24/09/2026 13:00;515,0
30,7;20,01;72,28;24/09/2026 13:00;516,0
30,71;20,01;72,26;24/09/2026 13:00;517,0
30,72;20,01;72,24;24/09/2026 13:00;518,0
30,71;20,01;72,24;24/09/2026 13:00;519,0
30,72;20,01;72,22;24/09/2026 13:00;520,0
30,72;20,01;72,2;24/09/2026 13:00;521,0
30,72;20,01;72,19;24/09/2026 13:00;522,0
30,72;20,01;72,18;24/09/2026 13:00;523,0
30,72;20,01;72,15;24/09/2026 13:00;524,0
30,72;20,01;72,13;24/09/2026 13:00;525,0
30,72;20,01;72,13;24/09/2026 13:00;526,0
30,72;20,01;72,11;24/09/2026 13:00;527,0
30,72;20,01;72,09;24/09/2026 13:00;528,0
30,72;20,01;72,08;24/09/2026 13:00;529,0
30,72;20,01;72,07;24/09/2026 13:00;530,0
30,72;20,01;72,03;24/09/2026 13:00;531,0
30,72;20,01;72,03;24/09/2026 13:00;532,0
30,72;20,01;72,0;24/09/2026 13:00;533,0
30,72;20,01;72,1;24/09/2026 13:00;534,0
30,74;30,0;71,12;24/09/2026 13:00;535,0
30,98;30,0;69,95;24/09/2026 13:00;536,0
31,33;30,0;69,98;24/09/2026 13:00;537,0
31,64;30,0;70,25;24/09/2026 13:00;538,0
31,95;30,0;70,49;24/09/2026 13:00;539,0
32,24;30,0;70,76;24/09/2026 13:00;540,0
32,53;30,0;71,0;24/09/2026 13:00;541,0
32,78;30,0;71,16;24/09/2026 13:00;542,0
32,99;30,0;71,35;24/09/2026 13:00;543,0
33,29;30,0;71,47;24/09/2026 13:00;544,0
33,51;30,0;71,51;24/09/2026 13:00;545,0
33,75;30,0;71,59;24/09/2026 13:00;546,0
33,98;30,0;71,66;24/09/2026 13:00;547,0
34,2;30,0;71,7;24/09/2026 13:00;548,0
34,2;30,0;71,7;24/09/2026 13:00;549,0
34,61;30,0;71,81;24/09/2026 13:00;550,0
34,81;30,0;71,91;24/09/2026 13:00;551,0
34,96;30,0;71,95;24/09/2026 13:00;552,0
34,96;30,0;71,95;24/09/2026 13:00;553,0
35,16;30,0;71,93;24/09/2026 13:00;554,0
35,33;30,0;71,99;24/09/2026 13:00;555,0
35,51;30,0;71,98;24/09/2026 13:00;556,0
35,65;30,0;71,99;24/09/2026 13:00;557,0
35,82;30,0;71,99;24/09/2026 13:00;558,0
35,98;30,0;71,94;24/09/2026 13:00;559,0
36,13;30,0;71,94;24/09/2026 13:00;560,0
36,27;30,0;71,91;24/09/2026 13:00;561,0
36,42;30,0;71,92;24/09/2026 13:00;562,0
36,53;30,0;71,84;24/09/2026 13:01;563,0
36,65;30,0;71,82;24/09/2026 13:01;564,0
36,8;30,0;71,78;24/09/2026 13:01;565,0
36,89;30,0;71,76;24/09/2026 13:01;566,0
37,02;30,0;71,74;24/09/2026 13:01;567,0
37,13;30,0;71,72;24/09/2026 13:01;568,0
37,24;30,0;71,68;24/09/2026 13:01;569,0
37,32;30,0;71,67;24/09/2026 13:01;570,0
37,44;30,0;71,68;24/09/2026 13:01;571,0
37,53;30,0;71,61;24/09/2026 13:01;572,0
37,63;30,0;71,58;24/09/2026 13:01;573,0
37,7;30,0;71,56;24/09/2026 13:01;574,0
37,8;30,0;71,53;24/09/2026 13:01;575,0
37,89;30,0;71,5;24/09/2026 13:01;576,0
37,96;30,0;71,48;24/09/2026 13:01;577,0
38,02;30,0;71,43;24/09/2026 13:01;578,0
38,11;30,0;71,41;24/09/2026 13:01;579,0
38,16;30,0;71,39;24/09/2026 13:01;580,0
38,24;30,0;71,37;24/09/2026 13:01;581,0
38,32;30,0;71,33;24/09/2026 13:01;582,0
38,36;30,0;71,31;24/09/2026 13:01;583,0
38,43;30,0;71,27;24/09/2026 13:01;584,0
38,49;30,0;71,25;24/09/2026 13:01;585,0
38,53;30,0;71,21;24/09/2026 13:01;586,0
38,61;30,0;71,21;24/09/2026 13:01;587,0
38,64;30,0;71,17;24/09/2026 13:01;588,0
38,7;30,0;71,16;24/09/2026 13:01;589,0
38,73;30,0;71,12;24/09/2026 13:01;590,0
38,8;30,0;71,1;24/09/2026 13:01;591,0
38,83;30,0;71,08;24/09/2026 13:01;592,0
38,88;30,0;71,04;24/09/2026 13:01;593,0
38,9;30,0;71,03;24/09/2026 13:01;594,0
38,96;30,0;70,98;24/09/2026 13:01;595,0
38,97;30,0;70,98;24/09/2026 13:01;596,0
39,02;30,0;70,95;24/09/2026 13:01;597,0
39,05;30,0;70,93;24/09/2026 13:01;598,0
39,09;30,0;70,91;24/09/2026 13:01;599,0
39,12;30,0;70,88;24/09/2026 13:01;600,0
39,15;30,0;70,86;24/09/2026 13:01;601,0
39,17;30,0;70,86;24/09/2026 13:01;602,0
39,21;30,0;70,83;24/09/2026 13:01;603,0
39,23;30,0;70,81;24/09/2026 13:01;604,0
39,25;30,0;70,79;24/09/2026 13:01;605,0
39,28;30,0;70,77;24/09/2026 13:01;606,0
39,29;30,0;70,75;24/09/2026 13:01;607,0
39,32;30,0;70,76;24/09/2026 13:01;608,0
39,32;30,0;70,76;24/09/2026 13:01;609,0
39,35;30,0;70,75;24/09/2026 13:01;610,0
39,37;30,0;70,74;24/09/2026 13:01;611,0
39,39;30,0;70,72;24/09/2026 13:01;612,0
39,42;30,0;70,69;24/09/2026 13:01;613,0
39,43;30,0;70,7;24/09/2026 13:01;614,0
39,43;30,0;70,7;24/09/2026 13:01;615,0
39,47;30,0;70,69;24/09/2026 13:01;616,0
39,49;30,0;70,64;24/09/2026 13:01;617,0
39,51;30,0;70,64;24/09/2026 13:01;618,0
39,51;30,0;70,64;24/09/2026 13:01;619,0
39,52;30,0;70,62;24/09/2026 13:01;620,0
39,52;30,0;70,59;24/09/2026 13:01;621,0
39,55;30,0;70,64;24/09/2026 13:01;622,0
39,55;30,0;70,6;24/09/2026 13:02;623,0
39,57;30,0;70,57;24/09/2026 13:02;624,0
39,58;30,0;70,55;24/09/2026 13:02;625,0
39,6;30,0;70,54;24/09/2026 13:02;626,0
39,61;30,0;70,53;24/09/2026 13:02;627,0
39,61;30,0;70,52;24/09/2026 13:02;628,0
39,63;30,0;70,49;24/09/2026 13:02;629,0
39,64;30,0;70,48;24/09/2026 13:02;630,0
39,65;30,0;70,45;24/09/2026 13:02;631,0
39,65;30,0;70,45;24/09/2026 13:02;632,0
39,66;30,0;70,45;24/09/2026 13:02;633,0
39,66;30,0;70,43;24/09/2026 13:02;634,0
39,68;30,0;70,43;24/09/2026 13:02;635,0
39,67;30,0;70,39;24/09/2026 13:02;636,0
39,68;30,0;70,37;24/09/2026 13:02;637,0
39,69;30,0;70,37;24/09/2026 13:02;638,0
39,69;30,0;70,35;24/09/2026 13:02;639,0
39,69;30,0;70,43;24/09/2026 13:02;640,0
39,69;30,0;70,58;24/09/2026 13:02;641,0
39,71;30,0;70,77;24/09/2026 13:02;642,0
39,73;30,0;71,0;24/09/2026 13:02;643,0
39,76;30,0;71,21;24/09/2026 13:02;644,0
39,79;30,0;71,41;24/09/2026 13:02;645,0
39,82;30,0;71,62;24/09/2026 13:02;646,0
39,86;30,0;71,81;24/09/2026 13:02;647,0
39,9;30,0;71,94;24/09/2026 13:02;648,0
39,94;30,0;72,02;24/09/2026 13:02;649,0
39,98;30,0;72,09;24/09/2026 13:02;650,0
40,0;30,0;72,14;24/09/2026 13:02;651,0
40,05;30,0;72,15;24/09/2026 13:02;652,0
40,08;30,0;72,23;24/09/2026 13:02;653,0
40,12;30,0;72,25;24/09/2026 13:02;654,0
40,16;30,0;72,29;24/09/2026 13:02;655,0
40,2;30,0;72,32;24/09/2026 13:02;656,0
40,23;30,0;72,38;24/09/2026 13:02;657,0
40,25;30,0;72,43;24/09/2026 13:02;658,0
40,3;30,0;72,45;24/09/2026 13:02;659,0
40,32;30,0;72,46;24/09/2026 13:02;660,0
40,35;30,0;72,47;24/09/2026 13:02;661,0
40,38;30,0;72,47;24/09/2026 13:02;662,0
40,42;30,0;72,46;24/09/2026 13:02;663,0
40,45;30,0;72,46;24/09/2026 13:02;664,0
40,48;30,0;72,39;24/09/2026 13:02;665,0
40,49;30,0;72,33;24/09/2026 13:02;666,0
40,51;30,0;72,29;24/09/2026 13:02;667,0
40,54;30,0;72,26;24/09/2026 13:02;668,0
40,55;30,0;72,22;24/09/2026 13:02;669,0
40,57;30,0;72,16;24/09/2026 13:02;670,0
40,57;30,0;72,11;24/09/2026 13:02;671,0
40,59;30,0;72,08;24/09/2026 13:02;672,0
40,59;30,0;72,07;24/09/2026 13:02;673,0
40,61;30,0;71,99;24/09/2026 13:02;674,0
40,63;30,0;71,97;24/09/2026 13:02;675,0
40,63;30,0;71,92;24/09/2026 13:02;676,0
40,63;30,0;71,89;24/09/2026 13:02;677,0
40,64;30,0;71,84;24/09/2026 13:02;678,0
40,64;30,0;71,81;24/09/2026 13:02;679,0
40,65;30,0;71,77;24/09/2026 13:02;680,0
40,66;30,0;71,73;24/09/2026 13:02;681,0
40,66;30,0;71,73;24/09/2026 13:02;682,0
40,66;30,0;71,69;24/09/2026 13:03;683,0
40,65;30,0;71,68;24/09/2026 13:03;684,0
40,66;30,0;71,62;24/09/2026 13:03;685,0
40,65;30,0;71,58;24/09/2026 13:03;686,0
40,65;30,0;71,53;24/09/2026 13:03;687,0
40,65;30,0;71,5;24/09/2026 13:03;688,0
40,65;30,0;71,47;24/09/2026 13:03;689,0
40,65;30,0;71,45;24/09/2026 13:03;690,0
40,63;30,0;71,4;24/09/2026 13:03;691,0
40,63;30,0;71,37;24/09/2026 13:03;692,0
40,63;30,0;71,35;24/09/2026 13:03;693,0
40,63;30,0;71,36;24/09/2026 13:03;694,0
40,62;30,0;71,29;24/09/2026 13:03;695,0
40,62;30,0;71,25;24/09/2026 13:03;696,0
40,6;30,0;71,21;24/09/2026 13:03;697,0
40,59;30,0;71,19;24/09/2026 13:03;698,0
40,6;30,0;71,17;24/09/2026 13:03;699,0
40,59;30,0;71,15;24/09/2026 13:03;700,0
40,58;30,0;71,11;24/09/2026 13:03;701,0
40,57;30,0;71,09;24/09/2026 13:03;702,0
40,57;30,0;71,08;24/09/2026 13:03;703,0
40,56;30,0;71,06;24/09/2026 13:03;704,0
40,54;30,0;71,07;24/09/2026 13:03;705,0
40,54;30,0;71,03;24/09/2026 13:03;706,0
40,54;30,0;70,99;24/09/2026 13:03;707,0
40,52;30,0;70,98;24/09/2026 13:03;708,0
40,51;30,0;70,97;24/09/2026 13:03;709,0
40,52;30,0;70,94;24/09/2026 13:03;710,0
40,51;30,0;70,91;24/09/2026 13:03;711,0
40,49;30,0;70,9;24/09/2026 13:03;712,0
40,48;30,0;70,88;24/09/2026 13:03;713,0
40,46;30,0;70,88;24/09/2026 13:03;714,0
40,46;40,0;70,73;24/09/2026 13:03;715,0
40,57;40,0;69,59;24/09/2026 13:03;716,0
40,79;40,0;69,13;24/09/2026 13:03;717,0
40,99;40,0;69,17;24/09/2026 13:03;718,0
41,18;40,0;69,18;24/09/2026 13:03;719,0
41,37;40,0;69,18;24/09/2026 13:03;720,0
41,54;40,0;69,18;24/09/2026 13:03;721,0
41,65;40,0;69,19;24/09/2026 13:03;722,0
41,84;40,0;69,21;24/09/2026 13:03;723,0
41,97;40,0;69,22;24/09/2026 13:03;724,0
42,09;40,0;69,22;24/09/2026 13:03;725,0
42,2;40,0;69,23;24/09/2026 13:03;726,0
42,31;40,0;69,24;24/09/2026 13:03;727,0
42,42;40,0;69,29;24/09/2026 13:03;728,0
42,48;40,0;69,23;24/09/2026 13:03;729,0
42,61;40,0;69,25;24/09/2026 13:03;730,0
42,7;40,0;69,25;24/09/2026 13:03;731,0
42,77;40,0;69,24;24/09/2026 13:03;732,0
42,86;40,0;69,24;24/09/2026 13:03;733,0
42,94;40,0;69,22;24/09/2026 13:03;734,0
43,0;40,0;69,24;24/09/2026 13:03;735,0
43,08;40,0;69,24;24/09/2026 13:03;736,0
43,15;40,0;69,25;24/09/2026 13:03;737,0
43,2;40,0;69,23;24/09/2026 13:03;738,0
43,25;40,0;69,23;24/09/2026 13:03;739,0
43,31;40,0;69,23;24/09/2026 13:03;740,0
43,38;40,0;69,22;24/09/2026 13:03;741,0
43,44;40,0;69,22;24/09/2026 13:03;742,0
43,49;40,0;69,2;24/09/2026 13:04;743,0
43,54;40,0;69,3;24/09/2026 13:04;744,0
43,59;40,0;69,41;24/09/2026 13:04;745,0
43,64;40,0;69,53;24/09/2026 13:04;746,0
43,69;40,0;69,75;24/09/2026 13:04;747,0
43,77;40,0;69,97;24/09/2026 13:04;748,0
43,83;40,0;70,2;24/09/2026 13:04;749,0
43,9;40,0;70,39;24/09/2026 13:04;750,0
43,9;40,0;70,39;24/09/2026 13:04;751,0
43,99;40,0;70,57;24/09/2026 13:04;752,0
44,04;40,0;70,73;24/09/2026 13:04;753,0
44,14;40,0;70,85;24/09/2026 13:04;754,0
44,23;40,0;70,86;24/09/2026 13:04;755,0
44,29;40,0;70,94;24/09/2026 13:04;756,0
44,39;40,0;70,99;24/09/2026 13:04;757,0
44,46;40,0;71,05;24/09/2026 13:04;758,0
44,52;40,0;71,09;24/09/2026 13:04;759,0
44,56;40,0;71,15;24/09/2026 13:04;760,0
44,66;40,0;71,21;24/09/2026 13:04;761,0
44,73;40,0;71,24;24/09/2026 13:04;762,0
44,79;40,0;71,29;24/09/2026 13:04;763,0
44,85;40,0;71,33;24/09/2026 13:04;764,0
44,93;40,0;71,37;24/09/2026 13:04;765,0
44,98;40,0;71,38;24/09/2026 13:04;766,0
45,04;40,0;71,39;24/09/2026 13:04;767,0
45,1;40,0;71,38;24/09/2026 13:04;768,0
45,13;40,0;71,37;24/09/2026 13:04;769,0
45,18;40,0;71,33;24/09/2026 13:04;770,0
45,23;40,0;71,29;24/09/2026 13:04;771,0
45,25;40,0;71,26;24/09/2026 13:04;772,0
45,3;40,0;71,22;24/09/2026 13:04;773,0
45,35;40,0;71,17;24/09/2026 13:04;774,0
45,37;40,0;71,17;24/09/2026 13:04;775,0
45,39;40,0;71,11;24/09/2026 13:04;776,0
45,43;40,0;71,09;24/09/2026 13:04;777,0
45,44;40,0;71,06;24/09/2026 13:04;778,0
45,48;40,0;71,01;24/09/2026 13:04;779,0
45,49;40,0;70,99;24/09/2026 13:04;780,0
45,52;40,0;71,01;24/09/2026 13:04;781,0
45,53;40,0;70,97;24/09/2026 13:04;782,0
45,54;40,0;70,94;24/09/2026 13:04;783,0
45,57;40,0;70,86;24/09/2026 13:04;784,0
45,57;40,0;70,83;24/09/2026 13:04;785,0
45,58;40,0;70,8;24/09/2026 13:04;786,0
45,6;40,0;70,76;24/09/2026 13:04;787,0
45,6;40,0;70,73;24/09/2026 13:04;788,0
45,61;40,0;70,68;24/09/2026 13:04;789,0
45,6;40,0;70,66;24/09/2026 13:04;790,0
45,62;40,0;70,63;24/09/2026 13:04;791,0
45,62;40,0;70,59;24/09/2026 13:04;792,0
45,62;40,0;70,55;24/09/2026 13:04;793,0
45,63;40,0;70,53;24/09/2026 13:04;794,0
45,62;40,0;70,48;24/09/2026 13:04;795,0
45,63;40,0;70,45;24/09/2026 13:04;796,0
45,62;40,0;70,42;24/09/2026 13:04;797,0
45,63;40,0;70,38;24/09/2026 13:04;798,0
45,62;40,0;70,35;24/09/2026 13:04;799,0
45,62;40,0;70,32;24/09/2026 13:04;800,0
45,61;40,0;70,27;24/09/2026 13:04;801,0
45,61;40,0;70,25;24/09/2026 13:04;802,0
45,62;40,0;70,23;24/09/2026 13:05;803,0
45,59;40,0;70,2;24/09/2026 13:05;804,0
45,59;40,0;70,18;24/09/2026 13:05;805,0
45,59;40,0;70,16;24/09/2026 13:05;806,0
45,57;40,0;70,13;24/09/2026 13:05;807,0
45,57;40,0;70,12;24/09/2026 13:05;808,0
45,57;40,0;70,12;24/09/2026 13:05;809,0
45,55;40,0;70,13;24/09/2026 13:05;810,0
45,55;40,0;70,13;24/09/2026 13:05;811,0
45,54;40,0;70,04;24/09/2026 13:05;812,0
45,54;40,0;70,04;24/09/2026 13:05;813,0
45,53;40,0;70,03;24/09/2026 13:05;814,0
45,52;40,0;70,02;24/09/2026 13:05;815,0
45,52;40,0;69,98;24/09/2026 13:05;816,0
45,51;40,0;70,0;24/09/2026 13:05;817,0
45,5;40,0;69,96;24/09/2026 13:05;818,0
45,49;40,0;69,95;24/09/2026 13:05;819,0
45,49;40,0;69,94;24/09/2026 13:05;820,0
45,48;40,0;69,98;24/09/2026 13:05;821,0
45,48;40,0;69,91;24/09/2026 13:05;822,0
45,47;40,0;69,87;24/09/2026 13:05;823,0
45,44;40,0;69,87;24/09/2026 13:05;824,0
45,45;40,0;69,86;24/09/2026 13:05;825,0
45,44;40,0;69,85;24/09/2026 13:05;826,0
45,43;40,0;69,82;24/09/2026 13:05;827,0
45,42;40,0;69,81;24/09/2026 13:05;828,0
45,4;40,0;69,79;24/09/2026 13:05;829,0
45,4;40,0;69,77;24/09/2026 13:05;830,0
45,39;40,0;69,76;24/09/2026 13:05;831,0
45,38;40,0;69,75;24/09/2026 13:05;832,0
45,37;40,0;69,72;24/09/2026 13:05;833,0
45,37;40,0;69,7;24/09/2026 13:05;834,0
45,35;40,0;69,7;24/09/2026 13:05;835,0
45,33;40,0;69,67;24/09/2026 13:05;836,0
45,33;40,0;69,66;24/09/2026 13:05;837,0
45,32;40,0;69,64;24/09/2026 13:05;838,0
45,3;40,0;69,65;24/09/2026 13:05;839,0
45,3;40,0;69,62;24/09/2026 13:05;840,0
45,3;40,0;69,59;24/09/2026 13:05;841,0
45,27;40,0;69,59;24/09/2026 13:05;842,0
45,27;40,0;69,56;24/09/2026 13:05;843,0
45,26;40,0;69,54;24/09/2026 13:05;844,0
45,26;40,0;69,53;24/09/2026 13:05;845,0
45,24;40,0;69,51;24/09/2026 13:05;846,0
45,23;40,0;69,5;24/09/2026 13:05;847,0
45,21;40,0;69,48;24/09/2026 13:05;848,0
45,22;40,0;69,52;24/09/2026 13:05;849,0
45,21;40,0;69,7;24/09/2026 13:05;850,0
45,2;40,0;69,81;24/09/2026 13:05;851,0
45,22;40,0;70,0;24/09/2026 13:05;852,0
45,23;40,0;70,23;24/09/2026 13:05;853,0
45,26;40,0;70,43;24/09/2026 13:05;854,0
45,29;40,0;70,64;24/09/2026 13:05;855,0
45,31;40,0;70,77;24/09/2026 13:05;856,0
45,37;40,0;70,91;24/09/2026 13:05;857,0
45,4;40,0;71,0;24/09/2026 13:05;858,0
45,44;40,0;71,08;24/09/2026 13:05;859,0
45,48;40,0;71,16;24/09/2026 13:05;860,0
45,52;40,0;71,19;24/09/2026 13:05;861,0
45,55;40,0;71,24;24/09/2026 13:05;862,0
45,6;40,0;71,29;24/09/2026 13:06;863,0
45,63;40,0;71,41;24/09/2026 13:06;864,0
45,66;40,0;71,39;24/09/2026 13:06;865,0
45,7;40,0;71,43;24/09/2026 13:06;866,0
45,73;40,0;71,49;24/09/2026 13:06;867,0
45,76;40,0;71,51;24/09/2026 13:06;868,0
45,8;40,0;71,53;24/09/2026 13:06;869,0
45,83;40,0;71,55;24/09/2026 13:06;870,0
45,86;40,0;71,53;24/09/2026 13:06;871,0
45,87;40,0;71,53;24/09/2026 13:06;872,0
45,91;40,0;71,51;24/09/2026 13:06;873,0
45,91;40,0;71,51;24/09/2026 13:06;874,0
45,92;40,0;71,49;24/09/2026 13:06;875,0
45,96;40,0;71,47;24/09/2026 13:06;876,0
45,96;40,0;71,4;24/09/2026 13:06;877,0
45,99;40,0;71,35;24/09/2026 13:06;878,0
46,0;40,0;71,3;24/09/2026 13:06;879,0
46,02;40,0;71,22;24/09/2026 13:06;880,0
46,01;40,0;71,19;24/09/2026 13:06;881,0
46,01;40,0;71,19;24/09/2026 13:06;882,0
46,02;40,0;71,16;24/09/2026 13:06;883,0
46,02;40,0;71,11;24/09/2026 13:06;884,0
46,02;40,0;71,06;24/09/2026 13:06;885,0
46,03;40,0;71,04;24/09/2026 13:06;886,0
46,04;40,0;70,99;24/09/2026 13:06;887,0
46,04;40,0;70,95;24/09/2026 13:06;888,0
46,04;40,0;70,91;24/09/2026 13:06;889,0
46,01;40,0;70,88;24/09/2026 13:06;890,0
46,02;40,0;70,84;24/09/2026 13:06;891,0
46,01;40,0;70,8;24/09/2026 13:06;892,0
46,01;40,0;70,76;24/09/2026 13:06;893,0
46,0;40,0;70,72;24/09/2026 13:06;894,0
45,98;50,01;70,68;24/09/2026 13:06;895,0
46,04;50,01;69,67;24/09/2026 13:06;896,0
46,15;50,01;69,24;24/09/2026 13:06;897,0
46,27;50,01;69,19;24/09/2026 13:06;898,0
46,4;50,01;69,2;24/09/2026 13:06;899,0
46,49;50,01;69,2;24/09/2026 13:06;900,0
46,56;50,01;69,24;24/09/2026 13:06;901,0
46,69;50,01;69,24;24/09/2026 13:06;902,0
46,76;50,01;69,23;24/09/2026 13:06;903,0
46,85;50,01;69,23;24/09/2026 13:06;904,0
46,92;50,01;69,22;24/09/2026 13:06;905,0
46,99;50,01;69,22;24/09/2026 13:06;906,0
47,04;50,01;69,24;24/09/2026 13:06;907,0
47,09;50,01;69,24;24/09/2026 13:06;908,0
47,16;50,01;69,25;24/09/2026 13:06;909,0
47,21;50,01;69,25;24/09/2026 13:06;910,0
47,26;50,01;69,25;24/09/2026 13:06;911,0
47,31;50,01;69,24;24/09/2026 13:06;912,0
47,33;50,01;69,24;24/09/2026 13:06;913,0
47,39;50,01;69,24;24/09/2026 13:06;914,0
47,43;50,01;69,29;24/09/2026 13:06;915,0
47,45;50,01;69,24;24/09/2026 13:06;916,0
47,48;50,01;69,23;24/09/2026 13:06;917,0
47,53;50,01;69,23;24/09/2026 13:06;918,0
47,54;50,01;69,22;24/09/2026 13:06;919,0
47,58;50,01;69,23;24/09/2026 13:06;920,0
47,6;50,01;69,2;24/09/2026 13:06;921,0
47,62;50,01;69,2;24/09/2026 13:06;922,0
47,64;50,01;69,21;24/09/2026 13:07;923,0
47,67;50,01;69,21;24/09/2026 13:07;924,0
47,69;50,01;69,2;24/09/2026 13:07;925,0
47,7;50,01;69,18;24/09/2026 13:07;926,0
47,72;50,01;69,18;24/09/2026 13:07;927,0
47,73;50,01;69,19;24/09/2026 13:07;928,0
47,75;50,01;69,15;24/09/2026 13:07;929,0
47,77;50,01;69,14;24/09/2026 13:07;930,0
47,78;50,01;69,12;24/09/2026 13:07;931,0
47,79;50,01;69,12;24/09/2026 13:07;932,0
47,79;50,01;69,11;24/09/2026 13:07;933,0
47,82;50,01;69,09;24/09/2026 13:07;934,0
47,83;50,01;69,08;24/09/2026 13:07;935,0
47,83;50,01;69,07;24/09/2026 13:07;936,0
47,83;50,01;69,04;24/09/2026 13:07;937,0
47,84;50,01;69,04;24/09/2026 13:07;938,0
47,84;50,01;69,04;24/09/2026 13:07;939,0
47,85;50,01;69,02;24/09/2026 13:07;940,0
47,86;50,01;69,01;24/09/2026 13:07;941,0
47,84;50,01;69,0;24/09/2026 13:07;942,0
47,86;50,01;68,98;24/09/2026 13:07;943,0
47,86;50,01;68,97;24/09/2026 13:07;944,0
47,87;50,01;68,97;24/09/2026 13:07;945,0
47,86;50,01;68,96;24/09/2026 13:07;946,0
47,87;50,01;68,92;24/09/2026 13:07;947,0
47,87;50,01;68,92;24/09/2026 13:07;948,0
47,87;50,01;68,91;24/09/2026 13:07;949,0
47,87;50,01;68,88;24/09/2026 13:07;950,0
47,88;50,01;68,88;24/09/2026 13:07;951,0
47,86;50,01;68,86;24/09/2026 13:07;952,0
47,87;50,01;68,89;24/09/2026 13:07;953,0
47,87;50,01;69,01;24/09/2026 13:07;954,0
47,87;50,01;69,13;24/09/2026 13:07;955,0
47,89;50,01;69,35;24/09/2026 13:07;956,0
47,94;50,01;69,56;24/09/2026 13:07;957,0
47,96;50,01;69,74;24/09/2026 13:07;958,0
48,01;50,01;69,91;24/09/2026 13:07;959,0
48,05;50,01;70,07;24/09/2026 13:07;960,0
48,09;50,01;70,23;24/09/2026 13:07;961,0
48,16;50,01;70,31;24/09/2026 13:07;962,0
48,2;50,01;70,38;24/09/2026 13:07;963,0
48,27;50,01;70,45;24/09/2026 13:07;964,0
48,31;50,01;70,5;24/09/2026 13:07;965,0
48,35;50,01;70,58;24/09/2026 13:07;966,0
48,42;50,01;70,63;24/09/2026 13:07;967,0
48,45;50,01;70,68;24/09/2026 13:07;968,0
48,51;50,01;70,72;24/09/2026 13:07;969,0
48,55;50,01;70,78;24/09/2026 13:07;970,0
48,6;50,01;70,81;24/09/2026 13:07;971,0
48,63;50,01;70,83;24/09/2026 13:07;972,0
48,69;50,01;70,86;24/09/2026 13:07;973,0
48,73;50,01;70,88;24/09/2026 13:07;974,0
48,77;50,01;70,91;24/09/2026 13:07;975,0
48,81;50,01;70,89;24/09/2026 13:07;976,0
48,83;50,01;70,88;24/09/2026 13:07;977,0
48,85;50,01;70,91;24/09/2026 13:07;978,0
48,89;50,01;70,83;24/09/2026 13:07;979,0
48,92;50,01;70,77;24/09/2026 13:07;980,0
48,93;50,01;70,74;24/09/2026 13:07;981,0
48,95;50,01;70,69;24/09/2026 13:07;982,0
48,96;50,01;70,66;24/09/2026 13:08;983,0
48,96;50,01;70,62;24/09/2026 13:08;984,0
48,99;50,01;70,57;24/09/2026 13:08;985,0
49,0;50,01;70,56;24/09/2026 13:08;986,0
48,99;50,01;70,52;24/09/2026 13:08;987,0
49,0;50,01;70,48;24/09/2026 13:08;988,0
48,99;50,01;70,48;24/09/2026 13:08;989,0
49,01;50,01;70,41;24/09/2026 13:08;990,0
49,02;50,01;70,37;24/09/2026 13:08;991,0
48,99;50,01;70,33;24/09/2026 13:08;992,0
49,0;50,01;70,29;24/09/2026 13:08;993,0
49,0;50,01;70,31;24/09/2026 13:08;994,0
49,0;50,01;70,31;24/09/2026 13:08;995,0
48,99;50,01;70,24;24/09/2026 13:08;996,0
48,99;50,01;70,2;24/09/2026 13:08;997,0
48,98;50,01;70,16;24/09/2026 13:08;998,0
48,97;50,01;70,17;24/09/2026 13:08;999,0
48,96;50,01;70,1;24/09/2026 13:08;1000,0
48,95;50,01;70,06;24/09/2026 13:08;1001,0
48,95;50,01;70,02;24/09/2026 13:08;1002,0
48,94;50,01;70,0;24/09/2026 13:08;1003,0
48,92;50,01;69,95;24/09/2026 13:08;1004,0
48,91;50,01;69,93;24/09/2026 13:08;1005,0
48,89;50,01;69,89;24/09/2026 13:08;1006,0
48,89;50,01;69,86;24/09/2026 13:08;1007,0
48,87;50,01;69,83;24/09/2026 13:08;1008,0
48,86;50,01;69,81;24/09/2026 13:08;1009,0
48,84;50,01;69,76;24/09/2026 13:08;1010,0
48,81;50,01;69,74;24/09/2026 13:08;1011,0
48,81;50,01;69,71;24/09/2026 13:08;1012,0
48,8;50,01;69,69;24/09/2026 13:08;1013,0
48,78;50,01;69,65;24/09/2026 13:08;1014,0
48,76;50,01;69,63;24/09/2026 13:08;1015,0
48,75;50,01;69,61;24/09/2026 13:08;1016,0
48,73;50,01;69,61;24/09/2026 13:08;1017,0
48,72;50,01;69,58;24/09/2026 13:08;1018,0
48,7;50,01;69,54;24/09/2026 13:08;1019,0
48,69;50,01;69,53;24/09/2026 13:08;1020,0
48,68;50,01;69,52;24/09/2026 13:08;1021,0
48,67;50,01;69,5;24/09/2026 13:08;1022,0
48,64;50,01;69,49;24/09/2026 13:08;1023,0
48,64;50,01;69,46;24/09/2026 13:08;1024,0
48,62;50,01;69,45;24/09/2026 13:08;1025,0
48,61;50,01;69,43;24/09/2026 13:08;1026,0
48,6;50,01;69,42;24/09/2026 13:08;1027,0
48,58;50,01;69,42;24/09/2026 13:08;1028,0
48,56;50,01;69,38;24/09/2026 13:08;1029,0
48,55;50,01;69,37;24/09/2026 13:08;1030,0
48,55;50,01;69,37;24/09/2026 13:08;1031,0
48,53;50,01;69,34;24/09/2026 13:08;1032,0
48,51;50,01;69,32;24/09/2026 13:08;1033,0
48,5;50,01;69,31;24/09/2026 13:08;1034,0
48,48;50,01;69,29;24/09/2026 13:08;1035,0
48,48;50,01;69,27;24/09/2026 13:08;1036,0
48,46;50,01;69,24;24/09/2026 13:08;1037,0
48,44;50,01;69,24;24/09/2026 13:08;1038,0
48,43;50,01;69,29;24/09/2026 13:08;1039,0
48,43;50,01;69,23;24/09/2026 13:08;1040,0
48,42;50,01;69,19;24/09/2026 13:08;1041,0
48,41;50,01;69,18;24/09/2026 13:08;1042,0
48,39;50,01;69,15;24/09/2026 13:09;1043,0
48,38;50,01;69,13;24/09/2026 13:09;1044,0
48,36;50,01;69,11;24/09/2026 13:09;1045,0
48,33;50,01;69,09;24/09/2026 13:09;1046,0
48,34;50,01;69,07;24/09/2026 13:09;1047,0
48,31;50,01;69,06;24/09/2026 13:09;1048,0
48,3;50,01;69,03;24/09/2026 13:09;1049,0
48,28;50,01;69,04;24/09/2026 13:09;1050,0
48,28;50,01;69,01;24/09/2026 13:09;1051,0
48,26;50,01;68,97;24/09/2026 13:09;1052,0
48,25;50,01;68,97;24/09/2026 13:09;1053,0
48,23;50,01;68,93;24/09/2026 13:09;1054,0
48,21;50,01;68,9;24/09/2026 13:09;1055,0
48,22;50,01;68,9;24/09/2026 13:09;1056,0
48,21;50,01;69,0;24/09/2026 13:09;1057,0
48,2;50,01;69,13;24/09/2026 13:09;1058,0
48,2;50,01;69,31;24/09/2026 13:09;1059,0
48,2;50,01;69,46;24/09/2026 13:09;1060,0
48,23;50,01;69,66;24/09/2026 13:09;1061,0
48,26;50,01;69,86;24/09/2026 13:09;1062,0
48,29;50,01;70,04;24/09/2026 13:09;1063,0
48,34;50,01;70,18;24/09/2026 13:09;1064,0
48,38;50,01;70,33;24/09/2026 13:09;1065,0
48,38;50,01;70,33;24/09/2026 13:09;1066,0
48,43;50,01;70,39;24/09/2026 13:09;1067,0
48,47;50,01;70,48;24/09/2026 13:09;1068,0
48,52;50,01;70,6;24/09/2026 13:09;1069,0
48,56;50,01;70,59;24/09/2026 13:09;1070,0
48,61;50,01;70,64;24/09/2026 13:09;1071,0
48,66;50,01;70,69;24/09/2026 13:09;1072,0
48,69;50,01;70,76;24/09/2026 13:09;1073,0
48,73;50,01;70,78;24/09/2026 13:09;1074,0
48,77;50,01;70,84;24/09/2026 13:09;1075,0
48,84;60,0;70,28;24/09/2026 13:09;1076,0
48,94;60,0;70,11;24/09/2026 13:09;1077,0
49,05;60,0;70,01;24/09/2026 13:09;1078,0
49,19;60,0;69,94;24/09/2026 13:09;1079,0
49,3;60,0;70,0;24/09/2026 13:09;1080,0
49,38;60,0;70,02;24/09/2026 13:09;1081,0
49,5;60,0;70,03;24/09/2026 13:09;1082,0
49,59;60,0;70,02;24/09/2026 13:09;1083,0
49,66;60,0;70,03;24/09/2026 13:09;1084,0
49,74;60,0;70,07;24/09/2026 13:09;1085,0
49,8;60,0;70,01;24/09/2026 13:09;1086,0
49,87;60,0;69,98;24/09/2026 13:09;1087,0
49,93;60,0;69,97;24/09/2026 13:09;1088,0
49,99;60,0;69,96;24/09/2026 13:09;1089,0
50,04;60,0;69,94;24/09/2026 13:09;1090,0
50,07;60,0;69,93;24/09/2026 13:09;1091,0
50,11;60,0;69,92;24/09/2026 13:09;1092,0
50,15;60,0;69,87;24/09/2026 13:09;1093,0
50,18;60,0;69,84;24/09/2026 13:09;1094,0
50,19;60,0;69,84;24/09/2026 13:09;1095,0
50,23;60,0;69,82;24/09/2026 13:09;1096,0
50,24;60,0;69,77;24/09/2026 13:09;1097,0
50,27;60,0;69,76;24/09/2026 13:09;1098,0
50,3;60,0;69,73;24/09/2026 13:09;1099,0
50,31;60,0;69,7;24/09/2026 13:09;1100,0
50,33;60,0;69,69;24/09/2026 13:09;1101,0
50,34;60,0;69,67;24/09/2026 13:09;1102,0
50,34;60,0;69,62;24/09/2026 13:10;1103,0
50,36;60,0;69,6;24/09/2026 13:10;1104,0
50,37;60,0;69,56;24/09/2026 13:10;1105,0
50,38;60,0;69,53;24/09/2026 13:10;1106,0
50,38;60,0;69,51;24/09/2026 13:10;1107,0
50,38;60,0;69,5;24/09/2026 13:10;1108,0
50,38;60,0;69,45;24/09/2026 13:10;1109,0
50,38;60,0;69,43;24/09/2026 13:10;1110,0
50,39;60,0;69,41;24/09/2026 13:10;1111,0
50,38;60,0;69,39;24/09/2026 13:10;1112,0
50,38;60,0;69,34;24/09/2026 13:10;1113,0
50,37;60,0;69,37;24/09/2026 13:10;1114,0
50,37;60,0;69,31;24/09/2026 13:10;1115,0
50,38;60,0;69,27;24/09/2026 13:10;1116,0
50,36;60,0;69,27;24/09/2026 13:10;1117,0
50,36;60,0;69,23;24/09/2026 13:10;1118,0
50,35;60,0;69,21;24/09/2026 13:10;1119,0
50,35;60,0;69,2;24/09/2026 13:10;1120,0
50,33;60,0;69,18;24/09/2026 13:10;1121,0
50,33;60,0;69,14;24/09/2026 13:10;1122,0
50,32;60,0;69,14;24/09/2026 13:10;1123,0
50,31;60,0;69,12;24/09/2026 13:10;1124,0
50,3;60,0;69,1;24/09/2026 13:10;1125,0
50,3;60,0;69,09;24/09/2026 13:10;1126,0
50,28;60,0;69,08;24/09/2026 13:10;1127,0
50,28;60,0;69,06;24/09/2026 13:10;1128,0
50,28;60,0;69,06;24/09/2026 13:10;1129,0
50,27;60,0;69,04;24/09/2026 13:10;1130,0
50,25;60,0;69,03;24/09/2026 13:10;1131,0
50,25;60,0;69,01;24/09/2026 13:10;1132,0
50,25;60,0;69,01;24/09/2026 13:10;1133,0
50,25;60,0;69,0;24/09/2026 13:10;1134,0
50,22;60,0;68,96;24/09/2026 13:10;1135,0
50,22;60,0;68,94;24/09/2026 13:10;1136,0
50,21;60,0;68,93;24/09/2026 13:10;1137,0
50,19;60,0;68,92;24/09/2026 13:10;1138,0
50,18;60,0;68,91;24/09/2026 13:10;1139,0
50,18;60,0;68,89;24/09/2026 13:10;1140,0
50,18;60,0;68,87;24/09/2026 13:10;1141,0
50,14;60,0;68,86;24/09/2026 13:10;1142,0
50,15;60,0;68,84;24/09/2026 13:10;1143,0
50,14;60,0;68,82;24/09/2026 13:10;1144,0
50,14;60,0;68,81;24/09/2026 13:10;1145,0
50,12;60,0;68,79;24/09/2026 13:10;1146,0
50,1;60,0;68,78;24/09/2026 13:10;1147,0
50,08;60,0;68,76;24/09/2026 13:10;1148,0
50,09;60,0;68,73;24/09/2026 13:10;1149,0
50,06;60,0;68,71;24/09/2026 13:10;1150,0
50,07;60,0;68,71;24/09/2026 13:10;1151,0
50,06;60,0;68,69;24/09/2026 13:10;1152,0
50,04;60,0;68,66;24/09/2026 13:10;1153,0
50,04;60,0;68,65;24/09/2026 13:10;1154,0
50,02;60,0;68,63;24/09/2026 13:10;1155,0
50,0;60,0;68,61;24/09/2026 13:10;1156,0
50,0;60,0;68,6;24/09/2026 13:10;1157,0
49,99;60,0;68,57;24/09/2026 13:10;1158,0
49,97;60,0;68,56;24/09/2026 13:10;1159,0
49,96;60,0;68,55;24/09/2026 13:10;1160,0
49,94;60,0;68,51;24/09/2026 13:10;1161,0
49,95;60,0;68,61;24/09/2026 13:10;1162,0
49,95;60,0;68,75;24/09/2026 13:11;1163,0
49,96;60,0;68,91;24/09/2026 13:11;1164,0
49,95;60,0;69,06;24/09/2026 13:11;1165,0
49,99;60,0;69,31;24/09/2026 13:11;1166,0
50,02;60,0;69,43;24/09/2026 13:11;1167,0
50,06;60,0;69,62;24/09/2026 13:11;1168,0
50,11;60,0;69,76;24/09/2026 13:11;1169,0
50,17;60,0;69,91;24/09/2026 13:11;1170,0
50,21;60,0;69,98;24/09/2026 13:11;1171,0
50,27;60,0;70,06;24/09/2026 13:11;1172,0
50,32;60,0;70,13;24/09/2026 13:11;1173,0
50,35;60,0;70,2;24/09/2026 13:11;1174,0
50,41;60,0;70,24;24/09/2026 13:11;1175,0
50,46;60,0;70,28;24/09/2026 13:11;1176,0
50,52;60,0;70,36;24/09/2026 13:11;1177,0
50,55;60,0;70,38;24/09/2026 13:11;1178,0
50,6;60,0;70,43;24/09/2026 13:11;1179,0
50,65;60,0;70,48;24/09/2026 13:11;1180,0
50,69;60,0;70,49;24/09/2026 13:11;1181,0
50,72;60,0;70,52;24/09/2026 13:11;1182,0
50,77;60,0;70,55;24/09/2026 13:11;1183,0
50,8;60,0;70,54;24/09/2026 13:11;1184,0
50,83;60,0;70,54;24/09/2026 13:11;1185,0
50,87;60,0;70,53;24/09/2026 13:11;1186,0
50,88;60,0;70,48;24/09/2026 13:11;1187,0
50,93;60,0;70,47;24/09/2026 13:11;1188,0
50,93;60,0;70,44;24/09/2026 13:11;1189,0
50,95;60,0;70,38;24/09/2026 13:11;1190,0
50,95;60,0;70,38;24/09/2026 13:11;1191,0
50,98;60,0;70,37;24/09/2026 13:11;1192,0
50,98;60,0;70,33;24/09/2026 13:11;1193,0
50,99;60,0;70,35;24/09/2026 13:11;1194,0
50,99;60,0;70,26;24/09/2026 13:11;1195,0
51,01;60,0;70,24;24/09/2026 13:11;1196,0
50,99;60,0;70,21;24/09/2026 13:11;1197,0
50,99;60,0;70,16;24/09/2026 13:11;1198,0
50,99;60,0;70,12;24/09/2026 13:11;1199,0
50,99;60,0;70,08;24/09/2026 13:11;1200,0
50,99;60,0;70,06;24/09/2026 13:11;1201,0
50,99;60,0;70,01;24/09/2026 13:11;1202,0
50,98;60,0;69,98;24/09/2026 13:11;1203,0
50,96;60,0;69,95;24/09/2026 13:11;1204,0
50,94;60,0;69,92;24/09/2026 13:11;1205,0
50,95;60,0;69,86;24/09/2026 13:11;1206,0
50,93;60,0;69,84;24/09/2026 13:11;1207,0
50,93;60,0;69,81;24/09/2026 13:11;1208,0
50,92;60,0;69,79;24/09/2026 13:11;1209,0
50,89;60,0;69,73;24/09/2026 13:11;1210,0
50,88;60,0;69,7;24/09/2026 13:11;1211,0
50,86;60,0;69,66;24/09/2026 13:11;1212,0
50,85;60,0;69,61;24/09/2026 13:11;1213,0
50,83;60,0;69,59;24/09/2026 13:11;1214,0
50,82;60,0;69,58;24/09/2026 13:11;1215,0
50,79;60,0;69,54;24/09/2026 13:11;1216,0
50,79;60,0;69,5;24/09/2026 13:11;1217,0
50,76;60,0;69,46;24/09/2026 13:11;1218,0
50,75;60,0;69,44;24/09/2026 13:11;1219,0
50,72;60,0;69,41;24/09/2026 13:11;1220,0
50,7;60,0;69,38;24/09/2026 13:11;1221,0
50,69;60,0;69,34;24/09/2026 13:11;1222,0
50,68;60,0;69,34;24/09/2026 13:12;1223,0
50,65;60,0;69,29;24/09/2026 13:12;1224,0
50,64;60,0;69,28;24/09/2026 13:12;1225,0
50,62;60,0;69,27;24/09/2026 13:12;1226,0
50,6;60,0;69,22;24/09/2026 13:12;1227,0
50,58;60,0;69,21;24/09/2026 13:12;1228,0
50,57;60,0;69,2;24/09/2026 13:12;1229,0
50,54;60,0;69,18;24/09/2026 13:12;1230,0
50,53;60,0;69,15;24/09/2026 13:12;1231,0
50,52;60,0;69,14;24/09/2026 13:12;1232,0
50,51;60,0;69,12;24/09/2026 13:12;1233,0
50,47;60,0;69,1;24/09/2026 13:12;1234,0
50,47;60,0;69,14;24/09/2026 13:12;1235,0
50,44;60,0;69,11;24/09/2026 13:12;1236,0
50,44;60,0;69,06;24/09/2026 13:12;1237,0
50,43;60,0;69,02;24/09/2026 13:12;1238,0
50,42;60,0;69,01;24/09/2026 13:12;1239,0
50,38;60,0;69,01;24/09/2026 13:12;1240,0
50,38;60,0;69,0;24/09/2026 13:12;1241,0
50,36;60,0;68,97;24/09/2026 13:12;1242,0
50,35;60,0;68,96;24/09/2026 13:12;1243,0
50,34;60,0;68,91;24/09/2026 13:12;1244,0
50,31;60,0;68,9;24/09/2026 13:12;1245,0
50,31;60,0;68,9;24/09/2026 13:12;1246,0
50,31;60,0;68,89;24/09/2026 13:12;1247,0
50,3;60,0;68,88;24/09/2026 13:12;1248,0
50,27;60,0;68,87;24/09/2026 13:12;1249,0
50,25;60,0;68,83;24/09/2026 13:12;1250,0
50,25;60,0;68,83;24/09/2026 13:12;1251,0
50,23;60,0;68,82;24/09/2026 13:12;1252,0
50,24;60,0;68,8;24/09/2026 13:12;1253,0
50,19;60,0;68,76;24/09/2026 13:12;1254,0
50,19;70,0;68,76;24/09/2026 13:12;1255,0
50,2;70,0;68,75;24/09/2026 13:12;1256,0
50,23;70,0;68,59;24/09/2026 13:12;1257,0
50,25;70,0;68,47;24/09/2026 13:12;1258,0
50,29;70,0;68,39;24/09/2026 13:12;1259,0
50,31;70,0;68,32;24/09/2026 13:12;1260,0
50,34;70,0;68,27;24/09/2026 13:12;1261,0
50,36;70,0;68,24;24/09/2026 13:12;1262,0
50,38;70,0;68,21;24/09/2026 13:12;1263,0
50,39;70,0;68,19;24/09/2026 13:12;1264,0
50,4;70,0;68,17;24/09/2026 13:12;1265,0
50,43;70,0;68,23;24/09/2026 13:12;1266,0
50,45;70,0;68,35;24/09/2026 13:12;1267,0
50,49;70,0;68,48;24/09/2026 13:12;1268,0
50,51;70,0;68,66;24/09/2026 13:12;1269,0
50,57;70,0;68,82;24/09/2026 13:12;1270,0
50,63;70,0;69,03;24/09/2026 13:12;1271,0
50,69;70,0;69,13;24/09/2026 13:12;1272,0
50,76;70,0;69,31;24/09/2026 13:12;1273,0
50,83;70,0;69,43;24/09/2026 13:12;1274,0
50,9;70,0;69,54;24/09/2026 13:12;1275,0
51,0;70,0;69,61;24/09/2026 13:12;1276,0
51,07;70,0;69,7;24/09/2026 13:12;1277,0
51,13;70,0;69,77;24/09/2026 13:12;1278,0
51,21;70,0;69,83;24/09/2026 13:12;1279,0
51,28;70,0;69,9;24/09/2026 13:12;1280,0
51,34;70,0;69,94;24/09/2026 13:12;1281,0
51,39;70,0;70,0;24/09/2026 13:12;1282,0
51,47;70,0;70,06;24/09/2026 13:13;1283,0
51,53;70,0;70,11;24/09/2026 13:13;1284,0
51,6;70,0;70,15;24/09/2026 13:13;1285,0
51,63;70,0;70,18;24/09/2026 13:13;1286,0
51,68;70,0;70,23;24/09/2026 13:13;1287,0
51,74;70,0;70,21;24/09/2026 13:13;1288,0
51,8;70,0;70,24;24/09/2026 13:13;1289,0
51,84;70,0;70,22;24/09/2026 13:13;1290,0
51,88;70,0;70,21;24/09/2026 13:13;1291,0
51,91;70,0;70,2;24/09/2026 13:13;1292,0
51,93;70,0;70,15;24/09/2026 13:13;1293,0
51,97;70,0;70,13;24/09/2026 13:13;1294,0
51,99;70,0;70,11;24/09/2026 13:13;1295,0
52,01;70,0;70,06;24/09/2026 13:13;1296,0
52,03;70,0;70,04;24/09/2026 13:13;1297,0
52,04;70,0;70,01;24/09/2026 13:13;1298,0
52,06;70,0;69,97;24/09/2026 13:13;1299,0
52,06;70,0;69,94;24/09/2026 13:13;1300,0
52,07;70,0;69,92;24/09/2026 13:13;1301,0
52,07;70,0;69,89;24/09/2026 13:13;1302,0
52,07;70,0;69,87;24/09/2026 13:13;1303,0
52,09;70,0;69,83;24/09/2026 13:13;1304,0
52,07;70,0;69,77;24/09/2026 13:13;1305,0
52,06;70,0;69,75;24/09/2026 13:13;1306,0
52,07;70,0;69,72;24/09/2026 13:13;1307,0
52,06;70,0;69,7;24/09/2026 13:13;1308,0
52,06;70,0;69,66;24/09/2026 13:13;1309,0
52,06;70,0;69,62;24/09/2026 13:13;1310,0
52,04;70,0;69,58;24/09/2026 13:13;1311,0
52,04;70,0;69,56;24/09/2026 13:13;1312,0
52,01;70,0;69,52;24/09/2026 13:13;1313,0
52,01;70,0;69,5;24/09/2026 13:13;1314,0
52,01;70,0;69,5;24/09/2026 13:13;1315,0
51,99;70,0;69,44;24/09/2026 13:13;1316,0
51,98;70,0;69,41;24/09/2026 13:13;1317,0
51,97;70,0;69,38;24/09/2026 13:13;1318,0
51,96;70,0;69,37;24/09/2026 13:13;1319,0
51,95;70,0;69,33;24/09/2026 13:13;1320,0
51,92;70,0;69,29;24/09/2026 13:13;1321,0
51,91;70,0;69,27;24/09/2026 13:13;1322,0
51,9;70,0;69,23;24/09/2026 13:13;1323,0
51,87;70,0;69,22;24/09/2026 13:13;1324,0
51,85;70,0;69,22;24/09/2026 13:13;1325,0
51,85;70,0;69,2;24/09/2026 13:13;1326,0
51,84;70,0;69,12;24/09/2026 13:13;1327,0
51,82;70,0;69,12;24/09/2026 13:13;1328,0
51,81;70,0;69,12;24/09/2026 13:13;1329,0
51,79;70,0;69,06;24/09/2026 13:13;1330,0
51,76;70,0;69,01;24/09/2026 13:13;1331,0
51,74;70,0;68,99;24/09/2026 13:13;1332,0
51,74;70,0;68,99;24/09/2026 13:13;1333,0
51,71;70,0;68,96;24/09/2026 13:13;1334,0
51,69;70,0;68,94;24/09/2026 13:13;1335,0
51,68;70,0;68,92;24/09/2026 13:13;1336,0
51,65;70,0;68,89;24/09/2026 13:13;1337,0
51,64;70,0;68,89;24/09/2026 13:13;1338,0
51,64;70,0;68,9;24/09/2026 13:13;1339,0
51,63;70,0;68,84;24/09/2026 13:13;1340,0
51,6;70,0;68,83;24/09/2026 13:13;1341,0
51,58;70,0;68,8;24/09/2026 13:13;1342,0
51,57;70,0;68,78;24/09/2026 13:14;1343,0
51,56;70,0;68,76;24/09/2026 13:14;1344,0
51,54;70,0;68,76;24/09/2026 13:14;1345,0
51,54;70,0;68,76;24/09/2026 13:14;1346,0
51,53;70,0;68,76;24/09/2026 13:14;1347,0
51,51;70,0;68,72;24/09/2026 13:14;1348,0
51,48;70,0;68,69;24/09/2026 13:14;1349,0
51,47;70,0;68,68;24/09/2026 13:14;1350,0
51,46;70,0;68,68;24/09/2026 13:14;1351,0
51,46;70,0;68,66;24/09/2026 13:14;1352,0
51,43;70,0;68,62;24/09/2026 13:14;1353,0
51,41;70,0;68,61;24/09/2026 13:14;1354,0
51,4;70,0;68,6;24/09/2026 13:14;1355,0
51,38;70,0;68,58;24/09/2026 13:14;1356,0
51,37;70,0;68,56;24/09/2026 13:14;1357,0
51,37;70,0;68,54;24/09/2026 13:14;1358,0
51,34;70,0;68,52;24/09/2026 13:14;1359,0
51,34;70,0;68,52;24/09/2026 13:14;1360,0
51,31;70,0;68,49;24/09/2026 13:14;1361,0
51,3;70,0;68,47;24/09/2026 13:14;1362,0
51,29;70,0;68,46;24/09/2026 13:14;1363,0
51,27;70,0;68,42;24/09/2026 13:14;1364,0
51,26;70,0;68,4;24/09/2026 13:14;1365,0
51,24;70,0;68,39;24/09/2026 13:14;1366,0
51,23;70,0;68,36;24/09/2026 13:14;1367,0
51,22;70,0;68,34;24/09/2026 13:14;1368,0
51,2;70,0;68,32;24/09/2026 13:14;1369,0
51,18;70,0;68,35;24/09/2026 13:14;1370,0
51,18;70,0;68,45;24/09/2026 13:14;1371,0
51,17;70,0;68,6;24/09/2026 13:14;1372,0
51,2;70,0;68,75;24/09/2026 13:14;1373,0
51,2;70,0;68,75;24/09/2026 13:14;1374,0
51,21;70,0;68,92;24/09/2026 13:14;1375,0
51,24;70,0;69,09;24/09/2026 13:14;1376,0
51,28;70,0;69,28;24/09/2026 13:14;1377,0
51,33;70,0;69,44;24/09/2026 13:14;1378,0
51,38;70,0;69,64;24/09/2026 13:14;1379,0
51,43;70,0;69,69;24/09/2026 13:14;1380,0
51,48;70,0;69,77;24/09/2026 13:14;1381,0
51,54;70,0;69,84;24/09/2026 13:14;1382,0
51,59;70,0;69,91;24/09/2026 13:14;1383,0
51,65;70,0;69,97;24/09/2026 13:14;1384,0
51,7;70,0;70,03;24/09/2026 13:14;1385,0
51,76;70,0;70,07;24/09/2026 13:14;1386,0
51,79;70,0;70,11;24/09/2026 13:14;1387,0
51,85;70,0;70,22;24/09/2026 13:14;1388,0
51,87;70,0;70,2;24/09/2026 13:14;1389,0
51,92;70,0;70,25;24/09/2026 13:14;1390,0
51,98;70,0;70,27;24/09/2026 13:14;1391,0
52,01;70,0;70,29;24/09/2026 13:14;1392,0
52,06;70,0;70,31;24/09/2026 13:14;1393,0
52,09;70,0;70,32;24/09/2026 13:14;1394,0
52,12;70,0;70,31;24/09/2026 13:14;1395,0
52,15;70,0;70,29;24/09/2026 13:14;1396,0
52,17;70,0;70,26;24/09/2026 13:14;1397,0
52,19;70,0;70,24;24/09/2026 13:14;1398,0
52,19;70,0;70,2;24/09/2026 13:14;1399,0
52,23;70,0;70,15;24/09/2026 13:14;1400,0
52,24;70,0;70,13;24/09/2026 13:14;1401,0
52,25;70,0;70,16;24/09/2026 13:14;1402,0
52,25;70,0;70,06;24/09/2026 13:14;1403,0
52,25;70,0;70,03;24/09/2026 13:15;1404,0
52,24;70,0;70,01;24/09/2026 13:15;1405,0
52,25;70,0;69,96;24/09/2026 13:15;1406,0
52,25;70,0;69,94;24/09/2026 13:15;1407,0
52,25;70,0;69,94;24/09/2026 13:15;1408,0
52,24;70,0;69,86;24/09/2026 13:15;1409,0
52,23;70,0;69,84;24/09/2026 13:15;1410,0
52,24;70,0;69,8;24/09/2026 13:15;1411,0
52,23;70,0;69,76;24/09/2026 13:15;1412,0
52,2;70,0;69,73;24/09/2026 13:15;1413,0
52,18;70,0;69,7;24/09/2026 13:15;1414,0
52,2;70,0;69,65;24/09/2026 13:15;1415,0
52,17;70,0;69,62;24/09/2026 13:15;1416,0
52,15;70,0;69,56;24/09/2026 13:15;1417,0
52,14;70,0;69,53;24/09/2026 13:15;1418,0
52,1;70,0;69,52;24/09/2026 13:15;1419,0
52,11;70,0;69,49;24/09/2026 13:15;1420,0
52,09;70,0;69,43;24/09/2026 13:15;1421,0
52,08;70,0;69,4;24/09/2026 13:15;1422,0
52,06;70,0;69,37;24/09/2026 13:15;1423,0
52,03;70,0;69,33;24/09/2026 13:15;1424,0
52,01;70,0;69,31;24/09/2026 13:15;1425,0
52,01;70,0;69,28;24/09/2026 13:15;1426,0
51,98;70,0;69,24;24/09/2026 13:15;1427,0
51,98;70,0;69,24;24/09/2026 13:15;1428,0
51,96;70,0;69,21;24/09/2026 13:15;1429,0
51,94;70,0;69,18;24/09/2026 13:15;1430,0
51,9;70,0;69,14;24/09/2026 13:15;1431,0
51,9;70,0;69,13;24/09/2026 13:15;1432,0
51,88;70,0;69,1;24/09/2026 13:15;1433,0
51,87;70,0;69,08;24/09/2026 13:15;1434,0
51,84;70,0;69,04;24/09/2026 13:15;1435,0
51,82;70,0;69,02;24/09/2026 13:15;1436,0
51,81;79,99;69,0;24/09/2026 13:15;1437,0
51,81;79,99;68,93;24/09/2026 13:15;1438,0
51,82;79,99;68,86;24/09/2026 13:15;1439,0
51,84;79,99;68,8;24/09/2026 13:15;1440,0
51,83;79,99;68,76;24/09/2026 13:15;1441,0
51,84;79,99;68,72;24/09/2026 13:15;1442,0
51,84;79,99;68,71;24/09/2026 13:15;1443,0
51,84;79,99;68,69;24/09/2026 13:15;1444,0
51,83;79,99;68,66;24/09/2026 13:15;1445,0
51,84;79,99;68,65;24/09/2026 13:15;1446,0
51,84;79,99;68,63;24/09/2026 13:15;1447,0
51,83;79,99;68,62;24/09/2026 13:15;1448,0
51,84;79,99;68,59;24/09/2026 13:15;1449,0
51,84;79,99;68,58;24/09/2026 13:15;1450,0
51,82;79,99;68,57;24/09/2026 13:15;1451,0
51,82;79,99;68,56;24/09/2026 13:15;1452,0
51,81;79,99;68,54;24/09/2026 13:15;1453,0
51,8;79,99;68,51;24/09/2026 13:15;1454,0
51,79;79,99;68,52;24/09/2026 13:15;1455,0
51,79;79,99;68,5;24/09/2026 13:15;1456,0
51,79;79,99;68,46;24/09/2026 13:15;1457,0
51,77;79,99;68,46;24/09/2026 13:15;1458,0
51,78;79,99;68,48;24/09/2026 13:15;1459,0
51,76;79,99;68,45;24/09/2026 13:15;1460,0
51,76;79,99;68,41;24/09/2026 13:15;1461,0
51,74;79,99;68,39;24/09/2026 13:15;1462,0
51,73;79,99;68,45;24/09/2026 13:15;1463,0
51,73;79,99;68,39;24/09/2026 13:16;1464,0
51,72;79,99;68,36;24/09/2026 13:16;1465,0
51,71;79,99;68,34;24/09/2026 13:16;1466,0
51,7;79,99;68,4;24/09/2026 13:16;1467,0
51,68;79,99;68,31;24/09/2026 13:16;1468,0
51,68;79,99;68,28;24/09/2026 13:16;1469,0
51,66;79,99;68,26;24/09/2026 13:16;1470,0
51,64;79,99;68,25;24/09/2026 13:16;1471,0
51,65;79,99;68,23;24/09/2026 13:16;1472,0
51,62;79,99;68,19;24/09/2026 13:16;1473,0
51,61;79,99;68,25;24/09/2026 13:16;1474,0
51,61;79,99;68,37;24/09/2026 13:16;1475,0
51,6;79,99;68,5;24/09/2026 13:16;1476,0
51,63;79,99;68,66;24/09/2026 13:16;1477,0
51,66;79,99;68,82;24/09/2026 13:16;1478,0
51,7;79,99;69,01;24/09/2026 13:16;1479,0
51,76;79,99;69,14;24/09/2026 13:16;1480,0
51,79;79,99;69,32;24/09/2026 13:16;1481,0
51,87;79,99;69,42;24/09/2026 13:16;1482,0
51,92;79,99;69,52;24/09/2026 13:16;1483,0
51,98;79,99;69,61;24/09/2026 13:16;1484,0
52,05;79,99;69,67;24/09/2026 13:16;1485,0
52,12;79,99;69,73;24/09/2026 13:16;1486,0
52,12;79,99;69,73;24/09/2026 13:16;1487,0
52,23;79,99;69,84;24/09/2026 13:16;1488,0
52,23;79,99;69,84;24/09/2026 13:16;1489,0
52,3;79,99;69,9;24/09/2026 13:16;1490,0
52,33;79,99;69,93;24/09/2026 13:16;1491,0
52,4;79,99;69,98;24/09/2026 13:16;1492,0
52,45;79,99;70,04;24/09/2026 13:16;1493,0
52,52;79,99;70,07;24/09/2026 13:16;1494,0
52,55;79,99;70,08;24/09/2026 13:16;1495,0
52,6;79,99;70,12;24/09/2026 13:16;1496,0
52,66;79,99;70,12;24/09/2026 13:16;1497,0
52,7;79,99;70,12;24/09/2026 13:16;1498,0
52,74;79,99;70,12;24/09/2026 13:16;1499,0
52,78;79,99;70,11;24/09/2026 13:16;1500,0
52,81;79,99;70,06;24/09/2026 13:16;1501,0
52,82;79,99;70,04;24/09/2026 13:16;1502,0
52,86;79,99;70,02;24/09/2026 13:16;1503,0
52,87;79,99;69,98;24/09/2026 13:16;1504,0
52,87;79,99;69,94;24/09/2026 13:16;1505,0
52,89;79,99;69,92;24/09/2026 13:16;1506,0
52,9;79,99;69,89;24/09/2026 13:16;1507,0
52,91;79,99;69,91;24/09/2026 13:16;1508,0
52,92;79,99;69,83;24/09/2026 13:16;1509,0
52,92;79,99;69,8;24/09/2026 13:16;1510,0
52,92;79,99;69,75;24/09/2026 13:16;1511,0
52,9;79,99;69,77;24/09/2026 13:16;1512,0
52,91;79,99;69,71;24/09/2026 13:16;1513,0
52,91;79,99;69,71;24/09/2026 13:16;1514,0
52,89;79,99;69,64;24/09/2026 13:16;1515,0
52,89;79,99;69,6;24/09/2026 13:16;1516,0
52,88;79,99;69,56;24/09/2026 13:16;1517,0
52,86;79,99;69,52;24/09/2026 13:16;1518,0
52,86;79,99;69,49;24/09/2026 13:16;1519,0
52,85;79,99;69,46;24/09/2026 13:16;1520,0
52,83;79,99;69,43;24/09/2026 13:16;1521,0
52,82;79,99;69,39;24/09/2026 13:16;1522,0
52,81;79,99;69,35;24/09/2026 13:16;1523,0
52,79;79,99;69,32;24/09/2026 13:17;1524,0
52,77;79,99;69,28;24/09/2026 13:17;1525,0
52,75;79,99;69,25;24/09/2026 13:17;1526,0
52,73;79,99;69,23;24/09/2026 13:17;1527,0
52,71;79,99;69,19;24/09/2026 13:17;1528,0
52,69;79,99;69,15;24/09/2026 13:17;1529,0
52,68;79,99;69,11;24/09/2026 13:17;1530,0
52,65;79,99;69,09;24/09/2026 13:17;1531,0
52,62;79,99;69,08;24/09/2026 13:17;1532,0
52,61;79,99;69,04;24/09/2026 13:17;1533,0
52,59;79,99;69,01;24/09/2026 13:17;1534,0
52,58;79,99;68,98;24/09/2026 13:17;1535,0
52,54;79,99;68,94;24/09/2026 13:17;1536,0
52,54;79,99;68,93;24/09/2026 13:17;1537,0
52,53;79,99;68,91;24/09/2026 13:17;1538,0
52,51;79,99;68,89;24/09/2026 13:17;1539,0
52,48;79,99;68,88;24/09/2026 13:17;1540,0
52,46;79,99;68,84;24/09/2026 13:17;1541,0
52,44;79,99;68,82;24/09/2026 13:17;1542,0
52,43;79,99;68,8;24/09/2026 13:17;1543,0
52,4;79,99;68,8;24/09/2026 13:17;1544,0
52,4;79,99;68,79;24/09/2026 13:17;1545,0
52,37;79,99;68,76;24/09/2026 13:17;1546,0
52,35;79,99;68,73;24/09/2026 13:17;1547,0
52,35;79,99;68,7;24/09/2026 13:17;1548,0
52,35;79,99;68,7;24/09/2026 13:17;1549,0
52,32;79,99;68,7;24/09/2026 13:17;1550,0
52,31;79,99;68,66;24/09/2026 13:17;1551,0
52,29;79,99;68,66;24/09/2026 13:17;1552,0
52,28;79,99;68,63;24/09/2026 13:17;1553,0
52,28;79,99;68,62;24/09/2026 13:17;1554,0
52,23;79,99;68,6;24/09/2026 13:17;1555,0
52,23;79,99;68,57;24/09/2026 13:17;1556,0
52,21;79,99;68,57;24/09/2026 13:17;1557,0
52,2;79,99;68,56;24/09/2026 13:17;1558,0
52,18;79,99;68,54;24/09/2026 13:17;1559,0
52,17;79,99;68,51;24/09/2026 13:17;1560,0
52,17;79,99;68,5;24/09/2026 13:17;1561,0
52,14;79,99;68,49;24/09/2026 13:17;1562,0
52,12;79,99;68,46;24/09/2026 13:17;1563,0
52,1;79,99;68,45;24/09/2026 13:17;1564,0
52,09;79,99;68,42;24/09/2026 13:17;1565,0
52,08;79,99;68,4;24/09/2026 13:17;1566,0
52,06;79,99;68,38;24/09/2026 13:17;1567,0
52,04;79,99;68,36;24/09/2026 13:17;1568,0
52,03;79,99;68,36;24/09/2026 13:17;1569,0
52,01;79,99;68,32;24/09/2026 13:17;1570,0
51,99;79,99;68,3;24/09/2026 13:17;1571,0
51,97;79,99;68,29;24/09/2026 13:17;1572,0
51,97;79,99;68,26;24/09/2026 13:17;1573,0
51,95;79,99;68,26;24/09/2026 13:17;1574,0
51,93;79,99;68,24;24/09/2026 13:17;1575,0
51,9;79,99;68,19;24/09/2026 13:17;1576,0
51,9;79,99;68,19;24/09/2026 13:17;1577,0
51,87;79,99;68,28;24/09/2026 13:17;1578,0
51,87;79,99;68,39;24/09/2026 13:17;1579,0
51,88;79,99;68,55;24/09/2026 13:17;1580,0
51,9;79,99;68,69;24/09/2026 13:17;1581,0
51,93;79,99;68,88;24/09/2026 13:17;1582,0
51,97;79,99;69,04;24/09/2026 13:17;1583,0
52,02;79,99;69,21;24/09/2026 13:18;1584,0
52,08;79,99;69,35;24/09/2026 13:18;1585,0
52,12;79,99;69,49;24/09/2026 13:18;1586,0
52,18;79,99;69,58;24/09/2026 13:18;1587,0
52,23;79,99;69,64;24/09/2026 13:18;1588,0
52,28;79,99;69,71;24/09/2026 13:18;1589,0
52,35;79,99;69,77;24/09/2026 13:18;1590,0
52,4;79,99;69,83;24/09/2026 13:18;1591,0
52,44;79,99;69,89;24/09/2026 13:18;1592,0
52,51;79,99;69,92;24/09/2026 13:18;1593,0
52,56;79,99;69,96;24/09/2026 13:18;1594,0
52,6;79,99;70,02;24/09/2026 13:18;1595,0
52,65;79,99;70,07;24/09/2026 13:18;1596,0
52,7;79,99;70,1;24/09/2026 13:18;1597,0
52,76;79,99;70,14;24/09/2026 13:18;1598,0
52,79;79,99;70,13;24/09/2026 13:18;1599,0
52,83;79,99;70,13;24/09/2026 13:18;1600,0
52,87;79,99;70,14;24/09/2026 13:18;1601,0
52,9;79,99;70,14;24/09/2026 13:18;1602,0
52,94;79,99;70,11;24/09/2026 13:18;1603,0
52,95;79,99;70,08;24/09/2026 13:18;1604,0
52,99;79,99;70,05;24/09/2026 13:18;1605,0
53,0;79,99;70,05;24/09/2026 13:18;1606,0
53,0;79,99;70,0;24/09/2026 13:18;1607,0
53,0;79,99;70,0;24/09/2026 13:18;1608,0
53,02;79,99;69,97;24/09/2026 13:18;1609,0
53,04;79,99;69,9;24/09/2026 13:18;1610,0
53,04;79,99;69,9;24/09/2026 13:18;1611,0
53,04;79,99;69,86;24/09/2026 13:18;1612,0
53,04;79,99;69,9;24/09/2026 13:18;1613,0
53,05;79,99;69,8;24/09/2026 13:18;1614,0
53,04;79,99;69,76;24/09/2026 13:18;1615,0
53,04;90,0;69,73;24/09/2026 13:18;1616,0
53,03;90,0;69,54;24/09/2026 13:18;1617,0
53,04;90,0;69,51;24/09/2026 13:18;1618,0
53,04;90,0;69,45;24/09/2026 13:18;1619,0
53,03;90,0;69,45;24/09/2026 13:18;1620,0
53,04;90,0;69,37;24/09/2026 13:18;1621,0
53,04;90,0;69,33;24/09/2026 13:18;1622,0
53,04;90,0;69,3;24/09/2026 13:18;1623,0
53,04;90,0;69,27;24/09/2026 13:18;1624,0
53,02;90,0;69,24;24/09/2026 13:18;1625,0
53,02;90,0;69,21;24/09/2026 13:18;1626,0
53,01;90,0;69,17;24/09/2026 13:18;1627,0
52,99;90,0;69,17;24/09/2026 13:18;1628,0
52,98;90,0;69,12;24/09/2026 13:18;1629,0
52,97;90,0;69,09;24/09/2026 13:18;1630,0
52,97;90,0;69,07;24/09/2026 13:18;1631,0
52,95;90,0;69,03;24/09/2026 13:18;1632,0
52,92;90,0;69,0;24/09/2026 13:18;1633,0
52,92;90,0;68,98;24/09/2026 13:18;1634,0
52,9;90,0;68,96;24/09/2026 13:18;1635,0
52,89;90,0;68,98;24/09/2026 13:18;1636,0
52,87;90,0;68,91;24/09/2026 13:18;1637,0
52,86;90,0;68,89;24/09/2026 13:18;1638,0
52,84;90,0;68,86;24/09/2026 13:18;1639,0
52,83;90,0;68,83;24/09/2026 13:18;1640,0
52,82;90,0;68,82;24/09/2026 13:18;1641,0
52,8;90,0;68,81;24/09/2026 13:18;1642,0
52,77;90,0;68,77;24/09/2026 13:18;1643,0
52,77;90,0;68,77;24/09/2026 13:19;1644,0
52,75;90,0;68,75;24/09/2026 13:19;1645,0
52,73;90,0;68,71;24/09/2026 13:19;1646,0
52,71;90,0;68,7;24/09/2026 13:19;1647,0
52,69;90,0;68,68;24/09/2026 13:19;1648,0
52,69;90,0;68,68;24/09/2026 13:19;1649,0
52,67;90,0;68,66;24/09/2026 13:19;1650,0
52,67;90,0;68,62;24/09/2026 13:19;1651,0
52,64;90,0;68,6;24/09/2026 13:19;1652,0
52,62;90,0;68,59;24/09/2026 13:19;1653,0
52,6;90,0;68,58;24/09/2026 13:19;1654,0
52,6;90,0;68,56;24/09/2026 13:19;1655,0
52,59;90,0;68,54;24/09/2026 13:19;1656,0
52,58;90,0;68,52;24/09/2026 13:19;1657,0
52,56;90,0;68,51;24/09/2026 13:19;1658,0
52,54;90,0;68,49;24/09/2026 13:19;1659,0
52,53;90,0;68,48;24/09/2026 13:19;1660,0
52,53;90,0;68,47;24/09/2026 13:19;1661,0
52,51;90,0;68,44;24/09/2026 13:19;1662,0
52,49;90,0;68,42;24/09/2026 13:19;1663,0
52,48;90,0;68,4;24/09/2026 13:19;1664,0
52,46;90,0;68,38;24/09/2026 13:19;1665,0
52,45;90,0;68,38;24/09/2026 13:19;1666,0
52,43;90,0;68,36;24/09/2026 13:19;1667,0
52,42;90,0;68,32;24/09/2026 13:19;1668,0
52,4;90,0;68,39;24/09/2026 13:19;1669,0
52,39;90,0;68,38;24/09/2026 13:19;1670,0
52,39;90,0;68,38;24/09/2026 13:19;1671,0
52,37;90,0;68,25;24/09/2026 13:19;1672,0
52,35;90,0;68,23;24/09/2026 13:19;1673,0
52,35;90,0;68,23;24/09/2026 13:19;1674,0
52,33;90,0;68,2;24/09/2026 13:19;1675,0
52,34;90,0;68,2;24/09/2026 13:19;1676,0
52,31;90,0;68,17;24/09/2026 13:19;1677,0
52,28;90,0;68,15;24/09/2026 13:19;1678,0
52,28;90,0;68,13;24/09/2026 13:19;1679,0
52,25;90,0;68,11;24/09/2026 13:19;1680,0
52,25;90,0;68,13;24/09/2026 13:19;1681,0
52,24;90,0;68,2;24/09/2026 13:19;1682,0
52,25;90,0;68,35;24/09/2026 13:19;1683,0
52,24;90,0;68,51;24/09/2026 13:19;1684,0
52,26;90,0;68,67;24/09/2026 13:19;1685,0
52,31;90,0;68,86;24/09/2026 13:19;1686,0
52,35;90,0;69,0;24/09/2026 13:19;1687,0
52,4;90,0;69,18;24/09/2026 13:19;1688,0
52,44;90,0;69,3;24/09/2026 13:19;1689,0
52,51;90,0;69,42;24/09/2026 13:19;1690,0
52,57;90,0;69,49;24/09/2026 13:19;1691,0
52,63;90,0;69,54;24/09/2026 13:19;1692,0
52,69;90,0;69,61;24/09/2026 13:19;1693,0
52,74;90,0;69,66;24/09/2026 13:19;1694,0
52,79;90,0;69,73;24/09/2026 13:19;1695,0
52,85;90,0;69,8;24/09/2026 13:19;1696,0
52,91;90,0;69,84;24/09/2026 13:19;1697,0
52,98;90,0;69,87;24/09/2026 13:19;1698,0
53,02;90,0;69,92;24/09/2026 13:19;1699,0
53,04;90,0;70,0;24/09/2026 13:19;1700,0
53,14;90,0;70,0;24/09/2026 13:19;1701,0
53,15;90,0;70,03;24/09/2026 13:19;1702,0
53,2;90,0;70,04;24/09/2026 13:19;1703,0
53,25;90,0;70,05;24/09/2026 13:20;1704,0
53,28;90,0;70,04;24/09/2026 13:20;1705,0
53,32;90,0;70,07;24/09/2026 13:20;1706,0
53,36;90,0;70,05;24/09/2026 13:20;1707,0
53,38;90,0;69,98;24/09/2026 13:20;1708,0
53,4;90,0;69,94;24/09/2026 13:20;1709,0
53,42;90,0;69,92;24/09/2026 13:20;1710,0
53,42;90,0;69,9;24/09/2026 13:20;1711,0
53,44;90,0;69,87;24/09/2026 13:20;1712,0
53,45;90,0;69,84;24/09/2026 13:20;1713,0
53,46;90,0;69,81;24/09/2026 13:20;1714,0
53,45;90,0;69,79;24/09/2026 13:20;1715,0
53,47;90,0;69,75;24/09/2026 13:20;1716,0
53,46;90,0;69,71;24/09/2026 13:20;1717,0
53,45;90,0;69,67;24/09/2026 13:20;1718,0
53,44;90,0;69,64;24/09/2026 13:20;1719,0
53,44;90,0;69,62;24/09/2026 13:20;1720,0
53,44;90,0;69,58;24/09/2026 13:20;1721,0
53,43;90,0;69,55;24/09/2026 13:20;1722,0
53,4;90,0;69,5;24/09/2026 13:20;1723,0
53,39;90,0;69,46;24/09/2026 13:20;1724,0
53,39;90,0;69,43;24/09/2026 13:20;1725,0
53,37;90,0;69,39;24/09/2026 13:20;1726,0
53,37;90,0;69,34;24/09/2026 13:20;1727,0
53,34;90,0;69,31;24/09/2026 13:20;1728,0
53,32;90,0;69,27;24/09/2026 13:20;1729,0
53,3;90,0;69,23;24/09/2026 13:20;1730,0
53,29;90,0;69,23;24/09/2026 13:20;1731,0
53,29;90,0;69,23;24/09/2026 13:20;1732,0
53,28;90,0;69,17;24/09/2026 13:20;1733,0
53,25;90,0;69,14;24/09/2026 13:20;1734,0
53,23;90,0;69,17;24/09/2026 13:20;1735,0
53,21;90,0;69,08;24/09/2026 13:20;1736,0
53,2;90,0;69,04;24/09/2026 13:20;1737,0
53,17;90,0;69,01;24/09/2026 13:20;1738,0
53,15;90,0;69,01;24/09/2026 13:20;1739,0
53,12;90,0;68,93;24/09/2026 13:20;1740,0
53,11;90,0;68,9;24/09/2026 13:20;1741,0
53,07;90,0;68,89;24/09/2026 13:20;1742,0
53,06;90,0;68,84;24/09/2026 13:20;1743,0
53,03;90,0;68,83;24/09/2026 13:20;1744,0
53,01;90,0;68,82;24/09/2026 13:20;1745,0
53,0;90,0;68,79;24/09/2026 13:20;1746,0
52,96;90,0;68,77;24/09/2026 13:20;1747,0
52,97;90,0;68,75;24/09/2026 13:20;1748,0
52,93;90,0;68,71;24/09/2026 13:20;1749,0
52,9;90,0;68,72;24/09/2026 13:20;1750,0
52,89;90,0;68,69;24/09/2026 13:20;1751,0
52,89;90,0;68,68;24/09/2026 13:20;1752,0
52,85;90,0;68,66;24/09/2026 13:20;1753,0
52,84;90,0;68,63;24/09/2026 13:20;1754,0
52,82;90,0;68,62;24/09/2026 13:20;1755,0
52,78;90,0;68,6;24/09/2026 13:20;1756,0
52,78;90,0;68,63;24/09/2026 13:20;1757,0
52,78;90,0;68,56;24/09/2026 13:20;1758,0
52,77;90,0;68,62;24/09/2026 13:20;1759,0
52,75;90,0;68,55;24/09/2026 13:20;1760,0
52,72;90,0;68,51;24/09/2026 13:20;1761,0
52,71;90,0;68,51;24/09/2026 13:20;1762,0
52,7;90,0;68,48;24/09/2026 13:20;1763,0
52,67;90,0;68,48;24/09/2026 13:21;1764,0
52,65;90,0;68,44;24/09/2026 13:21;1765,0
52,64;90,0;68,44;24/09/2026 13:21;1766,0
52,64;90,0;68,4;24/09/2026 13:21;1767,0
52,61;90,0;68,38;24/09/2026 13:21;1768,0
52,59;90,0;68,36;24/09/2026 13:21;1769,0
52,58;90,0;68,35;24/09/2026 13:21;1770,0
52,56;90,0;68,34;24/09/2026 13:21;1771,0
52,56;90,0;68,31;24/09/2026 13:21;1772,0
52,54;90,0;68,29;24/09/2026 13:21;1773,0
52,51;90,0;68,27;24/09/2026 13:21;1774,0
52,48;90,0;68,25;24/09/2026 13:21;1775,0
52,48;90,0;68,23;24/09/2026 13:21;1776,0
52,45;90,0;68,2;24/09/2026 13:21;1777,0
52,45;90,0;68,18;24/09/2026 13:21;1778,0
52,42;90,0;68,17;24/09/2026 13:21;1779,0
52,41;90,0;68,14;24/09/2026 13:21;1780,0
52,4;90,0;68,11;24/09/2026 13:21;1781,0
52,38;90,0;68,1;24/09/2026 13:21;1782,0
52,35;90,0;68,1;24/09/2026 13:21;1783,0
52,35;90,0;68,17;24/09/2026 13:21;1784,0
52,34;90,0;68,31;24/09/2026 13:21;1785,0
52,36;90,0;68,46;24/09/2026 13:21;1786,0
52,36;90,0;68,46;24/09/2026 13:21;1787,0
52,4;90,0;68,79;24/09/2026 13:21;1788,0
52,45;90,0;68,96;24/09/2026 13:21;1789,0
52,45;90,0;68,96;24/09/2026 13:21;1790,0
52,48;90,0;69,12;24/09/2026 13:21;1791,0
52,54;90,0;69,25;24/09/2026 13:21;1792,0
52,67;90,0;69,46;24/09/2026 13:21;1793,0
52,71;90,0;69,55;24/09/2026 13:21;1794,0
52,71;90,0;69,55;24/09/2026 13:21;1795,0
52,78;100,0;69,61;24/09/2026 13:21;1796,0
52,84;100,0;69,4;24/09/2026 13:21;1797,0
52,93;100,0;69,51;24/09/2026 13:21;1798,0
53,03;100,0;69,55;24/09/2026 13:21;1799,0
53,1;100,0;69,61;24/09/2026 13:21;1800,0
53,15;100,0;69,67;24/09/2026 13:21;1801,0
53,23;100,0;69,73;24/09/2026 13:21;1802,0
53,27;100,0;69,8;24/09/2026 13:21;1803,0
53,36;100,0;69,83;24/09/2026 13:21;1804,0
53,42;100,0;69,85;24/09/2026 13:21;1805,0
53,47;100,0;69,89;24/09/2026 13:21;1806,0
53,51;100,0;69,9;24/09/2026 13:21;1807,0
53,58;100,0;69,89;24/09/2026 13:21;1808,0
53,61;100,0;69,89;24/09/2026 13:21;1809,0
53,65;100,0;69,94;24/09/2026 13:21;1810,0
53,68;100,0;69,92;24/09/2026 13:21;1811,0
53,73;100,0;69,84;24/09/2026 13:21;1812,0
53,73;100,0;69,81;24/09/2026 13:21;1813,0
53,76;100,0;69,8;24/09/2026 13:21;1814,0
53,76;100,0;69,76;24/09/2026 13:21;1815,0
53,8;100,0;69,79;24/09/2026 13:21;1816,0
53,81;100,0;69,71;24/09/2026 13:21;1817,0
53,81;100,0;69,69;24/09/2026 13:21;1818,0
53,8;100,0;69,65;24/09/2026 13:21;1819,0
53,82;100,0;69,63;24/09/2026 13:21;1820,0
53,82;100,0;69,6;24/09/2026 13:21;1821,0
53,82;100,0;69,55;24/09/2026 13:21;1822,0
53,83;100,0;69,52;24/09/2026 13:21;1823,0
53,82;100,0;69,49;24/09/2026 13:22;1824,0
53,81;100,0;69,45;24/09/2026 13:22;1825,0
53,8;100,0;69,42;24/09/2026 13:22;1826,0
53,8;100,0;69,39;24/09/2026 13:22;1827,0
53,78;100,0;69,37;24/09/2026 13:22;1828,0
53,77;100,0;69,32;24/09/2026 13:22;1829,0
53,75;100,0;69,28;24/09/2026 13:22;1830,0
53,76;100,0;69,27;24/09/2026 13:22;1831,0
53,72;100,0;69,22;24/09/2026 13:22;1832,0
53,71;100,0;69,18;24/09/2026 13:22;1833,0
53,69;100,0;69,15;24/09/2026 13:22;1834,0
53,67;100,0;69,12;24/09/2026 13:22;1835,0
53,65;100,0;69,07;24/09/2026 13:22;1836,0
53,64;100,0;69,03;24/09/2026 13:22;1837,0
53,61;100,0;68,99;24/09/2026 13:22;1838,0
53,59;100,0;68,96;24/09/2026 13:22;1839,0
53,58;100,0;68,96;24/09/2026 13:22;1840,0
53,55;100,0;68,91;24/09/2026 13:22;1841,0
53,52;100,0;68,87;24/09/2026 13:22;1842,0
53,53;100,0;68,88;24/09/2026 13:22;1843,0
53,5;100,0;68,86;24/09/2026 13:22;1844,0
53,48;100,0;68,79;24/09/2026 13:22;1845,0
53,47;100,0;68,76;24/09/2026 13:22;1846,0
53,47;100,0;68,76;24/09/2026 13:22;1847,0
53,44;100,0;68,72;24/09/2026 13:22;1848,0
53,42;100,0;68,7;24/09/2026 13:22;1849,0
53,39;100,0;68,68;24/09/2026 13:22;1850,0
53,38;100,0;68,66;24/09/2026 13:22;1851,0
53,33;100,0;68,61;24/09/2026 13:22;1852,0
53,33;100,0;68,61;24/09/2026 13:22;1853,0
53,32;100,0;68,6;24/09/2026 13:22;1854,0
53,3;100,0;68,59;24/09/2026 13:22;1855,0
53,29;100,0;68,57;24/09/2026 13:22;1856,0
53,28;100,0;68,54;24/09/2026 13:22;1857,0
53,24;100,0;68,51;24/09/2026 13:22;1858,0
53,23;100,0;68,49;24/09/2026 13:22;1859,0
53,21;100,0;68,5;24/09/2026 13:22;1860,0
53,2;100,0;68,47;24/09/2026 13:22;1861,0
53,18;100,0;68,44;24/09/2026 13:22;1862,0
53,17;100,0;68,44;24/09/2026 13:22;1863,0
53,15;100,0;68,41;24/09/2026 13:22;1864,0
53,12;100,0;68,39;24/09/2026 13:22;1865,0
53,11;100,0;68,38;24/09/2026 13:22;1866,0
53,09;100,0;68,36;24/09/2026 13:22;1867,0
53,07;100,0;68,34;24/09/2026 13:22;1868,0
53,06;100,0;68,31;24/09/2026 13:22;1869,0
53,04;100,0;68,3;24/09/2026 13:22;1870,0
53,03;100,0;68,29;24/09/2026 13:22;1871,0
53,02;100,0;68,26;24/09/2026 13:22;1872,0
53,0;100,0;68,25;24/09/2026 13:22;1873,0
52,99;100,0;68,21;24/09/2026 13:22;1874,0
52,99;100,0;68,2;24/09/2026 13:22;1875,0
52,95;100,0;68,18;24/09/2026 13:22;1876,0
52,94;100,0;68,17;24/09/2026 13:22;1877,0
52,92;100,0;68,15;24/09/2026 13:22;1878,0
52,92;100,0;68,1;24/09/2026 13:22;1879,0
52,88;100,0;68,11;24/09/2026 13:22;1880,0
52,87;100,0;68,08;24/09/2026 13:22;1881,0
52,86;100,0;68,06;24/09/2026 13:22;1882,0
52,85;100,0;68,04;24/09/2026 13:22;1883,0
52,82;100,0;67,99;24/09/2026 13:23;1884,0
52,8;100,0;67,98;24/09/2026 13:23;1885,0
52,78;100,0;67,96;24/09/2026 13:23;1886,0
52,77;100,0;68,03;24/09/2026 13:23;1887,0
52,78;100,0;68,16;24/09/2026 13:23;1888,0
52,78;100,0;68,3;24/09/2026 13:23;1889,0
52,79;100,0;68,46;24/09/2026 13:23;1890,0
52,82;100,0;68,61;24/09/2026 13:23;1891,0
52,87;100,0;68,79;24/09/2026 13:23;1892,0
52,92;100,0;68,96;24/09/2026 13:23;1893,0
52,97;100,0;69,1;24/09/2026 13:23;1894,0
53,03;100,0;69,24;24/09/2026 13:23;1895,0
53,09;100,0;69,33;24/09/2026 13:23;1896,0
53,14;100,0;69,43;24/09/2026 13:23;1897,0
53,2;100,0;69,5;24/09/2026 13:23;1898,0
53,27;100,0;69,54;24/09/2026 13:23;1899,0
53,31;100,0;69,61;24/09/2026 13:23;1900,0
53,38;100,0;69,67;24/09/2026 13:23;1901,0
53,39;100,0;69,73;24/09/2026 13:23;1902,0
53,48;100,0;69,77;24/09/2026 13:23;1903,0
53,52;100,0;69,81;24/09/2026 13:23;1904,0
53,57;100,0;69,86;24/09/2026 13:23;1905,0
53,63;100,0;69,92;24/09/2026 13:23;1906,0
53,63;100,0;69,92;24/09/2026 13:23;1907,0
53,67;100,0;69,95;24/09/2026 13:23;1908,0
53,72;100,0;69,97;24/09/2026 13:23;1909,0
53,76;100,0;69,96;24/09/2026 13:23;1910,0
53,79;100,0;69,96;24/09/2026 13:23;1911,0
53,81;100,0;69,96;24/09/2026 13:23;1912,0
53,84;100,0;69,94;24/09/2026 13:23;1913,0
53,87;100,0;69,92;24/09/2026 13:23;1914,0
53,88;100,0;69,93;24/09/2026 13:23;1915,0
53,91;100,0;69,86;24/09/2026 13:23;1916,0
53,93;100,0;69,84;24/09/2026 13:23;1917,0
53,93;100,0;69,81;24/09/2026 13:23;1918,0
53,94;100,0;69,79;24/09/2026 13:23;1919,0
53,93;100,0;69,74;24/09/2026 13:23;1920,0
53,94;100,0;69,73;24/09/2026 13:23;1921,0
53,93;100,0;69,69;24/09/2026 13:23;1922,0
53,95;100,0;69,65;24/09/2026 13:23;1923,0
53,92;100,0;69,62;24/09/2026 13:23;1924,0
53,91;100,0;69,59;24/09/2026 13:23;1925,0
53,91;100,0;69,54;24/09/2026 13:23;1926,0
53,91;100,0;69,51;24/09/2026 13:23;1927,0
53,89;100,0;69,49;24/09/2026 13:23;1928,0
53,88;100,0;69,46;24/09/2026 13:23;1929,0
53,86;100,0;69,41;24/09/2026 13:23;1930,0
53,86;100,0;69,38;24/09/2026 13:23;1931,0
53,83;100,0;69,34;24/09/2026 13:23;1932,0
53,81;100,0;69,3;24/09/2026 13:23;1933,0
53,8;100,0;69,25;24/09/2026 13:23;1934,0
53,78;100,0;69,22;24/09/2026 13:23;1935,0
53,78;100,0;69,19;24/09/2026 13:23;1936,0
53,75;100,0;69,2;24/09/2026 13:23;1937,0
53,74;100,0;69,17;24/09/2026 13:23;1938,0
53,7;100,0;69,09;24/09/2026 13:23;1939,0
53,69;100,0;69,06;24/09/2026 13:23;1940,0
53,67;100,0;69,02;24/09/2026 13:23;1941,0
53,65;100,0;68,93;24/09/2026 13:23;1942,0
53,63;100,0;68,94;24/09/2026 13:23;1943,0
53,61;100,0;68,91;24/09/2026 13:24;1944,0
53,58;100,0;68,88;24/09/2026 13:24;1945,0
53,55;100,0;68,84;24/09/2026 13:24;1946,0
53,53;100,0;68,83;24/09/2026 13:24;1947,0
53,52;100,0;68,79;24/09/2026 13:24;1948,0
53,5;100,0;68,76;24/09/2026 13:24;1949,0
53,47;100,0;68,73;24/09/2026 13:24;1950,0
53,44;100,0;68,73;24/09/2026 13:24;1951,0
53,42;100,0;68,7;24/09/2026 13:24;1952,0
53,4;100,0;68,73;24/09/2026 13:24;1953,0
53,4;100,0;68,67;24/09/2026 13:24;1954,0
53,37;100,0;68,69;24/09/2026 13:24;1955,0
53,36;100,0;68,63;24/09/2026 13:24;1956,0
53,34;100,0;68,6;24/09/2026 13:24;1957,0
53,33;100,0;68,62;24/09/2026 13:24;1958,0
53,3;100,0;68,57;24/09/2026 13:24;1959,0
53,29;100,0;68,55;24/09/2026 13:24;1960,0
53,28;100,0;68,51;24/09/2026 13:24;1961,0
53,25;100,0;68,49;24/09/2026 13:24;1962,0
53,22;100,0;68,47;24/09/2026 13:24;1963,0
53,22;100,0;68,46;24/09/2026 13:24;1964,0
53,2;100,0;68,44;24/09/2026 13:24;1965,0
53,16;100,0;68,42;24/09/2026 13:24;1966,0
53,16;100,0;68,42;24/09/2026 13:24;1967,0
53,16;100,0;68,4;24/09/2026 13:24;1968,0
53,14;100,0;68,39;24/09/2026 13:24;1969,0
53,12;100,0;68,37;24/09/2026 13:24;1970,0
53,09;100,0;68,35;24/09/2026 13:24;1971,0
53,08;100,0;68,34;24/09/2026 13:24;1972,0
53,07;100,0;68,31;24/09/2026 13:24;1973,0
53,06;100,0;68,29;24/09/2026 13:24;1974,0
53,04;100,0;68,26;24/09/2026 13:24;1975,0
53,02;100,0;68,25;24/09/2026 13:24;1976,0
53,01;100,0;68,21;24/09/2026 13:24;1977,0
53,0;100,0;68,21;24/09/2026 13:24;1978,0
52,97;100,0;68,18;24/09/2026 13:24;1979,0
52,96;100,0;68,16;24/09/2026 13:24;1980,0
52,95;100,0;68,21;24/09/2026 13:24;1981,0
52,94;100,0;68,19;24/09/2026 13:24;1982,0
52,93;100,0;68,13;24/09/2026 13:24;1983,0
52,91;100,0;68,16;24/09/2026 13:24;1984,0
52,89;100,0;68,06;24/09/2026 13:24;1985,0
52,87;100,0;68,04;24/09/2026 13:24;1986,0
52,86;100,0;68,01;24/09/2026 13:24;1987,0
52,84;100,0;68,0;24/09/2026 13:24;1988,0
52,81;100,0;67,97;24/09/2026 13:24;1989,0
52,79;100,0;68,04;24/09/2026 13:24;1990,0
52,8;100,0;68,19;24/09/2026 13:24;1991,0
52,81;100,0;68,27;24/09/2026 13:24;1992,0
52,81;100,0;68,44;24/09/2026 13:24;1993,0
52,84;100,0;68,59;24/09/2026 13:24;1994,0
52,87;100,0;68,77;24/09/2026 13:24;1995,0
52,92;100,0;68,9;24/09/2026 13:24;1996,0
52,97;100,0;69,08;24/09/2026 13:24;1997,0
53,04;100,0;69,22;24/09/2026 13:24;1998,0
53,08;100,0;69,31;24/09/2026 13:24;1999,0
53,16;100,0;69,41;24/09/2026 13:24;2000,0
53,22;100,0;69,46;24/09/2026 13:24;2001,0
53,28;100,0;69,54;24/09/2026 13:24;2002,0
53,34;100,0;69,61;24/09/2026 13:24;2003,0
53,39;100,0;69,67;24/09/2026 13:25;2004,0
53,42;100,0;69,73;24/09/2026 13:25;2005,0
53,49;100,0;69,77;24/09/2026 13:25;2006,0
53,55;100,0;69,82;24/09/2026 13:25;2007,0
53,59;100,0;69,87;24/09/2026 13:25;2008,0
53,63;100,0;69,92;24/09/2026 13:25;2009,0
53,69;100,0;69,94;24/09/2026 13:25;2010,0
53,71;100,0;69,96;24/09/2026 13:25;2011,0
53,76;100,0;69,96;24/09/2026 13:25;2012,0
53,81;100,0;69,97;24/09/2026 13:25;2013,0
53,84;100,0;69,97;24/09/2026 13:25;2014,0
53,86;100,0;69,95;24/09/2026 13:25;2015,0
53,88;100,0;69,92;24/09/2026 13:25;2016,0
53,91;100,0;69,92;24/09/2026 13:25;2017,0
53,92;100,0;69,87;24/09/2026 13:25;2018,0
53,92;100,0;69,85;24/09/2026 13:25;2019,0
53,93;100,0;69,82;24/09/2026 13:25;2020,0
53,94;100,0;69,79;24/09/2026 13:25;2021,0
53,95;100,0;69,75;24/09/2026 13:25;2022,0
53,94;100,0;69,72;24/09/2026 13:25;2023,0
53,95;100,0;69,71;24/09/2026 13:25;2024,0
53,95;100,0;69,65;24/09/2026 13:25;2025,0
53,95;100,0;69,62;24/09/2026 13:25;2026,0
53,92;100,0;69,61;24/09/2026 13:25;2027,0
53,92;100,0;69,55;24/09/2026 13:25;2028,0
53,92;100,0;69,52;24/09/2026 13:25;2029,0
53,91;100,0;69,51;24/09/2026 13:25;2030,0
53,91;100,0;69,46;24/09/2026 13:25;2031,0
53,88;100,0;69,42;24/09/2026 13:25;2032,0
53,88;100,0;69,42;24/09/2026 13:25;2033,0
53,86;100,0;69,38;24/09/2026 13:25;2034,0
53,86;100,0;69,34;24/09/2026 13:25;2035,0
53,84;100,0;69,33;24/09/2026 13:25;2036,0
53,81;100,0;69,28;24/09/2026 13:25;2037,0
53,8;100,0;69,23;24/09/2026 13:25;2038,0
53,78;100,0;69,19;24/09/2026 13:25;2039,0
53,76;100,0;69,17;24/09/2026 13:25;2040,0
53,75;100,0;69,19;24/09/2026 13:25;2041,0
53,73;100,0;69,15;24/09/2026 13:25;2042,0
53,7;100,0;69,07;24/09/2026 13:25;2043,0
53,7;100,0;69,02;24/09/2026 13:25;2044,0
53,67;100,0;68,99;24/09/2026 13:25;2045,0
53,65;100,0;69,01;24/09/2026 13:25;2046,0
53,62;100,0;68,93;24/09/2026 13:25;2047,0
53,59;100,0;68,89;24/09/2026 13:25;2048,0
53,58;100,0;68,91;24/09/2026 13:25;2049,0
53,56;100,0;68,83;24/09/2026 13:25;2050,0
53,55;100,0;68,82;24/09/2026 13:25;2051,0
53,51;100,0;68,83;24/09/2026 13:25;2052,0
53,5;100,0;68,76;24/09/2026 13:25;2053,0
53,48;100,0;68,73;24/09/2026 13:25;2054,0
53,45;100,0;68,71;24/09/2026 13:25;2055,0
53,42;100,0;68,69;24/09/2026 13:25;2056,0
53,41;100,0;68,73;24/09/2026 13:25;2057,0
53,39;100,0;68,67;24/09/2026 13:25;2058,0
53,37;100,0;68,63;24/09/2026 13:25;2059,0
53,36;100,0;68,61;24/09/2026 13:25;2060,0
53,33;100,0;68,59;24/09/2026 13:25;2061,0
53,31;100,0;68,57;24/09/2026 13:25;2062,0
53,3;100,0;68,56;24/09/2026 13:25;2063,0
53,28;100,0;68,52;24/09/2026 13:26;2064,0
53,25;100,0;68,51;24/09/2026 13:26;2065,0
53,23;100,0;68,48;24/09/2026 13:26;2066,0
53,22;100,0;68,47;24/09/2026 13:26;2067,0
53,21;100,0;68,45;24/09/2026 13:26;2068,0
53,17;100,0;68,41;24/09/2026 13:26;2069,0
53,15;100,0;68,4;24/09/2026 13:26;2070,0
53,14;100,0;68,45;24/09/2026 13:26;2071,0
53,14;100,0;68,38;24/09/2026 13:26;2072,0
53,12;100,0;68,36;24/09/2026 13:26;2073,0
53,09;100,0;68,31;24/09/2026 13:26;2074,0
53,08;100,0;68,3;24/09/2026 13:26;2075,0
53,05;100,0;68,36;24/09/2026 13:26;2076,0
53,06;100,0;68,29;24/09/2026 13:26;2077,0
53,04;100,0;68,25;24/09/2026 13:26;2078,0
53,03;100,0;68,21;24/09/2026 13:26;2079,0
53,0;100,0;68,2;24/09/2026 13:26;2080,0
52,98;100,0;68,19;24/09/2026 13:26;2081,0
52,97;100,0;68,16;24/09/2026 13:26;2082,0
52,95;100,0;68,15;24/09/2026 13:26;2083,0
52,93;100,0;68,13;24/09/2026 13:26;2084,0
52,9;100,0;68,1;24/09/2026 13:26;2085,0
52,9;100,0;68,09;24/09/2026 13:26;2086,0
52,9;100,0;68,09;24/09/2026 13:26;2087,0
52,86;100,0;68,03;24/09/2026 13:26;2088,0
52,85;100,0;68,01;24/09/2026 13:26;2089,0
52,84;100,0;68,06;24/09/2026 13:26;2090,0
52,84;100,0;68,06;24/09/2026 13:26;2091,0
52,82;100,0;67,98;24/09/2026 13:26;2092,0
52,81;100,0;68,03;24/09/2026 13:26;2093,0
52,79;100,0;68,17;24/09/2026 13:26;2094,0
52,81;100,0;68,29;24/09/2026 13:26;2095,0
52,82;100,0;68,45;24/09/2026 13:26;2096,0
52,84;100,0;68,6;24/09/2026 13:26;2097,0
52,87;100,0;68,78;24/09/2026 13:26;2098,0
52,91;100,0;68,93;24/09/2026 13:26;2099,0
52,98;100,0;69,1;24/09/2026 13:26;2100,0
53,04;100,0;69,22;24/09/2026 13:26;2101,0
53,11;100,0;69,32;24/09/2026 13:26;2102,0
53,15;100,0;69,41;24/09/2026 13:26;2103,0
53,2;100,0;69,49;24/09/2026 13:26;2104,0
53,28;100,0;69,61;24/09/2026 13:26;2105,0
53,35;100,0;69,6;24/09/2026 13:26;2106,0
53,4;100,0;69,65;24/09/2026 13:26;2107,0
53,45;100,0;69,72;24/09/2026 13:26;2108,0
53,48;100,0;69,77;24/09/2026 13:26;2109,0
53,54;100,0;69,84;24/09/2026 13:26;2110,0
53,59;100,0;69,87;24/09/2026 13:26;2111,0
53,63;100,0;69,92;24/09/2026 13:26;2112,0
53,69;100,0;69,93;24/09/2026 13:26;2113,0
53,73;100,0;69,97;24/09/2026 13:26;2114,0
53,77;100,0;69,98;24/09/2026 13:26;2115,0
53,8;100,0;69,98;24/09/2026 13:26;2116,0
53,84;100,0;69,96;24/09/2026 13:26;2117,0
53,85;100,0;69,93;24/09/2026 13:26;2118,0
53,89;100,0;69,92;24/09/2026 13:26;2119,0
53,91;100,0;69,9;24/09/2026 13:26;2120,0
53,92;100,0;69,87;24/09/2026 13:26;2121,0
53,91;100,0;69,84;24/09/2026 13:26;2122,0
53,93;100,0;69,82;24/09/2026 13:26;2123,0
53,94;100,0;69,79;24/09/2026 13:27;2124,0
53,94;100,0;69,77;24/09/2026 13:27;2125,0
53,96;100,0;69,72;24/09/2026 13:27;2126,0
53,95;100,0;69,67;24/09/2026 13:27;2127,0
53,95;100,0;69,64;24/09/2026 13:27;2128,0
53,95;100,0;69,61;24/09/2026 13:27;2129,0
53,93;100,0;69,59;24/09/2026 13:27;2130,0
53,92;100,0;69,56;24/09/2026 13:27;2131,0
53,93;100,0;69,51;24/09/2026 13:27;2132,0
53,91;100,0;69,52;24/09/2026 13:27;2133,0
53,91;100,0;69,49;24/09/2026 13:27;2134,0
53,88;100,0;69,41;24/09/2026 13:27;2135,0
53,86;100,0;69,38;24/09/2026 13:27;2136,0
53,87;100,0;69,38;24/09/2026 13:27;2137,0
53,84;100,0;69,32;24/09/2026 13:27;2138,0
53,83;100,0;69,32;24/09/2026 13:27;2139,0
53,81;100,0;69,23;24/09/2026 13:27;2140,0
53,8;100,0;69,2;24/09/2026 13:27;2141,0
53,76;100,0;69,14;24/09/2026 13:27;2142,0
53,74;100,0;69,11;24/09/2026 13:27;2143,0
53,74;100,0;69,11;24/09/2026 13:27;2144,0
53,72;100,0;69,09;24/09/2026 13:27;2145,0
53,68;100,0;69,02;24/09/2026 13:27;2146,0
53,68;100,0;69,02;24/09/2026 13:27;2147,0
53,66;100,0;68,98;24/09/2026 13:27;2148,0
53,63;100,0;68,94;24/09/2026 13:27;2149,0
53,61;100,0;68,92;24/09/2026 13:27;2150,0
53,6;100,0;68,89;24/09/2026 13:27;2151,0
53,56;100,0;68,84;24/09/2026 13:27;2152,0
53,56;100,0;68,83;24/09/2026 13:27;2153,0
53,53;100,0;68,81;24/09/2026 13:27;2154,0
53,51;100,0;68,77;24/09/2026 13:27;2155,0
53,48;100,0;68,75;24/09/2026 13:27;2156,0
53,45;100,0;68,71;24/09/2026 13:27;2157,0
53,44;100,0;68,7;24/09/2026 13:27;2158,0
53,42;100,0;68,69;24/09/2026 13:27;2159,0
53,39;100,0;68,65;24/09/2026 13:27;2160,0
53,38;100,0;68,63;24/09/2026 13:27;2161,0
53,36;100,0;68,61;24/09/2026 13:27;2162,0
53,33;100,0;68,59;24/09/2026 13:27;2163,0
53,31;100,0;68,59;24/09/2026 13:27;2164,0
53,3;100,0;68,59;24/09/2026 13:27;2165,0
53,29;100,0;68,54;24/09/2026 13:27;2166,0
53,26;100,0;68,54;24/09/2026 13:27;2167,0
53,25;100,0;68,49;24/09/2026 13:27;2168,0
53,23;100,0;68,49;24/09/2026 13:27;2169,0
53,2;100,0;68,45;24/09/2026 13:27;2170,0
53,19;100,0;68,42;24/09/2026 13:27;2171,0
53,18;100,0;68,42;24/09/2026 13:27;2172,0
53,17;100,0;68,39;24/09/2026 13:27;2173,0
53,14;100,0;68,38;24/09/2026 13:27;2174,0
53,14;100,0;68,36;24/09/2026 13:27;2175,0
53,11;100,0;68,34;24/09/2026 13:27;2176,0
53,09;100,0;68,32;24/09/2026 13:27;2177,0
53,07;100,0;68,31;24/09/2026 13:27;2178,0
53,06;100,0;68,3;24/09/2026 13:27;2179,0
53,05;100,0;68,26;24/09/2026 13:27;2180,0
53,02;100,0;68,25;24/09/2026 13:27;2181,0
53,01;100,0;68,23;24/09/2026 13:27;2182,0
52,98;100,0;68,18;24/09/2026 13:27;2183,0
52,98;100,0;68,17;24/09/2026 13:28;2184,0
52,96;100,0;68,16;24/09/2026 13:28;2185,0
52,94;100,0;68,14;24/09/2026 13:28;2186,0
52,91;100,0;68,11;24/09/2026 13:28;2187,0
52,9;100,0;68,09;24/09/2026 13:28;2188,0
52,89;100,0;68,06;24/09/2026 13:28;2189,0
52,88;100,0;68,04;24/09/2026 13:28;2190,0
52,84;100,0;68,01;24/09/2026 13:28;2191,0
52,84;100,0;68,01;24/09/2026 13:28;2192,0
52,82;100,0;67,99;24/09/2026 13:28;2193,0
52,81;100,0;67,98;24/09/2026 13:28;2194,0
52,79;100,0;68,06;24/09/2026 13:28;2195,0
52,8;100,0;68,18;24/09/2026 13:28;2196,0
52,79;100,0;68,34;24/09/2026 13:28;2197,0
52,83;100,0;68,49;24/09/2026 13:28;2198,0
52,86;100,0;68,66;24/09/2026 13:28;2199,0
52,88;100,0;68,81;24/09/2026 13:28;2200,0
52,93;100,0;68,99;24/09/2026 13:28;2201,0
53,0;100,0;69,13;24/09/2026 13:28;2202,0
53,0;100,0;69,13;24/09/2026 13:28;2203,0
53,06;100,0;69,28;24/09/2026 13:28;2204,0
53,13;100,0;69,35;24/09/2026 13:28;2205,0
53,18;100,0;69,43;24/09/2026 13:28;2206,0
53,25;100,0;69,5;24/09/2026 13:28;2207,0
53,3;100,0;69,56;24/09/2026 13:28;2208,0
53,36;100,0;69,61;24/09/2026 13:28;2209,0
53,4;100,0;69,69;24/09/2026 13:28;2210,0
53,47;100,0;69,76;24/09/2026 13:28;2211,0
53,51;100,0;69,8;24/09/2026 13:28;2212,0
53,55;100,0;69,85;24/09/2026 13:28;2213,0
53,61;100,0;69,9;24/09/2026 13:28;2214,0
53,65;100,0;69,94;24/09/2026 13:28;2215,0
53,7;100,0;69,96;24/09/2026 13:28;2216,0
53,74;100,0;69,98;24/09/2026 13:28;2217,0
53,78;100,0;70,0;24/09/2026 13:28;2218,0
53,81;100,0;70,0;24/09/2026 13:28;2219,0
53,85;100,0;69,97;24/09/2026 13:28;2220,0
53,87;100,0;69,96;24/09/2026 13:28;2221,0
53,89;100,0;69,92;24/09/2026 13:28;2222,0
53,91;100,0;69,91;24/09/2026 13:28;2223,0
53,92;100,0;69,89;24/09/2026 13:28;2224,0
53,94;100,0;69,84;24/09/2026 13:28;2225,0
53,94;100,0;69,82;24/09/2026 13:28;2226,0
53,95;100,0;69,8;24/09/2026 13:28;2227,0
53,95;100,0;69,82;24/09/2026 13:28;2228,0
53,95;100,0;69,72;24/09/2026 13:28;2229,0
53,95;100,0;69,7;24/09/2026 13:28;2230,0
53,95;100,0;69,65;24/09/2026 13:28;2231,0
53,95;100,0;69,62;24/09/2026 13:28;2232,0
53,93;100,0;69,58;24/09/2026 13:28;2233,0
53,94;100,0;69,54;24/09/2026 13:28;2234,0
53,92;100,0;69,52;24/09/2026 13:28;2235,0
53,89;100,0;69,49;24/09/2026 13:28;2236,0
53,91;100,0;69,44;24/09/2026 13:28;2237,0
53,89;100,0;69,39;24/09/2026 13:28;2238,0
53,86;100,0;69,38;24/09/2026 13:28;2239,0
53,85;100,0;69,34;24/09/2026 13:28;2240,0
53,84;100,0;69,3;24/09/2026 13:28;2241,0
53,83;100,0;69,25;24/09/2026 13:28;2242,0
53,8;100,0;69,2;24/09/2026 13:28;2243,0
53,76;100,0;69,21;24/09/2026 13:29;2244,0
53,76;100,0;69,15;24/09/2026 13:29;2245,0
53,75;100,0;69,1;24/09/2026 13:29;2246,0
53,73;100,0;69,09;24/09/2026 13:29;2247,0
53,72;100,0;69,04;24/09/2026 13:29;2248,0
53,68;100,0;69,02;24/09/2026 13:29;2249,0
53,65;100,0;68,98;24/09/2026 13:29;2250,0
53,64;100,0;68,96;24/09/2026 13:29;2251,0
53,62;100,0;68,91;24/09/2026 13:29;2252,0
53,59;100,0;68,88;24/09/2026 13:29;2253,0
53,58;100,0;68,86;24/09/2026 13:29;2254,0
53,55;100,0;68,83;24/09/2026 13:29;2255,0
53,53;100,0;68,8;24/09/2026 13:29;2256,0
53,5;100,0;68,78;24/09/2026 13:29;2257,0
53,47;100,0;68,76;24/09/2026 13:29;2258,0
53,47;100,0;68,8;24/09/2026 13:29;2259,0
53,44;100,0;68,71;24/09/2026 13:29;2260,0
53,44;100,0;68,69;24/09/2026 13:29;2261,0
53,4;100,0;68,65;24/09/2026 13:29;2262,0
53,39;100,0;68,63;24/09/2026 13:29;2263,0
53,36;100,0;68,62;24/09/2026 13:29;2264,0
53,34;100,0;68,67;24/09/2026 13:29;2265,0
53,34;100,0;68,67;24/09/2026 13:29;2266,0
53,33;100,0;68,6;24/09/2026 13:29;2267,0
53,31;100,0;68,57;24/09/2026 13:29;2268,0
53,29;100,0;68,54;24/09/2026 13:29;2269,0
53,27;100,0;68,51;24/09/2026 13:29;2270,0
53,27;100,0;68,51;24/09/2026 13:29;2271,0
53,24;100,0;68,5;24/09/2026 13:29;2272,0
53,24;100,0;68,49;24/09/2026 13:29;2273,0
53,22;100,0;68,46;24/09/2026 13:29;2274,0
53,18;100,0;68,44;24/09/2026 13:29;2275,0
53,17;90,0;68,4;24/09/2026 13:29;2276,0
53,16;90,0;68,46;24/09/2026 13:29;2277,0
53,14;90,0;68,46;24/09/2026 13:29;2278,0
53,11;90,0;68,45;24/09/2026 13:29;2279,0
53,1;90,0;68,49;24/09/2026 13:29;2280,0
53,07;90,0;68,42;24/09/2026 13:29;2281,0
53,03;90,0;68,41;24/09/2026 13:29;2282,0
53,02;90,0;68,39;24/09/2026 13:29;2283,0
53,0;90,0;68,37;24/09/2026 13:29;2284,0
52,96;90,0;68,35;24/09/2026 13:29;2285,0
52,93;90,0;68,35;24/09/2026 13:29;2286,0
52,91;90,0;68,31;24/09/2026 13:29;2287,0
52,9;90,0;68,29;24/09/2026 13:29;2288,0
52,87;90,0;68,26;24/09/2026 13:29;2289,0
52,84;90,0;68,25;24/09/2026 13:29;2290,0
52,82;90,0;68,23;24/09/2026 13:29;2291,0
52,77;90,0;68,19;24/09/2026 13:29;2292,0
52,76;90,0;68,15;24/09/2026 13:29;2293,0
52,75;90,0;68,15;24/09/2026 13:29;2294,0
52,7;90,0;68,13;24/09/2026 13:29;2295,0
52,71;90,0;68,09;24/09/2026 13:29;2296,0
52,67;90,0;68,07;24/09/2026 13:29;2297,0
52,65;90,0;68,13;24/09/2026 13:29;2298,0
52,64;90,0;68,24;24/09/2026 13:29;2299,0
52,64;90,0;68,38;24/09/2026 13:29;2300,0
52,64;90,0;68,57;24/09/2026 13:29;2301,0
52,68;90,0;68,69;24/09/2026 13:29;2302,0
52,71;90,0;68,86;24/09/2026 13:29;2303,0
52,76;90,0;69,02;24/09/2026 13:30;2304,0
52,79;90,0;69,18;24/09/2026 13:30;2305,0
52,87;90,0;69,38;24/09/2026 13:30;2306,0
52,92;90,0;69,41;24/09/2026 13:30;2307,0
52,98;90,0;69,49;24/09/2026 13:30;2308,0
53,03;90,0;69,56;24/09/2026 13:30;2309,0
53,09;90,0;69,63;24/09/2026 13:30;2310,0
53,14;90,0;69,69;24/09/2026 13:30;2311,0
53,18;90,0;69,75;24/09/2026 13:30;2312,0
53,24;90,0;69,79;24/09/2026 13:30;2313,0
53,27;90,0;69,85;24/09/2026 13:30;2314,0
53,35;90,0;69,9;24/09/2026 13:30;2315,0
53,37;90,0;69,96;24/09/2026 13:30;2316,0
53,44;90,0;69,97;24/09/2026 13:30;2317,0
53,48;90,0;70,02;24/09/2026 13:30;2318,0
53,51;90,0;70,03;24/09/2026 13:30;2319,0
53,54;90,0;70,04;24/09/2026 13:30;2320,0
53,6;90,0;70,04;24/09/2026 13:30;2321,0
53,62;90,0;70,04;24/09/2026 13:30;2322,0
53,65;90,0;70,02;24/09/2026 13:30;2323,0
53,65;90,0;70,02;24/09/2026 13:30;2324,0
53,69;90,0;69,96;24/09/2026 13:30;2325,0
53,71;90,0;69,93;24/09/2026 13:30;2326,0
53,7;90,0;69,92;24/09/2026 13:30;2327,0
53,7;90,0;69,92;24/09/2026 13:30;2328,0
53,73;90,0;69,87;24/09/2026 13:30;2329,0
53,74;90,0;69,84;24/09/2026 13:30;2330,0
53,73;90,0;69,81;24/09/2026 13:30;2331,0
53,74;90,0;69,77;24/09/2026 13:30;2332,0
53,73;90,0;69,75;24/09/2026 13:30;2333,0
53,74;90,0;69,7;24/09/2026 13:30;2334,0
53,73;90,0;69,7;24/09/2026 13:30;2335,0
53,73;90,0;69,64;24/09/2026 13:30;2336,0
53,7;90,0;69,61;24/09/2026 13:30;2337,0
53,71;90,0;69,58;24/09/2026 13:30;2338,0
53,69;90,0;69,54;24/09/2026 13:30;2339,0
53,69;90,0;69,51;24/09/2026 13:30;2340,0
53,65;90,0;69,48;24/09/2026 13:30;2341,0
53,65;90,0;69,43;24/09/2026 13:30;2342,0
53,64;90,0;69,39;24/09/2026 13:30;2343,0
53,62;90,0;69,35;24/09/2026 13:30;2344,0
53,61;90,0;69,32;24/09/2026 13:30;2345,0
53,59;90,0;69,29;24/09/2026 13:30;2346,0
53,58;90,0;69,24;24/09/2026 13:30;2347,0
53,56;90,0;69,22;24/09/2026 13:30;2348,0
53,53;90,0;69,19;24/09/2026 13:30;2349,0
53,51;90,0;69,14;24/09/2026 13:30;2350,0
53,49;90,0;69,11;24/09/2026 13:30;2351,0
53,47;90,0;69,08;24/09/2026 13:30;2352,0
53,44;90,0;69,09;24/09/2026 13:30;2353,0
53,44;90,0;69,09;24/09/2026 13:30;2354,0
53,41;90,0;69,0;24/09/2026 13:30;2355,0
53,39;90,0;68,96;24/09/2026 13:30;2356,0
53,36;90,0;68,93;24/09/2026 13:30;2357,0
53,35;90,0;68,9;24/09/2026 13:30;2358,0
53,29;90,0;68,86;24/09/2026 13:30;2359,0
53,29;90,0;68,83;24/09/2026 13:30;2360,0
53,28;90,0;68,81;24/09/2026 13:30;2361,0
53,25;90,0;68,79;24/09/2026 13:30;2362,0
53,23;90,0;68,78;24/09/2026 13:30;2363,0
53,22;90,0;68,75;24/09/2026 13:31;2364,0
53,18;90,0;68,73;24/09/2026 13:31;2365,0
53,17;90,0;68,7;24/09/2026 13:31;2366,0
53,15;90,0;68,7;24/09/2026 13:31;2367,0
53,13;90,0;68,68;24/09/2026 13:31;2368,0
53,1;90,0;68,66;24/09/2026 13:31;2369,0
53,09;90,0;68,65;24/09/2026 13:31;2370,0
53,07;90,0;68,6;24/09/2026 13:31;2371,0
53,06;90,0;68,6;24/09/2026 13:31;2372,0
53,04;90,0;68,59;24/09/2026 13:31;2373,0
53,01;90,0;68,55;24/09/2026 13:31;2374,0
53,0;90,0;68,54;24/09/2026 13:31;2375,0
52,99;90,0;68,51;24/09/2026 13:31;2376,0
52,97;90,0;68,49;24/09/2026 13:31;2377,0
52,94;90,0;68,49;24/09/2026 13:31;2378,0
52,93;90,0;68,46;24/09/2026 13:31;2379,0
52,92;90,0;68,45;24/09/2026 13:31;2380,0
52,89;90,0;68,44;24/09/2026 13:31;2381,0
52,89;90,0;68,4;24/09/2026 13:31;2382,0
52,87;90,0;68,39;24/09/2026 13:31;2383,0
52,85;90,0;68,38;24/09/2026 13:31;2384,0
52,83;90,0;68,44;24/09/2026 13:31;2385,0
52,82;90,0;68,39;24/09/2026 13:31;2386,0
52,82;90,0;68,39;24/09/2026 13:31;2387,0
52,81;90,0;68,31;24/09/2026 13:31;2388,0
52,79;90,0;68,29;24/09/2026 13:31;2389,0
52,76;90,0;68,28;24/09/2026 13:31;2390,0
52,76;90,0;68,28;24/09/2026 13:31;2391,0
52,73;90,0;68,23;24/09/2026 13:31;2392,0
52,71;90,0;68,21;24/09/2026 13:31;2393,0
52,7;90,0;68,18;24/09/2026 13:31;2394,0
52,68;90,0;68,15;24/09/2026 13:31;2395,0
52,67;90,0;68,14;24/09/2026 13:31;2396,0
52,65;90,0;68,13;24/09/2026 13:31;2397,0
52,63;90,0;68,09;24/09/2026 13:31;2398,0
52,6;90,0;68,09;24/09/2026 13:31;2399,0
52,59;90,0;68,05;24/09/2026 13:31;2400,0
52,58;90,0;68,09;24/09/2026 13:31;2401,0
52,57;90,0;68,16;24/09/2026 13:31;2402,0
52,56;90,0;68,29;24/09/2026 13:31;2403,0
52,57;90,0;68,45;24/09/2026 13:31;2404,0
52,57;90,0;68,6;24/09/2026 13:31;2405,0
52,62;90,0;68,77;24/09/2026 13:31;2406,0
52,67;90,0;68,94;24/09/2026 13:31;2407,0
52,71;90,0;69,09;24/09/2026 13:31;2408,0
52,78;90,0;69,23;24/09/2026 13:31;2409,0
52,83;90,0;69,34;24/09/2026 13:31;2410,0
52,89;90,0;69,42;24/09/2026 13:31;2411,0
52,94;90,0;69,51;24/09/2026 13:31;2412,0
53,01;90,0;69,59;24/09/2026 13:31;2413,0
53,07;90,0;69,64;24/09/2026 13:31;2414,0
53,12;90,0;69,7;24/09/2026 13:31;2415,0
53,17;90,0;69,75;24/09/2026 13:31;2416,0
53,21;90,0;69,81;24/09/2026 13:31;2417,0
53,28;90,0;69,85;24/09/2026 13:31;2418,0
53,33;90,0;69,92;24/09/2026 13:31;2419,0
53,37;90,0;69,96;24/09/2026 13:31;2420,0
53,42;90,0;69,98;24/09/2026 13:31;2421,0
53,46;90,0;70,02;24/09/2026 13:31;2422,0
53,51;90,0;70,04;24/09/2026 13:31;2423,0
53,52;90,0;70,03;24/09/2026 13:32;2424,0
53,58;90,0;70,02;24/09/2026 13:32;2425,0
53,61;90,0;70,02;24/09/2026 13:32;2426,0
53,63;90,0;69,98;24/09/2026 13:32;2427,0
53,65;90,0;69,95;24/09/2026 13:32;2428,0
53,69;90,0;70,0;24/09/2026 13:32;2429,0
53,69;90,0;69,9;24/09/2026 13:32;2430,0
53,71;90,0;69,87;24/09/2026 13:32;2431,0
53,7;90,0;69,85;24/09/2026 13:32;2432,0
53,7;90,0;69,81;24/09/2026 13:32;2433,0
53,71;90,0;69,79;24/09/2026 13:32;2434,0
53,71;90,0;69,75;24/09/2026 13:32;2435,0
53,72;90,0;69,72;24/09/2026 13:32;2436,0
53,72;90,0;69,67;24/09/2026 13:32;2437,0
53,72;90,0;69,66;24/09/2026 13:32;2438,0
53,72;90,0;69,62;24/09/2026 13:32;2439,0
53,7;90,0;69,6;24/09/2026 13:32;2440,0
53,67;90,0;69,55;24/09/2026 13:32;2441,0
53,68;90,0;69,52;24/09/2026 13:32;2442,0
53,67;90,0;69,49;24/09/2026 13:32;2443,0
53,67;90,0;69,45;24/09/2026 13:32;2444,0
53,64;90,0;69,43;24/09/2026 13:32;2445,0
53,64;90,0;69,42;24/09/2026 13:32;2446,0
53,62;90,0;69,35;24/09/2026 13:32;2447,0
53,59;90,0;69,32;24/09/2026 13:32;2448,0
53,59;90,0;69,32;24/09/2026 13:32;2449,0
53,58;90,0;69,27;24/09/2026 13:32;2450,0
53,56;90,0;69,23;24/09/2026 13:32;2451,0
53,53;90,0;69,21;24/09/2026 13:32;2452,0
53,51;90,0;69,17;24/09/2026 13:32;2453,0
53,51;90,0;69,12;24/09/2026 13:32;2454,0
53,49;90,0;69,09;24/09/2026 13:32;2455,0
53,45;79,99;69,07;24/09/2026 13:32;2456,0
53,43;79,99;69,2;24/09/2026 13:32;2457,0
53,39;79,99;69,15;24/09/2026 13:32;2458,0
53,36;79,99;69,12;24/09/2026 13:32;2459,0
53,32;79,99;69,08;24/09/2026 13:32;2460,0
53,28;79,99;69,04;24/09/2026 13:32;2461,0
53,25;79,99;69,09;24/09/2026 13:32;2462,0
53,23;79,99;69,0;24/09/2026 13:32;2463,0
53,2;79,99;68,97;24/09/2026 13:32;2464,0
53,17;79,99;68,94;24/09/2026 13:32;2465,0
53,14;79,99;68,91;24/09/2026 13:32;2466,0
53,09;79,99;68,9;24/09/2026 13:32;2467,0
53,06;79,99;68,87;24/09/2026 13:32;2468,0
53,05;79,99;68,84;24/09/2026 13:32;2469,0
53,01;79,99;68,83;24/09/2026 13:32;2470,0
52,98;79,99;68,81;24/09/2026 13:32;2471,0
52,95;79,99;68,79;24/09/2026 13:32;2472,0
52,93;79,99;68,77;24/09/2026 13:32;2473,0
52,92;79,99;68,8;24/09/2026 13:32;2474,0
52,89;79,99;68,8;24/09/2026 13:32;2475,0
52,87;79,99;68,76;24/09/2026 13:32;2476,0
52,84;79,99;68,69;24/09/2026 13:32;2477,0
52,81;79,99;68,67;24/09/2026 13:32;2478,0
52,79;79,99;68,65;24/09/2026 13:32;2479,0
52,76;79,99;68,63;24/09/2026 13:32;2480,0
52,74;79,99;68,6;24/09/2026 13:32;2481,0
52,72;79,99;68,58;24/09/2026 13:32;2482,0
52,69;79,99;68,56;24/09/2026 13:32;2483,0
52,68;79,99;68,52;24/09/2026 13:33;2484,0
52,65;79,99;68,52;24/09/2026 13:33;2485,0
52,62;79,99;68,5;24/09/2026 13:33;2486,0
52,6;79,99;68,48;24/09/2026 13:33;2487,0
52,58;79,99;68,47;24/09/2026 13:33;2488,0
52,57;79,99;68,44;24/09/2026 13:33;2489,0
52,55;79,99;68,41;24/09/2026 13:33;2490,0
52,53;79,99;68,4;24/09/2026 13:33;2491,0
52,5;79,99;68,38;24/09/2026 13:33;2492,0
52,5;79,99;68,37;24/09/2026 13:33;2493,0
52,45;79,99;68,35;24/09/2026 13:33;2494,0
52,45;79,99;68,32;24/09/2026 13:33;2495,0
52,45;79,99;68,32;24/09/2026 13:33;2496,0
52,4;79,99;68,35;24/09/2026 13:33;2497,0
52,4;79,99;68,35;24/09/2026 13:33;2498,0
52,39;79,99;68,32;24/09/2026 13:33;2499,0
52,37;79,99;68,25;24/09/2026 13:33;2500,0
52,35;79,99;68,23;24/09/2026 13:33;2501,0
52,32;79,99;68,19;24/09/2026 13:33;2502,0
52,31;79,99;68,17;24/09/2026 13:33;2503,0
52,26;79,99;68,27;24/09/2026 13:33;2504,0
52,26;79,99;68,39;24/09/2026 13:33;2505,0
52,26;79,99;68,39;24/09/2026 13:33;2506,0
52,27;79,99;68,54;24/09/2026 13:33;2507,0
52,28;79,99;68,69;24/09/2026 13:33;2508,0
52,31;79,99;68,86;24/09/2026 13:33;2509,0
52,34;79,99;69,03;24/09/2026 13:33;2510,0
52,4;79,99;69,19;24/09/2026 13:33;2511,0
52,44;79,99;69,33;24/09/2026 13:33;2512,0
52,5;79,99;69,46;24/09/2026 13:33;2513,0
52,57;79,99;69,55;24/09/2026 13:33;2514,0
52,6;79,99;69,61;24/09/2026 13:33;2515,0
52,68;79,99;69,67;24/09/2026 13:33;2516,0
52,73;79,99;69,74;24/09/2026 13:33;2517,0
52,78;79,99;69,8;24/09/2026 13:33;2518,0
52,8;79,99;69,84;24/09/2026 13:33;2519,0
52,87;79,99;69,9;24/09/2026 13:33;2520,0
52,94;79,99;69,95;24/09/2026 13:33;2521,0
52,97;79,99;70,01;24/09/2026 13:33;2522,0
53,03;79,99;70,05;24/09/2026 13:33;2523,0
53,07;79,99;70,1;24/09/2026 13:33;2524,0
53,12;79,99;70,12;24/09/2026 13:33;2525,0
53,13;79,99;70,12;24/09/2026 13:33;2526,0
53,18;79,99;70,14;24/09/2026 13:33;2527,0
53,23;79,99;70,14;24/09/2026 13:33;2528,0
53,25;79,99;70,12;24/09/2026 13:33;2529,0
53,28;79,99;70,11;24/09/2026 13:33;2530,0
53,29;79,99;70,06;24/09/2026 13:33;2531,0
53,31;79,99;70,04;24/09/2026 13:33;2532,0
53,33;79,99;70,01;24/09/2026 13:33;2533,0
53,31;79,99;69,98;24/09/2026 13:33;2534,0
53,35;79,99;69,96;24/09/2026 13:33;2535,0
53,34;79,99;69,92;24/09/2026 13:33;2536,0
53,36;79,99;69,87;24/09/2026 13:33;2537,0
53,36;79,99;69,85;24/09/2026 13:33;2538,0
53,35;79,99;69,82;24/09/2026 13:33;2539,0
53,34;79,99;69,8;24/09/2026 13:33;2540,0
53,34;79,99;69,76;24/09/2026 13:33;2541,0
53,33;79,99;69,73;24/09/2026 13:33;2542,0
53,33;79,99;69,67;24/09/2026 13:33;2543,0
53,31;79,99;69,65;24/09/2026 13:34;2544,0
53,31;79,99;69,62;24/09/2026 13:34;2545,0
53,29;79,99;69,62;24/09/2026 13:34;2546,0
53,29;79,99;69,54;24/09/2026 13:34;2547,0
53,26;79,99;69,51;24/09/2026 13:34;2548,0
53,26;79,99;69,48;24/09/2026 13:34;2549,0
53,25;79,99;69,44;24/09/2026 13:34;2550,0
53,22;79,99;69,4;24/09/2026 13:34;2551,0
53,2;79,99;69,37;24/09/2026 13:34;2552,0
53,18;79,99;69,32;24/09/2026 13:34;2553,0
53,17;79,99;69,29;24/09/2026 13:34;2554,0
53,14;79,99;69,24;24/09/2026 13:34;2555,0
53,14;79,99;69,22;24/09/2026 13:34;2556,0
53,12;79,99;69,18;24/09/2026 13:34;2557,0
53,08;79,99;69,14;24/09/2026 13:34;2558,0
53,06;79,99;69,12;24/09/2026 13:34;2559,0
53,06;79,99;69,09;24/09/2026 13:34;2560,0
53,04;79,99;69,07;24/09/2026 13:34;2561,0
53,0;79,99;69,03;24/09/2026 13:34;2562,0
52,98;79,99;69,03;24/09/2026 13:34;2563,0
52,97;79,99;68,97;24/09/2026 13:34;2564,0
52,94;79,99;69,0;24/09/2026 13:34;2565,0
52,93;79,99;69,0;24/09/2026 13:34;2566,0
52,91;79,99;68,93;24/09/2026 13:34;2567,0
52,89;79,99;68,9;24/09/2026 13:34;2568,0
52,86;79,99;68,87;24/09/2026 13:34;2569,0
52,84;79,99;68,84;24/09/2026 13:34;2570,0
52,83;79,99;68,89;24/09/2026 13:34;2571,0
52,81;79,99;68,81;24/09/2026 13:34;2572,0
52,79;79,99;68,8;24/09/2026 13:34;2573,0
52,77;79,99;68,78;24/09/2026 13:34;2574,0
52,75;79,99;68,77;24/09/2026 13:34;2575,0
52,74;79,99;68,73;24/09/2026 13:34;2576,0
52,71;79,99;68,72;24/09/2026 13:34;2577,0
52,7;79,99;68,69;24/09/2026 13:34;2578,0
52,67;79,99;68,68;24/09/2026 13:34;2579,0
52,65;79,99;68,66;24/09/2026 13:34;2580,0
52,64;79,99;68,63;24/09/2026 13:34;2581,0
52,64;79,99;68,61;24/09/2026 13:34;2582,0
52,61;79,99;68,6;24/09/2026 13:34;2583,0
52,57;79,99;68,57;24/09/2026 13:34;2584,0
52,57;79,99;68,56;24/09/2026 13:34;2585,0
52,56;79,99;68,55;24/09/2026 13:34;2586,0
52,53;79,99;68,51;24/09/2026 13:34;2587,0
52,54;79,99;68,5;24/09/2026 13:34;2588,0
52,51;79,99;68,5;24/09/2026 13:34;2589,0
52,48;79,99;68,46;24/09/2026 13:34;2590,0
52,48;79,99;68,46;24/09/2026 13:34;2591,0
52,46;79,99;68,42;24/09/2026 13:34;2592,0
52,43;79,99;68,41;24/09/2026 13:34;2593,0
52,42;79,99;68,39;24/09/2026 13:34;2594,0
52,41;79,99;68,38;24/09/2026 13:34;2595,0
52,39;79,99;68,37;24/09/2026 13:34;2596,0
52,37;79,99;68,34;24/09/2026 13:34;2597,0
52,35;79,99;68,3;24/09/2026 13:34;2598,0
52,34;79,99;68,28;24/09/2026 13:34;2599,0
52,33;79,99;68,27;24/09/2026 13:34;2600,0
52,31;79,99;68,25;24/09/2026 13:34;2601,0
52,29;79,99;68,23;24/09/2026 13:34;2602,0
52,26;79,99;68,19;24/09/2026 13:34;2603,0
52,25;79,99;68,18;24/09/2026 13:35;2604,0
52,24;79,99;68,16;24/09/2026 13:35;2605,0
52,22;79,99;68,14;24/09/2026 13:35;2606,0
52,19;79,99;68,19;24/09/2026 13:35;2607,0
52,18;79,99;68,3;24/09/2026 13:35;2608,0
52,21;79,99;68,42;24/09/2026 13:35;2609,0
52,21;79,99;68,6;24/09/2026 13:35;2610,0
52,24;79,99;68,78;24/09/2026 13:35;2611,0
52,27;79,99;68,94;24/09/2026 13:35;2612,0
52,31;79,99;69,09;24/09/2026 13:35;2613,0
52,35;79,99;69,27;24/09/2026 13:35;2614,0
52,41;79,99;69,4;24/09/2026 13:35;2615,0
52,46;79,99;69,48;24/09/2026 13:35;2616,0
52,54;79,99;69,56;24/09/2026 13:35;2617,0
52,6;79,99;69,63;24/09/2026 13:35;2618,0
52,65;79,99;69,7;24/09/2026 13:35;2619,0
52,7;79,99;69,76;24/09/2026 13:35;2620,0
52,7;79,99;69,83;24/09/2026 13:35;2621,0
52,76;79,99;69,86;24/09/2026 13:35;2622,0
52,81;79,99;69,92;24/09/2026 13:35;2623,0
52,84;79,99;69,92;24/09/2026 13:35;2624,0
52,9;79,99;69,96;24/09/2026 13:35;2625,0
52,96;79,99;70,02;24/09/2026 13:35;2626,0
53,0;79,99;70,06;24/09/2026 13:35;2627,0
53,05;79,99;70,08;24/09/2026 13:35;2628,0
53,08;79,99;70,11;24/09/2026 13:35;2629,0
53,13;79,99;70,13;24/09/2026 13:35;2630,0
53,16;79,99;70,12;24/09/2026 13:35;2631,0
53,2;79,99;70,11;24/09/2026 13:35;2632,0
53,21;79,99;70,1;24/09/2026 13:35;2633,0
53,24;79,99;70,06;24/09/2026 13:35;2634,0
53,27;79,99;70,03;24/09/2026 13:35;2635,0
53,29;70,0;70,02;24/09/2026 13:35;2636,0
53,27;70,0;70,46;24/09/2026 13:35;2637,0
53,24;70,0;70,44;24/09/2026 13:35;2638,0
53,23;70,0;70,38;24/09/2026 13:35;2639,0
53,22;70,0;70,38;24/09/2026 13:35;2640,0
53,2;70,0;70,27;24/09/2026 13:35;2641,0
53,17;70,0;70,24;24/09/2026 13:35;2642,0
53,15;70,0;70,18;24/09/2026 13:35;2643,0
53,12;70,0;70,14;24/09/2026 13:35;2644,0
53,11;70,0;70,08;24/09/2026 13:35;2645,0
53,09;70,0;70,05;24/09/2026 13:35;2646,0
53,06;70,0;70,01;24/09/2026 13:35;2647,0
53,03;70,0;69,96;24/09/2026 13:35;2648,0
53,02;70,0;69,92;24/09/2026 13:35;2649,0
52,98;70,0;69,89;24/09/2026 13:35;2650,0
52,97;70,0;69,83;24/09/2026 13:35;2651,0
52,93;70,0;69,8;24/09/2026 13:35;2652,0
52,92;70,0;69,75;24/09/2026 13:35;2653,0
52,89;70,0;69,71;24/09/2026 13:35;2654,0
52,85;70,0;69,66;24/09/2026 13:35;2655,0
52,82;70,0;69,61;24/09/2026 13:35;2656,0
52,79;70,0;69,58;24/09/2026 13:35;2657,0
52,77;70,0;69,53;24/09/2026 13:35;2658,0
52,75;70,0;69,5;24/09/2026 13:35;2659,0
52,69;70,0;69,46;24/09/2026 13:35;2660,0
52,7;70,0;69,41;24/09/2026 13:35;2661,0
52,65;70,0;69,42;24/09/2026 13:35;2662,0
52,64;70,0;69,33;24/09/2026 13:35;2663,0
52,6;70,0;69,29;24/09/2026 13:36;2664,0
52,57;70,0;69,27;24/09/2026 13:36;2665,0
52,53;70,0;69,22;24/09/2026 13:36;2666,0
52,52;70,0;69,19;24/09/2026 13:36;2667,0
52,5;70,0;69,15;24/09/2026 13:36;2668,0
52,46;70,0;69,12;24/09/2026 13:36;2669,0
52,43;70,0;69,1;24/09/2026 13:36;2670,0
52,4;70,0;69,06;24/09/2026 13:36;2671,0
52,38;70,0;69,03;24/09/2026 13:36;2672,0
52,35;70,0;69,01;24/09/2026 13:36;2673,0
52,33;70,0;68,99;24/09/2026 13:36;2674,0
52,31;70,0;68,96;24/09/2026 13:36;2675,0
52,28;70,0;68,94;24/09/2026 13:36;2676,0
52,27;70,0;68,92;24/09/2026 13:36;2677,0
52,24;70,0;68,89;24/09/2026 13:36;2678,0
52,22;70,0;68,87;24/09/2026 13:36;2679,0
52,19;70,0;68,84;24/09/2026 13:36;2680,0
52,17;70,0;68,83;24/09/2026 13:36;2681,0
52,15;70,0;68,8;24/09/2026 13:36;2682,0
52,13;70,0;68,79;24/09/2026 13:36;2683,0
52,09;70,0;68,77;24/09/2026 13:36;2684,0
52,08;70,0;68,75;24/09/2026 13:36;2685,0
52,07;70,0;68,73;24/09/2026 13:36;2686,0
52,07;70,0;68,73;24/09/2026 13:36;2687,0
52,04;70,0;68,71;24/09/2026 13:36;2688,0
52,02;70,0;68,7;24/09/2026 13:36;2689,0
52,01;70,0;68,66;24/09/2026 13:36;2690,0
51,99;70,0;68,66;24/09/2026 13:36;2691,0
51,96;70,0;68,61;24/09/2026 13:36;2692,0
51,93;70,0;68,61;24/09/2026 13:36;2693,0
51,93;70,0;68,6;24/09/2026 13:36;2694,0
51,92;70,0;68,58;24/09/2026 13:36;2695,0
51,9;70,0;68,55;24/09/2026 13:36;2696,0
51,86;70,0;68,59;24/09/2026 13:36;2697,0
51,88;70,0;68,52;24/09/2026 13:36;2698,0
51,85;70,0;68,49;24/09/2026 13:36;2699,0
51,83;70,0;68,46;24/09/2026 13:36;2700,0
51,81;70,0;68,45;24/09/2026 13:36;2701,0
51,79;70,0;68,44;24/09/2026 13:36;2702,0
51,77;70,0;68,4;24/09/2026 13:36;2703,0
51,74;70,0;68,38;24/09/2026 13:36;2704,0
51,74;70,0;68,37;24/09/2026 13:36;2705,0
51,71;70,0;68,35;24/09/2026 13:36;2706,0
51,71;70,0;68,3;24/09/2026 13:36;2707,0
51,68;70,0;68,28;24/09/2026 13:36;2708,0
51,66;70,0;68,26;24/09/2026 13:36;2709,0
51,65;70,0;68,35;24/09/2026 13:36;2710,0
51,64;70,0;68,47;24/09/2026 13:36;2711,0
51,64;70,0;68,61;24/09/2026 13:36;2712,0
51,66;70,0;68,78;24/09/2026 13:36;2713,0
51,68;70,0;68,94;24/09/2026 13:36;2714,0
51,71;70,0;69,13;24/09/2026 13:36;2715,0
51,76;70,0;69,31;24/09/2026 13:36;2716,0
51,81;70,0;69,46;24/09/2026 13:36;2717,0
51,85;70,0;69,56;24/09/2026 13:36;2718,0
51,93;70,0;69,67;24/09/2026 13:36;2719,0
51,97;70,0;69,73;24/09/2026 13:36;2720,0
52,04;70,0;69,82;24/09/2026 13:36;2721,0
52,1;70,0;69,86;24/09/2026 13:36;2722,0
52,11;70,0;69,94;24/09/2026 13:36;2723,0
52,18;70,0;70,0;24/09/2026 13:37;2724,0
52,23;70,0;70,05;24/09/2026 13:37;2725,0
52,28;70,0;70,1;24/09/2026 13:37;2726,0
52,33;70,0;70,16;24/09/2026 13:37;2727,0
52,38;70,0;70,21;24/09/2026 13:37;2728,0
52,42;70,0;70,24;24/09/2026 13:37;2729,0
52,45;70,0;70,26;24/09/2026 13:37;2730,0
52,5;70,0;70,26;24/09/2026 13:37;2731,0
52,53;70,0;70,27;24/09/2026 13:37;2732,0
52,56;70,0;70,27;24/09/2026 13:37;2733,0
52,6;70,0;70,26;24/09/2026 13:37;2734,0
52,62;70,0;70,25;24/09/2026 13:37;2735,0
52,62;70,0;70,21;24/09/2026 13:37;2736,0
52,67;70,0;70,2;24/09/2026 13:37;2737,0
52,67;70,0;70,16;24/09/2026 13:37;2738,0
52,68;70,0;70,13;24/09/2026 13:37;2739,0
52,68;70,0;70,08;24/09/2026 13:37;2740,0
52,7;70,0;70,05;24/09/2026 13:37;2741,0
52,7;70,0;70,02;24/09/2026 13:37;2742,0
52,7;70,0;69,98;24/09/2026 13:37;2743,0
52,7;70,0;69,94;24/09/2026 13:37;2744,0
52,7;70,0;69,9;24/09/2026 13:37;2745,0
52,7;70,0;69,86;24/09/2026 13:37;2746,0
52,68;70,0;69,84;24/09/2026 13:37;2747,0
52,68;70,0;69,79;24/09/2026 13:37;2748,0
52,68;70,0;69,76;24/09/2026 13:37;2749,0
52,66;70,0;69,76;24/09/2026 13:37;2750,0
52,65;70,0;69,72;24/09/2026 13:37;2751,0
52,64;70,0;69,7;24/09/2026 13:37;2752,0
52,63;70,0;69,67;24/09/2026 13:37;2753,0
52,62;70,0;69,59;24/09/2026 13:37;2754,0
52,6;70,0;69,59;24/09/2026 13:37;2755,0
52,59;70,0;69,51;24/09/2026 13:37;2756,0
52,57;70,0;69,51;24/09/2026 13:37;2757,0
52,56;70,0;69,46;24/09/2026 13:37;2758,0
52,53;70,0;69,42;24/09/2026 13:37;2759,0
52,53;70,0;69,41;24/09/2026 13:37;2760,0
52,51;70,0;69,37;24/09/2026 13:37;2761,0
52,48;70,0;69,33;24/09/2026 13:37;2762,0
52,46;70,0;69,3;24/09/2026 13:37;2763,0
52,44;70,0;69,25;24/09/2026 13:37;2764,0
52,42;70,0;69,23;24/09/2026 13:37;2765,0
52,4;70,0;69,21;24/09/2026 13:37;2766,0
52,39;70,0;69,17;24/09/2026 13:37;2767,0
52,35;70,0;69,14;24/09/2026 13:37;2768,0
52,34;70,0;69,11;24/09/2026 13:37;2769,0
52,33;70,0;69,08;24/09/2026 13:37;2770,0
52,3;70,0;69,07;24/09/2026 13:37;2771,0
52,29;70,0;69,04;24/09/2026 13:37;2772,0
52,27;70,0;69,02;24/09/2026 13:37;2773,0
52,25;70,0;69,07;24/09/2026 13:37;2774,0
52,24;70,0;69,0;24/09/2026 13:37;2775,0
52,21;70,0;68,97;24/09/2026 13:37;2776,0
52,2;70,0;68,93;24/09/2026 13:37;2777,0
52,18;70,0;68,99;24/09/2026 13:37;2778,0
52,16;70,0;68,91;24/09/2026 13:37;2779,0
52,15;70,0;68,88;24/09/2026 13:37;2780,0
52,11;70,0;68,86;24/09/2026 13:37;2781,0
52,1;70,0;68,83;24/09/2026 13:37;2782,0
52,09;70,0;68,81;24/09/2026 13:37;2783,0
52,08;70,0;68,8;24/09/2026 13:38;2784,0
52,05;70,0;68,79;24/09/2026 13:38;2785,0
52,04;70,0;68,78;24/09/2026 13:38;2786,0
52,03;70,0;68,73;24/09/2026 13:38;2787,0
52,0;70,0;68,73;24/09/2026 13:38;2788,0
51,98;70,0;68,71;24/09/2026 13:38;2789,0
51,97;70,0;68,69;24/09/2026 13:38;2790,0
51,96;70,0;68,68;24/09/2026 13:38;2791,0
51,92;70,0;68,66;24/09/2026 13:38;2792,0
51,93;70,0;68,62;24/09/2026 13:38;2793,0
51,9;70,0;68,61;24/09/2026 13:38;2794,0
51,89;70,0;68,6;24/09/2026 13:38;2795,0
51,87;70,0;68,59;24/09/2026 13:38;2796,0
51,85;70,0;68,57;24/09/2026 13:38;2797,0
51,84;70,0;68,52;24/09/2026 13:38;2798,0
51,84;70,0;68,51;24/09/2026 13:38;2799,0
51,82;70,0;68,49;24/09/2026 13:38;2800,0
51,79;70,0;68,47;24/09/2026 13:38;2801,0
51,79;70,0;68,45;24/09/2026 13:38;2802,0
51,77;70,0;68,45;24/09/2026 13:38;2803,0
51,74;70,0;68,46;24/09/2026 13:38;2804,0
51,74;70,0;68,41;24/09/2026 13:38;2805,0
51,71;70,0;68,37;24/09/2026 13:38;2806,0
51,7;70,0;68,35;24/09/2026 13:38;2807,0
51,68;70,0;68,34;24/09/2026 13:38;2808,0
51,66;70,0;68,31;24/09/2026 13:38;2809,0
51,66;70,0;68,31;24/09/2026 13:38;2810,0
51,64;70,0;68,29;24/09/2026 13:38;2811,0
51,63;70,0;68,25;24/09/2026 13:38;2812,0
51,63;70,0;68,3;24/09/2026 13:38;2813,0
51,62;70,0;68,44;24/09/2026 13:38;2814,0
51,62;70,0;68,57;24/09/2026 13:38;2815,0
51,63;60,0;68,75;24/09/2026 13:38;2816,0
51,62;60,0;69,61;24/09/2026 13:38;2817,0
51,59;60,0;69,75;24/09/2026 13:38;2818,0
51,59;60,0;69,89;24/09/2026 13:38;2819,0
51,6;60,0;69,97;24/09/2026 13:38;2820,0
51,6;60,0;70,06;24/09/2026 13:38;2821,0
51,62;60,0;70,13;24/09/2026 13:38;2822,0
51,62;60,0;70,16;24/09/2026 13:38;2823,0
51,63;60,0;70,23;24/09/2026 13:38;2824,0
51,65;60,0;70,29;24/09/2026 13:38;2825,0
51,65;60,0;70,33;24/09/2026 13:38;2826,0
51,69;60,0;70,38;24/09/2026 13:38;2827,0
51,71;60,0;70,43;24/09/2026 13:38;2828,0
51,73;60,0;70,49;24/09/2026 13:38;2829,0
51,74;60,0;70,53;24/09/2026 13:38;2830,0
51,77;60,0;70,57;24/09/2026 13:38;2831,0
51,79;60,0;70,6;24/09/2026 13:38;2832,0
51,81;60,0;70,65;24/09/2026 13:38;2833,0
51,82;60,0;70,63;24/09/2026 13:38;2834,0
51,85;60,0;70,6;24/09/2026 13:38;2835,0
51,87;60,0;70,62;24/09/2026 13:38;2836,0
51,87;60,0;70,59;24/09/2026 13:38;2837,0
51,88;60,0;70,56;24/09/2026 13:38;2838,0
51,9;60,0;70,53;24/09/2026 13:38;2839,0
51,9;60,0;70,48;24/09/2026 13:38;2840,0
51,9;60,0;70,44;24/09/2026 13:38;2841,0
51,91;60,0;70,41;24/09/2026 13:38;2842,0
51,9;60,0;70,36;24/09/2026 13:38;2843,0
51,89;60,0;70,35;24/09/2026 13:39;2844,0
51,88;60,0;70,28;24/09/2026 13:39;2845,0
51,88;60,0;70,26;24/09/2026 13:39;2846,0
51,86;60,0;70,21;24/09/2026 13:39;2847,0
51,85;60,0;70,18;24/09/2026 13:39;2848,0
51,84;60,0;70,13;24/09/2026 13:39;2849,0
51,82;60,0;70,1;24/09/2026 13:39;2850,0
51,81;60,0;70,05;24/09/2026 13:39;2851,0
51,79;60,0;70,01;24/09/2026 13:39;2852,0
51,79;60,0;69,96;24/09/2026 13:39;2853,0
51,77;60,0;69,92;24/09/2026 13:39;2854,0
51,75;60,0;69,89;24/09/2026 13:39;2855,0
51,71;60,0;69,84;24/09/2026 13:39;2856,0
51,71;60,0;69,86;24/09/2026 13:39;2857,0
51,69;60,0;69,77;24/09/2026 13:39;2858,0
51,68;60,0;69,72;24/09/2026 13:39;2859,0
51,65;60,0;69,67;24/09/2026 13:39;2860,0
51,62;60,0;69,66;24/09/2026 13:39;2861,0
51,6;60,0;69,62;24/09/2026 13:39;2862,0
51,6;60,0;69,62;24/09/2026 13:39;2863,0
51,56;60,0;69,54;24/09/2026 13:39;2864,0
51,54;60,0;69,52;24/09/2026 13:39;2865,0
51,54;60,0;69,52;24/09/2026 13:39;2866,0
51,51;60,0;69,48;24/09/2026 13:39;2867,0
51,48;60,0;69,45;24/09/2026 13:39;2868,0
51,48;60,0;69,45;24/09/2026 13:39;2869,0
51,43;60,0;69,41;24/09/2026 13:39;2870,0
51,42;60,0;69,37;24/09/2026 13:39;2871,0
51,4;60,0;69,34;24/09/2026 13:39;2872,0
51,36;60,0;69,31;24/09/2026 13:39;2873,0
51,35;60,0;69,29;24/09/2026 13:39;2874,0
51,33;60,0;69,28;24/09/2026 13:39;2875,0
51,3;60,0;69,24;24/09/2026 13:39;2876,0
51,29;60,0;69,23;24/09/2026 13:39;2877,0
51,26;60,0;69,2;24/09/2026 13:39;2878,0
51,25;60,0;69,19;24/09/2026 13:39;2879,0
51,22;60,0;69,17;24/09/2026 13:39;2880,0
51,21;60,0;69,15;24/09/2026 13:39;2881,0
51,19;60,0;69,12;24/09/2026 13:39;2882,0
51,17;60,0;69,1;24/09/2026 13:39;2883,0
51,16;60,0;69,1;24/09/2026 13:39;2884,0
51,13;60,0;69,07;24/09/2026 13:39;2885,0
51,12;60,0;69,04;24/09/2026 13:39;2886,0
51,1;60,0;69,03;24/09/2026 13:39;2887,0
51,08;60,0;69,01;24/09/2026 13:39;2888,0
51,06;60,0;68,99;24/09/2026 13:39;2889,0
51,05;60,0;68,99;24/09/2026 13:39;2890,0
51,02;60,0;68,97;24/09/2026 13:39;2891,0
51,02;60,0;68,94;24/09/2026 13:39;2892,0
51,01;60,0;68,92;24/09/2026 13:39;2893,0
50,98;60,0;68,91;24/09/2026 13:39;2894,0
50,96;60,0;68,89;24/09/2026 13:39;2895,0
50,93;60,0;68,87;24/09/2026 13:39;2896,0
50,91;60,0;68,86;24/09/2026 13:39;2897,0
50,91;60,0;68,82;24/09/2026 13:39;2898,0
50,9;60,0;68,8;24/09/2026 13:39;2899,0
50,88;60,0;68,78;24/09/2026 13:39;2900,0
50,87;60,0;68,78;24/09/2026 13:39;2901,0
50,85;60,0;68,75;24/09/2026 13:39;2902,0
50,83;60,0;68,73;24/09/2026 13:39;2903,0
50,82;60,0;68,71;24/09/2026 13:40;2904,0
50,8;60,0;68,68;24/09/2026 13:40;2905,0
50,79;60,0;68,66;24/09/2026 13:40;2906,0
50,76;60,0;68,63;24/09/2026 13:40;2907,0
50,76;60,0;68,69;24/09/2026 13:40;2908,0
50,74;60,0;68,61;24/09/2026 13:40;2909,0
50,71;60,0;68,58;24/09/2026 13:40;2910,0
50,69;60,0;68,56;24/09/2026 13:40;2911,0
50,69;60,0;68,54;24/09/2026 13:40;2912,0
50,65;60,0;68,59;24/09/2026 13:40;2913,0
50,66;60,0;68,51;24/09/2026 13:40;2914,0
50,62;60,0;68,51;24/09/2026 13:40;2915,0
50,63;60,0;68,6;24/09/2026 13:40;2916,0
50,61;60,0;68,75;24/09/2026 13:40;2917,0
50,65;60,0;68,91;24/09/2026 13:40;2918,0
50,66;60,0;69,09;24/09/2026 13:40;2919,0
50,68;60,0;69,27;24/09/2026 13:40;2920,0
50,7;60,0;69,45;24/09/2026 13:40;2921,0
50,76;60,0;69,6;24/09/2026 13:40;2922,0
50,81;60,0;69,75;24/09/2026 13:40;2923,0
50,83;60,0;69,86;24/09/2026 13:40;2924,0
50,9;60,0;69,94;24/09/2026 13:40;2925,0
50,94;60,0;70,0;24/09/2026 13:40;2926,0
51,02;60,0;70,07;24/09/2026 13:40;2927,0
51,06;60,0;70,14;24/09/2026 13:40;2928,0
51,09;60,0;70,21;24/09/2026 13:40;2929,0
51,15;60,0;70,26;24/09/2026 13:40;2930,0
51,15;60,0;70,26;24/09/2026 13:40;2931,0
51,26;60,0;70,36;24/09/2026 13:40;2932,0
51,29;60,0;70,41;24/09/2026 13:40;2933,0
51,29;60,0;70,41;24/09/2026 13:40;2934,0
51,33;60,0;70,47;24/09/2026 13:40;2935,0
51,35;60,0;70,49;24/09/2026 13:40;2936,0
51,4;60,0;70,5;24/09/2026 13:40;2937,0
51,45;60,0;70,53;24/09/2026 13:40;2938,0
51,48;60,0;70,53;24/09/2026 13:40;2939,0
51,52;60,0;70,49;24/09/2026 13:40;2940,0
51,56;60,0;70,49;24/09/2026 13:40;2941,0
51,57;60,0;70,47;24/09/2026 13:40;2942,0
51,58;60,0;70,43;24/09/2026 13:40;2943,0
51,59;60,0;70,41;24/09/2026 13:40;2944,0
51,63;60,0;70,37;24/09/2026 13:40;2945,0
51,63;60,0;70,33;24/09/2026 13:40;2946,0
51,64;60,0;70,29;24/09/2026 13:40;2947,0
51,64;60,0;70,32;24/09/2026 13:40;2948,0
51,64;60,0;70,23;24/09/2026 13:40;2949,0
51,64;60,0;70,2;24/09/2026 13:40;2950,0
51,66;60,0;70,15;24/09/2026 13:40;2951,0
51,64;60,0;70,12;24/09/2026 13:40;2952,0
51,64;60,0;70,1;24/09/2026 13:40;2953,0
51,63;60,0;70,06;24/09/2026 13:40;2954,0
51,65;60,0;70,01;24/09/2026 13:40;2955,0
51,63;60,0;69,97;24/09/2026 13:40;2956,0
51,62;60,0;69,95;24/09/2026 13:40;2957,0
51,6;60,0;69,91;24/09/2026 13:40;2958,0
51,6;60,0;69,87;24/09/2026 13:40;2959,0
51,59;60,0;69,83;24/09/2026 13:40;2960,0
51,57;60,0;69,79;24/09/2026 13:40;2961,0
51,55;60,0;69,76;24/09/2026 13:40;2962,0
51,53;60,0;69,71;24/09/2026 13:40;2963,0
51,52;60,0;69,67;24/09/2026 13:41;2964,0
51,51;60,0;69,64;24/09/2026 13:41;2965,0
51,46;60,0;69,61;24/09/2026 13:41;2966,0
51,47;60,0;69,58;24/09/2026 13:41;2967,0
51,46;60,0;69,55;24/09/2026 13:41;2968,0
51,42;60,0;69,5;24/09/2026 13:41;2969,0
51,42;60,0;69,48;24/09/2026 13:41;2970,0
51,4;60,0;69,43;24/09/2026 13:41;2971,0
51,37;60,0;69,39;24/09/2026 13:41;2972,0
51,34;60,0;69,37;24/09/2026 13:41;2973,0
51,33;60,0;69,34;24/09/2026 13:41;2974,0
51,3;60,0;69,31;24/09/2026 13:41;2975,0
51,3;60,0;69,3;24/09/2026 13:41;2976,0
51,28;60,0;69,27;24/09/2026 13:41;2977,0
51,25;60,0;69,25;24/09/2026 13:41;2978,0
51,23;60,0;69,23;24/09/2026 13:41;2979,0
51,22;60,0;69,19;24/09/2026 13:41;2980,0
51,19;60,0;69,19;24/09/2026 13:41;2981,0
51,18;60,0;69,17;24/09/2026 13:41;2982,0
51,16;60,0;69,14;24/09/2026 13:41;2983,0
51,13;60,0;69,12;24/09/2026 13:41;2984,0
51,13;60,0;69,1;24/09/2026 13:41;2985,0
51,12;60,0;69,08;24/09/2026 13:41;2986,0
51,1;60,0;69,06;24/09/2026 13:41;2987,0
51,08;60,0;69,04;24/09/2026 13:41;2988,0
51,08;60,0;69,04;24/09/2026 13:41;2989,0
51,06;60,0;69,02;24/09/2026 13:41;2990,0
51,06;60,0;69,0;24/09/2026 13:41;2991,0
51,02;60,0;69,0;24/09/2026 13:41;2992,0
51,02;60,0;68,99;24/09/2026 13:41;2993,0
51,0;60,0;68,96;24/09/2026 13:41;2994,0
50,99;60,0;68,94;24/09/2026 13:41;2995,0
50,98;50,01;68,93;24/09/2026 13:41;2996,0
50,9;50,01;69,9;24/09/2026 13:41;2997,0
50,81;50,01;69,84;24/09/2026 13:41;2998,0
50,72;50,01;69,75;24/09/2026 13:41;2999,0
50,66;50,01;69,69;24/09/2026 13:41;3000,0
50,6;50,01;69,62;24/09/2026 13:41;3001,0
50,51;50,01;69,54;24/09/2026 13:41;3002,0
50,43;50,01;69,5;24/09/2026 13:41;3003,0
50,35;50,01;69,4;24/09/2026 13:41;3004,0
50,3;50,01;69,34;24/09/2026 13:41;3005,0
50,22;50,01;69,29;24/09/2026 13:41;3006,0
50,17;50,01;69,27;24/09/2026 13:41;3007,0
50,12;50,01;69,31;24/09/2026 13:41;3008,0
50,06;50,01;69,23;24/09/2026 13:41;3009,0
49,99;50,01;69,18;24/09/2026 13:41;3010,0
49,95;50,01;69,14;24/09/2026 13:41;3011,0
49,92;50,01;69,13;24/09/2026 13:41;3012,0
49,88;50,01;69,09;24/09/2026 13:41;3013,0
49,82;50,01;69,07;24/09/2026 13:41;3014,0
49,78;50,01;69,04;24/09/2026 13:41;3015,0
49,74;50,01;68,99;24/09/2026 13:41;3016,0
49,71;50,01;68,98;24/09/2026 13:41;3017,0
49,66;50,01;68,94;24/09/2026 13:41;3018,0
49,62;50,01;69,07;24/09/2026 13:41;3019,0
49,59;50,01;69,13;24/09/2026 13:41;3020,0
49,56;50,01;69,29;24/09/2026 13:41;3021,0
49,57;50,01;69,46;24/09/2026 13:41;3022,0
49,58;50,01;69,63;24/09/2026 13:41;3023,0
49,59;50,01;69,81;24/09/2026 13:42;3024,0
49,61;50,01;69,98;24/09/2026 13:42;3025,0
49,64;50,01;70,14;24/09/2026 13:42;3026,0
49,66;50,01;70,26;24/09/2026 13:42;3027,0
49,69;50,01;70,36;24/09/2026 13:42;3028,0
49,72;50,01;70,44;24/09/2026 13:42;3029,0
49,75;50,01;70,5;24/09/2026 13:42;3030,0
49,78;50,01;70,57;24/09/2026 13:42;3031,0
49,83;50,01;70,63;24/09/2026 13:42;3032,0
49,86;50,01;70,67;24/09/2026 13:42;3033,0
49,89;50,01;70,72;24/09/2026 13:42;3034,0
49,91;50,01;70,78;24/09/2026 13:42;3035,0
49,96;50,01;70,81;24/09/2026 13:42;3036,0
49,99;50,01;70,85;24/09/2026 13:42;3037,0
50,0;50,01;70,9;24/09/2026 13:42;3038,0
50,04;50,01;70,91;24/09/2026 13:42;3039,0
50,07;50,01;70,93;24/09/2026 13:42;3040,0
50,1;50,01;70,91;24/09/2026 13:42;3041,0
50,12;50,01;70,93;24/09/2026 13:42;3042,0
50,14;50,01;70,87;24/09/2026 13:42;3043,0
50,14;50,01;70,84;24/09/2026 13:42;3044,0
50,17;50,01;70,8;24/09/2026 13:42;3045,0
50,18;50,01;70,76;24/09/2026 13:42;3046,0
50,19;50,01;70,74;24/09/2026 13:42;3047,0
50,18;50,01;70,7;24/09/2026 13:42;3048,0
50,18;50,01;70,7;24/09/2026 13:42;3049,0
50,19;50,01;70,67;24/09/2026 13:42;3050,0
50,19;50,01;70,65;24/09/2026 13:42;3051,0
50,18;50,01;70,59;24/09/2026 13:42;3052,0
50,18;50,01;70,54;24/09/2026 13:42;3053,0
50,19;50,01;70,56;24/09/2026 13:42;3054,0
50,18;50,01;70,48;24/09/2026 13:42;3055,0
50,18;50,01;70,44;24/09/2026 13:42;3056,0
50,16;50,01;70,41;24/09/2026 13:42;3057,0
50,14;50,01;70,36;24/09/2026 13:42;3058,0
50,14;50,01;70,32;24/09/2026 13:42;3059,0
50,13;50,01;70,27;24/09/2026 13:42;3060,0
50,11;50,01;70,24;24/09/2026 13:42;3061,0
50,1;50,01;70,2;24/09/2026 13:42;3062,0
50,1;50,01;70,15;24/09/2026 13:42;3063,0
50,07;50,01;70,12;24/09/2026 13:42;3064,0
50,05;50,01;70,07;24/09/2026 13:42;3065,0
50,04;50,01;70,02;24/09/2026 13:42;3066,0
50,02;50,01;70,01;24/09/2026 13:42;3067,0
49,99;50,01;69,97;24/09/2026 13:42;3068,0
49,97;50,01;69,93;24/09/2026 13:42;3069,0
49,97;50,01;69,87;24/09/2026 13:42;3070,0
49,94;50,01;69,86;24/09/2026 13:42;3071,0
49,93;50,01;69,82;24/09/2026 13:42;3072,0
49,91;50,01;69,81;24/09/2026 13:42;3073,0
49,88;50,01;69,77;24/09/2026 13:42;3074,0
49,88;50,01;69,73;24/09/2026 13:42;3075,0
49,85;50,01;69,71;24/09/2026 13:42;3076,0
49,84;50,01;69,7;24/09/2026 13:42;3077,0
49,8;50,01;69,66;24/09/2026 13:42;3078,0
49,79;50,01;69,62;24/09/2026 13:42;3079,0
49,77;50,01;69,61;24/09/2026 13:42;3080,0
49,75;50,01;69,59;24/09/2026 13:42;3081,0
49,74;50,01;69,55;24/09/2026 13:42;3082,0
49,72;50,01;69,55;24/09/2026 13:42;3083,0
49,7;50,01;69,53;24/09/2026 13:43;3084,0
49,68;50,01;69,52;24/09/2026 13:43;3085,0
49,66;50,01;69,48;24/09/2026 13:43;3086,0
49,66;50,01;69,45;24/09/2026 13:43;3087,0
49,63;50,01;69,44;24/09/2026 13:43;3088,0
49,6;50,01;69,43;24/09/2026 13:43;3089,0
49,58;50,01;69,41;24/09/2026 13:43;3090,0
49,58;50,01;69,38;24/09/2026 13:43;3091,0
49,57;50,01;69,35;24/09/2026 13:43;3092,0
49,53;50,01;69,33;24/09/2026 13:43;3093,0
49,53;50,01;69,33;24/09/2026 13:43;3094,0
49,51;50,01;69,31;24/09/2026 13:43;3095,0
49,49;50,01;69,29;24/09/2026 13:43;3096,0
49,47;50,01;69,27;24/09/2026 13:43;3097,0
49,45;50,01;69,27;24/09/2026 13:43;3098,0
49,42;50,01;69,24;24/09/2026 13:43;3099,0
49,44;50,01;69,22;24/09/2026 13:43;3100,0
49,42;50,01;69,3;24/09/2026 13:43;3101,0
49,41;50,01;69,19;24/09/2026 13:43;3102,0
49,4;50,01;69,18;24/09/2026 13:43;3103,0
49,38;50,01;69,14;24/09/2026 13:43;3104,0
49,36;50,01;69,13;24/09/2026 13:43;3105,0
49,35;50,01;69,12;24/09/2026 13:43;3106,0
49,33;50,01;69,1;24/09/2026 13:43;3107,0
49,31;50,01;69,08;24/09/2026 13:43;3108,0
49,29;50,01;69,06;24/09/2026 13:43;3109,0
49,29;50,01;69,06;24/09/2026 13:43;3110,0
49,29;50,01;69,02;24/09/2026 13:43;3111,0
49,27;50,01;69,01;24/09/2026 13:43;3112,0
49,25;50,01;68,98;24/09/2026 13:43;3113,0
49,24;50,01;68,98;24/09/2026 13:43;3114,0
49,22;50,01;68,96;24/09/2026 13:43;3115,0
49,2;50,01;68,94;24/09/2026 13:43;3116,0
49,2;50,01;68,91;24/09/2026 13:43;3117,0
49,17;50,01;68,87;24/09/2026 13:43;3118,0
49,14;50,01;68,84;24/09/2026 13:43;3119,0
49,13;50,01;68,84;24/09/2026 13:43;3120,0
49,13;50,01;68,82;24/09/2026 13:43;3121,0
49,11;50,01;68,84;24/09/2026 13:43;3122,0
49,1;50,01;68,96;24/09/2026 13:43;3123,0
49,08;50,01;69,12;24/09/2026 13:43;3124,0
49,1;50,01;69,34;24/09/2026 13:43;3125,0
49,13;50,01;69,46;24/09/2026 13:43;3126,0
49,14;50,01;69,64;24/09/2026 13:43;3127,0
49,17;50,01;69,82;24/09/2026 13:43;3128,0
49,22;50,01;69,98;24/09/2026 13:43;3129,0
49,26;50,01;70,13;24/09/2026 13:43;3130,0
49,3;50,01;70,24;24/09/2026 13:43;3131,0
49,34;50,01;70,29;24/09/2026 13:43;3132,0
49,39;50,01;70,38;24/09/2026 13:43;3133,0
49,45;50,01;70,48;24/09/2026 13:43;3134,0
49,5;50,01;70,52;24/09/2026 13:43;3135,0
49,53;50,01;70,57;24/09/2026 13:43;3136,0
49,57;50,01;70,64;24/09/2026 13:43;3137,0
49,62;50,01;70,68;24/09/2026 13:43;3138,0
49,66;50,01;70,75;24/09/2026 13:43;3139,0
49,71;50,01;70,78;24/09/2026 13:43;3140,0
49,74;50,01;70,81;24/09/2026 13:43;3141,0
49,78;50,01;70,84;24/09/2026 13:43;3142,0
49,81;50,01;70,86;24/09/2026 13:43;3143,0
49,85;50,01;70,88;24/09/2026 13:44;3144,0
49,86;50,01;70,87;24/09/2026 13:44;3145,0
49,91;50,01;70,86;24/09/2026 13:44;3146,0
49,94;50,01;70,8;24/09/2026 13:44;3147,0
49,96;50,01;70,78;24/09/2026 13:44;3148,0
49,98;50,01;70,76;24/09/2026 13:44;3149,0
50,0;50,01;70,73;24/09/2026 13:44;3150,0
50,0;50,01;70,7;24/09/2026 13:44;3151,0
50,01;50,01;70,66;24/09/2026 13:44;3152,0
50,02;50,01;70,62;24/09/2026 13:44;3153,0
50,04;50,01;70,58;24/09/2026 13:44;3154,0
50,02;50,01;70,53;24/09/2026 13:44;3155,0
50,03;50,01;70,47;24/09/2026 13:44;3156,0
50,04;50,01;70,46;24/09/2026 13:44;3157,0
50,02;50,01;70,41;24/09/2026 13:44;3158,0
50,02;50,01;70,39;24/09/2026 13:44;3159,0
50,02;50,01;70,37;24/09/2026 13:44;3160,0
50,01;50,01;70,33;24/09/2026 13:44;3161,0
50,0;50,01;70,28;24/09/2026 13:44;3162,0
50,0;50,01;70,26;24/09/2026 13:44;3163,0
49,99;50,01;70,21;24/09/2026 13:44;3164,0
49,97;50,01;70,15;24/09/2026 13:44;3165,0
49,96;50,01;70,12;24/09/2026 13:44;3166,0
49,96;50,01;70,1;24/09/2026 13:44;3167,0
49,94;50,01;70,05;24/09/2026 13:44;3168,0
49,94;50,01;70,05;24/09/2026 13:44;3169,0
49,93;50,01;70,02;24/09/2026 13:44;3170,0
49,92;50,01;69,98;24/09/2026 13:44;3171,0
49,89;50,01;69,95;24/09/2026 13:44;3172,0
49,91;50,01;69,92;24/09/2026 13:44;3173,0
49,88;50,01;69,87;24/09/2026 13:44;3174,0
49,86;50,01;69,85;24/09/2026 13:44;3175,0
49,85;40,0;69,81;24/09/2026 13:44;3176,0
49,74;40,0;71,32;24/09/2026 13:44;3177,0
49,64;40,0;71,22;24/09/2026 13:44;3178,0
49,52;40,0;71,15;24/09/2026 13:44;3179,0
49,41;40,0;71,07;24/09/2026 13:44;3180,0
49,31;40,0;71,01;24/09/2026 13:44;3181,0
49,22;40,0;70,93;24/09/2026 13:44;3182,0
49,13;40,0;70,86;24/09/2026 13:44;3183,0
49,05;40,0;70,79;24/09/2026 13:44;3184,0
48,97;40,0;70,72;24/09/2026 13:44;3185,0
48,88;40,0;70,65;24/09/2026 13:44;3186,0
48,8;40,0;70,58;24/09/2026 13:44;3187,0
48,72;40,0;70,53;24/09/2026 13:44;3188,0
48,66;40,0;70,46;24/09/2026 13:44;3189,0
48,59;40,0;70,38;24/09/2026 13:44;3190,0
48,52;40,0;70,34;24/09/2026 13:44;3191,0
48,44;40,0;70,28;24/09/2026 13:44;3192,0
48,37;40,0;70,24;24/09/2026 13:44;3193,0
48,31;40,0;70,18;24/09/2026 13:44;3194,0
48,26;40,0;70,15;24/09/2026 13:44;3195,0
48,2;40,0;70,12;24/09/2026 13:44;3196,0
48,14;40,0;70,06;24/09/2026 13:44;3197,0
48,09;40,0;70,05;24/09/2026 13:44;3198,0
48,03;40,0;70,01;24/09/2026 13:44;3199,0
47,98;40,0;70,0;24/09/2026 13:44;3200,0
47,93;40,0;69,96;24/09/2026 13:44;3201,0
47,89;40,0;69,93;24/09/2026 13:44;3202,0
47,84;40,0;69,92;24/09/2026 13:44;3203,0
47,79;40,0;69,87;24/09/2026 13:45;3204,0
47,76;40,0;69,85;24/09/2026 13:45;3205,0
47,7;40,0;69,85;24/09/2026 13:45;3206,0
47,65;40,0;69,81;24/09/2026 13:45;3207,0
47,61;40,0;69,77;24/09/2026 13:45;3208,0
47,59;40,0;69,76;24/09/2026 13:45;3209,0
47,55;40,0;69,73;24/09/2026 13:45;3210,0
47,51;40,0;69,72;24/09/2026 13:45;3211,0
47,47;40,0;69,69;24/09/2026 13:45;3212,0
47,45;40,0;69,66;24/09/2026 13:45;3213,0
47,41;40,0;69,64;24/09/2026 13:45;3214,0
47,38;40,0;69,62;24/09/2026 13:45;3215,0
47,34;40,0;69,6;24/09/2026 13:45;3216,0
47,31;40,0;69,58;24/09/2026 13:45;3217,0
47,28;40,0;69,55;24/09/2026 13:45;3218,0
47,23;40,0;69,52;24/09/2026 13:45;3219,0
47,2;40,0;69,51;24/09/2026 13:45;3220,0
47,17;40,0;69,48;24/09/2026 13:45;3221,0
47,15;40,0;69,48;24/09/2026 13:45;3222,0
47,13;40,0;69,42;24/09/2026 13:45;3223,0
47,08;40,0;69,39;24/09/2026 13:45;3224,0
47,07;40,0;69,42;24/09/2026 13:45;3225,0
47,04;40,0;69,52;24/09/2026 13:45;3226,0
47,02;40,0;69,69;24/09/2026 13:45;3227,0
47,03;40,0;69,87;24/09/2026 13:45;3228,0
47,03;40,0;69,87;24/09/2026 13:45;3229,0
47,03;40,0;70,26;24/09/2026 13:45;3230,0
47,03;40,0;70,26;24/09/2026 13:45;3231,0
47,04;40,0;70,47;24/09/2026 13:45;3232,0
47,07;40,0;70,63;24/09/2026 13:45;3233,0
47,1;40,0;70,79;24/09/2026 13:45;3234,0
47,14;40,0;70,87;24/09/2026 13:45;3235,0
47,17;40,0;70,95;24/09/2026 13:45;3236,0
47,2;40,0;71,03;24/09/2026 13:45;3237,0
47,24;40,0;71,06;24/09/2026 13:45;3238,0
47,26;40,0;71,15;24/09/2026 13:45;3239,0
47,29;40,0;71,19;24/09/2026 13:45;3240,0
47,32;40,0;71,26;24/09/2026 13:45;3241,0
47,35;40,0;71,31;24/09/2026 13:45;3242,0
47,37;40,0;71,36;24/09/2026 13:45;3243,0
47,41;40,0;71,39;24/09/2026 13:45;3244,0
47,44;40,0;71,42;24/09/2026 13:45;3245,0
47,47;40,0;71,43;24/09/2026 13:45;3246,0
47,48;40,0;71,46;24/09/2026 13:45;3247,0
47,52;40,0;71,47;24/09/2026 13:45;3248,0
47,54;40,0;71,45;24/09/2026 13:45;3249,0
47,56;40,0;71,45;24/09/2026 13:45;3250,0
47,57;40,0;71,39;24/09/2026 13:45;3251,0
47,6;40,0;71,36;24/09/2026 13:45;3252,0
47,6;40,0;71,3;24/09/2026 13:45;3253,0
47,61;40,0;71,27;24/09/2026 13:45;3254,0
47,62;40,0;71,24;24/09/2026 13:45;3255,0
47,62;40,0;71,19;24/09/2026 13:45;3256,0
47,62;40,0;71,15;24/09/2026 13:45;3257,0
47,62;40,0;71,1;24/09/2026 13:45;3258,0
47,62;40,0;71,05;24/09/2026 13:45;3259,0
47,62;40,0;71,03;24/09/2026 13:45;3260,0
47,62;40,0;70,98;24/09/2026 13:45;3261,0
47,62;40,0;70,95;24/09/2026 13:45;3262,0
47,61;40,0;70,91;24/09/2026 13:45;3263,0
47,61;40,0;70,86;24/09/2026 13:46;3264,0
47,6;40,0;70,81;24/09/2026 13:46;3265,0
47,59;40,0;70,79;24/09/2026 13:46;3266,0
47,59;40,0;70,76;24/09/2026 13:46;3267,0
47,58;40,0;70,73;24/09/2026 13:46;3268,0
47,56;40,0;70,68;24/09/2026 13:46;3269,0
47,54;40,0;70,64;24/09/2026 13:46;3270,0
47,53;40,0;70,59;24/09/2026 13:46;3271,0
47,52;40,0;70,54;24/09/2026 13:46;3272,0
47,52;40,0;70,5;24/09/2026 13:46;3273,0
47,5;40,0;70,44;24/09/2026 13:46;3274,0
47,48;40,0;70,42;24/09/2026 13:46;3275,0
47,46;40,0;70,39;24/09/2026 13:46;3276,0
47,45;40,0;70,36;24/09/2026 13:46;3277,0
47,43;40,0;70,33;24/09/2026 13:46;3278,0
47,4;40,0;70,29;24/09/2026 13:46;3279,0
47,39;40,0;70,27;24/09/2026 13:46;3280,0
47,37;40,0;70,24;24/09/2026 13:46;3281,0
47,37;40,0;70,2;24/09/2026 13:46;3282,0
47,34;40,0;70,18;24/09/2026 13:46;3283,0
47,32;40,0;70,15;24/09/2026 13:46;3284,0
47,3;40,0;70,14;24/09/2026 13:46;3285,0
47,3;40,0;70,14;24/09/2026 13:46;3286,0
47,29;40,0;70,1;24/09/2026 13:46;3287,0
47,28;40,0;70,1;24/09/2026 13:46;3288,0
47,25;40,0;70,06;24/09/2026 13:46;3289,0
47,23;40,0;70,04;24/09/2026 13:46;3290,0
47,22;40,0;70,02;24/09/2026 13:46;3291,0
47,22;40,0;70,01;24/09/2026 13:46;3292,0
47,19;40,0;69,98;24/09/2026 13:46;3293,0
47,17;40,0;69,96;24/09/2026 13:46;3294,0
47,15;40,0;69,98;24/09/2026 13:46;3295,0
47,13;40,0;69,93;24/09/2026 13:46;3296,0
47,14;40,0;69,91;24/09/2026 13:46;3297,0
47,1;40,0;69,91;24/09/2026 13:46;3298,0
47,09;40,0;69,87;24/09/2026 13:46;3299,0
47,09;40,0;69,86;24/09/2026 13:46;3300,0
47,06;40,0;69,85;24/09/2026 13:46;3301,0
47,05;40,0;69,83;24/09/2026 13:46;3302,0
47,04;40,0;69,79;24/09/2026 13:46;3303,0
47,02;40,0;69,8;24/09/2026 13:46;3304,0
47,0;40,0;69,77;24/09/2026 13:46;3305,0
47,0;40,0;69,75;24/09/2026 13:46;3306,0
46,99;40,0;69,72;24/09/2026 13:46;3307,0
46,96;40,0;69,71;24/09/2026 13:46;3308,0
46,95;40,0;69,67;24/09/2026 13:46;3309,0
46,93;40,0;69,66;24/09/2026 13:46;3310,0
46,92;40,0;69,66;24/09/2026 13:46;3311,0
46,91;40,0;69,62;24/09/2026 13:46;3312,0
46,89;40,0;69,62;24/09/2026 13:46;3313,0
46,88;40,0;69,58;24/09/2026 13:46;3314,0
46,87;40,0;69,58;24/09/2026 13:46;3315,0
46,86;40,0;69,56;24/09/2026 13:46;3316,0
46,84;40,0;69,52;24/09/2026 13:46;3317,0
46,82;40,0;69,52;24/09/2026 13:46;3318,0
46,8;40,0;69,5;24/09/2026 13:46;3319,0
46,8;40,0;69,49;24/09/2026 13:46;3320,0
46,76;40,0;69,46;24/09/2026 13:46;3321,0
46,76;40,0;69,43;24/09/2026 13:46;3322,0
46,75;40,0;69,42;24/09/2026 13:46;3323,0
46,73;40,0;69,39;24/09/2026 13:47;3324,0
46,7;40,0;69,37;24/09/2026 13:47;3325,0
46,7;40,0;69,34;24/09/2026 13:47;3326,0
46,68;40,0;69,32;24/09/2026 13:47;3327,0
46,68;40,0;69,32;24/09/2026 13:47;3328,0
46,65;40,0;69,41;24/09/2026 13:47;3329,0
46,65;40,0;69,56;24/09/2026 13:47;3330,0
46,66;40,0;69,73;24/09/2026 13:47;3331,0
46,67;40,0;69,94;24/09/2026 13:47;3332,0
46,69;40,0;70,13;24/09/2026 13:47;3333,0
46,7;40,0;70,38;24/09/2026 13:47;3334,0
46,75;40,0;70,56;24/09/2026 13:47;3335,0
46,78;40,0;70,66;24/09/2026 13:47;3336,0
46,8;40,0;70,78;24/09/2026 13:47;3337,0
46,87;40,0;70,93;24/09/2026 13:47;3338,0
46,91;40,0;70,96;24/09/2026 13:47;3339,0
46,93;40,0;70,99;24/09/2026 13:47;3340,0
46,98;40,0;71,05;24/09/2026 13:47;3341,0
47,02;40,0;71,11;24/09/2026 13:47;3342,0
47,06;40,0;71,18;24/09/2026 13:47;3343,0
47,09;40,0;71,22;24/09/2026 13:47;3344,0
47,13;40,0;71,28;24/09/2026 13:47;3345,0
47,17;40,0;71,35;24/09/2026 13:47;3346,0
47,17;40,0;71,35;24/09/2026 13:47;3347,0
47,22;40,0;71,39;24/09/2026 13:47;3348,0
47,25;40,0;71,41;24/09/2026 13:47;3349,0
47,28;40,0;71,43;24/09/2026 13:47;3350,0
47,31;40,0;71,43;24/09/2026 13:47;3351,0
47,32;40,0;71,43;24/09/2026 13:47;3352,0
47,37;40,0;71,42;24/09/2026 13:47;3353,0
47,39;40,0;71,39;24/09/2026 13:47;3354,0
47,42;40,0;71,36;24/09/2026 13:47;3355,0
47,43;30,0;71,31;24/09/2026 13:47;3356,0
47,34;30,0;72,94;24/09/2026 13:47;3357,0
47,15;30,0;72,83;24/09/2026 13:47;3358,0
46,96;30,0;72,75;24/09/2026 13:47;3359,0
46,82;30,0;72,64;24/09/2026 13:47;3360,0
46,71;30,0;72,57;24/09/2026 13:47;3361,0
46,55;30,0;72,5;24/09/2026 13:47;3362,0
46,42;30,0;72,42;24/09/2026 13:47;3363,0
46,31;30,0;72,36;24/09/2026 13:47;3364,0
46,19;30,0;72,29;24/09/2026 13:47;3365,0
46,07;30,0;72,22;24/09/2026 13:47;3366,0
45,99;30,0;72,15;24/09/2026 13:47;3367,0
45,86;30,0;72,1;24/09/2026 13:47;3368,0
45,76;30,0;72,03;24/09/2026 13:47;3369,0
45,67;30,0;71,98;24/09/2026 13:47;3370,0
45,59;30,0;71,91;24/09/2026 13:47;3371,0
45,51;30,0;71,86;24/09/2026 13:47;3372,0
45,42;30,0;71,79;24/09/2026 13:47;3373,0
45,33;30,0;71,76;24/09/2026 13:47;3374,0
45,26;30,0;71,69;24/09/2026 13:47;3375,0
45,18;30,0;71,71;24/09/2026 13:47;3376,0
45,11;30,0;71,66;24/09/2026 13:47;3377,0
45,03;30,0;71,56;24/09/2026 13:47;3378,0
44,95;30,0;71,51;24/09/2026 13:47;3379,0
44,88;30,0;71,47;24/09/2026 13:47;3380,0
44,82;30,0;71,41;24/09/2026 13:47;3381,0
44,76;30,0;71,39;24/09/2026 13:47;3382,0
44,71;30,0;71,37;24/09/2026 13:47;3383,0
44,63;30,0;71,37;24/09/2026 13:48;3384,0
44,56;30,0;71,31;24/09/2026 13:48;3385,0
44,5;30,0;71,26;24/09/2026 13:48;3386,0
44,45;30,0;71,24;24/09/2026 13:48;3387,0
44,41;30,0;71,19;24/09/2026 13:48;3388,0
44,36;30,0;71,18;24/09/2026 13:48;3389,0
44,3;30,0;71,15;24/09/2026 13:48;3390,0
44,24;30,0;71,12;24/09/2026 13:48;3391,0
44,19;30,0;71,17;24/09/2026 13:48;3392,0
44,14;30,0;71,08;24/09/2026 13:48;3393,0
44,1;30,0;71,07;24/09/2026 13:48;3394,0
44,05;30,0;71,03;24/09/2026 13:48;3395,0
44,0;30,0;71,01;24/09/2026 13:48;3396,0
43,97;30,0;71,04;24/09/2026 13:48;3397,0
43,91;30,0;70,96;24/09/2026 13:48;3398,0
43,87;30,0;70,95;24/09/2026 13:48;3399,0
43,83;30,0;70,91;24/09/2026 13:48;3400,0
43,8;30,0;70,88;24/09/2026 13:48;3401,0
43,76;30,0;70,85;24/09/2026 13:48;3402,0
43,71;30,0;70,84;24/09/2026 13:48;3403,0
43,67;30,0;70,83;24/09/2026 13:48;3404,0
43,64;30,0;70,8;24/09/2026 13:48;3405,0
43,61;30,0;70,77;24/09/2026 13:48;3406,0
43,58;30,0;70,76;24/09/2026 13:48;3407,0
43,54;30,0;70,74;24/09/2026 13:48;3408,0
43,5;30,0;70,73;24/09/2026 13:48;3409,0
43,47;30,0;70,69;24/09/2026 13:48;3410,0
43,47;30,0;70,69;24/09/2026 13:48;3411,0
43,44;30,0;70,68;24/09/2026 13:48;3412,0
43,4;30,0;70,65;24/09/2026 13:48;3413,0
43,38;30,0;70,65;24/09/2026 13:48;3414,0
43,34;30,0;70,62;24/09/2026 13:48;3415,0
43,31;30,0;70,58;24/09/2026 13:48;3416,0
43,28;30,0;70,57;24/09/2026 13:48;3417,0
43,25;30,0;70,54;24/09/2026 13:48;3418,0
43,22;30,0;70,53;24/09/2026 13:48;3419,0
43,2;30,0;70,49;24/09/2026 13:48;3420,0
43,16;30,0;70,47;24/09/2026 13:48;3421,0
43,13;30,0;70,45;24/09/2026 13:48;3422,0
43,11;30,0;70,44;24/09/2026 13:48;3423,0
43,08;30,0;70,41;24/09/2026 13:48;3424,0
43,05;30,0;70,38;24/09/2026 13:48;3425,0
43,04;30,0;70,36;24/09/2026 13:48;3426,0
43,0;30,0;70,35;24/09/2026 13:48;3427,0
42,98;30,0;70,37;24/09/2026 13:48;3428,0
42,96;30,0;70,35;24/09/2026 13:48;3429,0
42,92;30,0;70,33;24/09/2026 13:48;3430,0
42,91;30,0;70,26;24/09/2026 13:48;3431,0
42,88;30,0;70,25;24/09/2026 13:48;3432,0
42,85;30,0;70,24;24/09/2026 13:48;3433,0
42,83;30,0;70,34;24/09/2026 13:48;3434,0
42,81;30,0;70,53;24/09/2026 13:48;3435,0
42,81;30,0;70,73;24/09/2026 13:48;3436,0
42,81;30,0;70,95;24/09/2026 13:48;3437,0
42,81;30,0;71,16;24/09/2026 13:48;3438,0
42,81;30,0;71,36;24/09/2026 13:48;3439,0
42,83;30,0;71,53;24/09/2026 13:48;3440,0
42,86;30,0;71,68;24/09/2026 13:48;3441,0
42,89;30,0;71,78;24/09/2026 13:48;3442,0
42,91;30,0;71,87;24/09/2026 13:48;3443,0
42,92;30,0;71,9;24/09/2026 13:49;3444,0
42,95;30,0;71,99;24/09/2026 13:49;3445,0
42,98;30,0;72,04;24/09/2026 13:49;3446,0
43,0;30,0;72,12;24/09/2026 13:49;3447,0
43,02;30,0;72,18;24/09/2026 13:49;3448,0
43,05;30,0;72,2;24/09/2026 13:49;3449,0
43,07;30,0;72,25;24/09/2026 13:49;3450,0
43,09;30,0;72,3;24/09/2026 13:49;3451,0
43,12;30,0;72,34;24/09/2026 13:49;3452,0
43,14;30,0;72,35;24/09/2026 13:49;3453,0
43,16;30,0;72,4;24/09/2026 13:49;3454,0
43,17;30,0;72,41;24/09/2026 13:49;3455,0
43,2;30,0;72,38;24/09/2026 13:49;3456,0
43,21;30,0;72,36;24/09/2026 13:49;3457,0
43,22;30,0;72,32;24/09/2026 13:49;3458,0
43,22;30,0;72,32;24/09/2026 13:49;3459,0
43,24;30,0;72,29;24/09/2026 13:49;3460,0
43,26;30,0;72,22;24/09/2026 13:49;3461,0
43,27;30,0;72,19;24/09/2026 13:49;3462,0
43,27;30,0;72,13;24/09/2026 13:49;3463,0
43,27;30,0;72,09;24/09/2026 13:49;3464,0
43,28;30,0;72,03;24/09/2026 13:49;3465,0
43,29;30,0;72,0;24/09/2026 13:49;3466,0
43,28;30,0;71,95;24/09/2026 13:49;3467,0
43,28;30,0;71,9;24/09/2026 13:49;3468,0
43,27;30,0;71,88;24/09/2026 13:49;3469,0
43,29;30,0;71,83;24/09/2026 13:49;3470,0
43,27;30,0;71,78;24/09/2026 13:49;3471,0
43,27;30,0;71,74;24/09/2026 13:49;3472,0
43,25;30,0;71,7;24/09/2026 13:49;3473,0
43,26;30,0;71,66;24/09/2026 13:49;3474,0
43,25;30,0;71,62;24/09/2026 13:49;3475,0
43,24;30,0;71,58;24/09/2026 13:49;3476,0
43,24;30,0;71,55;24/09/2026 13:49;3477,0
43,23;30,0;71,49;24/09/2026 13:49;3478,0
43,22;30,0;71,46;24/09/2026 13:49;3479,0
43,21;30,0;71,42;24/09/2026 13:49;3480,0
43,19;30,0;71,38;24/09/2026 13:49;3481,0
43,19;30,0;71,33;24/09/2026 13:49;3482,0
43,17;30,0;71,3;24/09/2026 13:49;3483,0
43,16;30,0;71,26;24/09/2026 13:49;3484,0
43,15;30,0;71,24;24/09/2026 13:49;3485,0
43,13;30,0;71,22;24/09/2026 13:49;3486,0
43,11;30,0;71,18;24/09/2026 13:49;3487,0
43,11;30,0;71,15;24/09/2026 13:49;3488,0
43,09;30,0;71,12;24/09/2026 13:49;3489,0
43,08;30,0;71,09;24/09/2026 13:49;3490,0
43,06;30,0;71,06;24/09/2026 13:49;3491,0
43,06;30,0;71,03;24/09/2026 13:49;3492,0
43,04;30,0;71,01;24/09/2026 13:49;3493,0
43,03;30,0;70,98;24/09/2026 13:49;3494,0
43,02;30,0;70,96;24/09/2026 13:49;3495,0
43,0;30,0;70,95;24/09/2026 13:49;3496,0
42,98;30,0;70,91;24/09/2026 13:49;3497,0
42,98;30,0;70,9;24/09/2026 13:49;3498,0
42,96;30,0;70,87;24/09/2026 13:49;3499,0
42,95;30,0;70,86;24/09/2026 13:49;3500,0
42,94;30,0;70,86;24/09/2026 13:49;3501,0
42,91;30,0;70,8;24/09/2026 13:49;3502,0
42,91;30,0;70,79;24/09/2026 13:49;3503,0
42,89;30,0;70,77;24/09/2026 13:50;3504,0
42,88;30,0;70,76;24/09/2026 13:50;3505,0
42,87;30,0;70,73;24/09/2026 13:50;3506,0
42,86;30,0;70,72;24/09/2026 13:50;3507,0
42,82;30,0;70,69;24/09/2026 13:50;3508,0
42,81;30,0;70,68;24/09/2026 13:50;3509,0
42,81;30,0;70,67;24/09/2026 13:50;3510,0
42,81;30,0;70,67;24/09/2026 13:50;3511,0
42,77;30,0;70,68;24/09/2026 13:50;3512,0
42,78;30,0;70,64;24/09/2026 13:50;3513,0
42,76;30,0;70,59;24/09/2026 13:50;3514,0
42,75;30,0;70,59;24/09/2026 13:50;3515,0
42,74;30,0;70,64;24/09/2026 13:50;3516,0
42,73;30,0;70,6;24/09/2026 13:50;3517,0
42,72;30,0;70,56;24/09/2026 13:50;3518,0
42,7;30,0;70,53;24/09/2026 13:50;3519,0
42,69;30,0;70,48;24/09/2026 13:50;3520,0
42,67;30,0;70,48;24/09/2026 13:50;3521,0
42,67;30,0;70,48;24/09/2026 13:50;3522,0
42,66;30,0;70,45;24/09/2026 13:50;3523,0
42,65;30,0;70,44;24/09/2026 13:50;3524,0
42,64;30,0;70,43;24/09/2026 13:50;3525,0
42,61;30,0;70,41;24/09/2026 13:50;3526,0
42,62;30,0;70,39;24/09/2026 13:50;3527,0
42,58;30,0;70,35;24/09/2026 13:50;3528,0
42,58;30,0;70,35;24/09/2026 13:50;3529,0
42,58;30,0;70,31;24/09/2026 13:50;3530,0
42,55;30,0;70,29;24/09/2026 13:50;3531,0
42,55;30,0;70,29;24/09/2026 13:50;3532,0
42,54;30,0;70,26;24/09/2026 13:50;3533,0
42,52;30,0;70,23;24/09/2026 13:50;3534,0
42,51;30,0;70,22;24/09/2026 13:50;3535,0
42,48;20,01;70,18;24/09/2026 13:50;3536,0
42,26;20,01;73,07;24/09/2026 13:50;3537,0
42,01;20,01;72,98;24/09/2026 13:50;3538,0
41,75;20,01;73,06;24/09/2026 13:50;3539,0
41,5;20,01;73,18;24/09/2026 13:50;3540,0
41,31;20,01;73,24;24/09/2026 13:50;3541,0
41,12;20,01;73,36;24/09/2026 13:50;3542,0
40,95;20,01;73,39;24/09/2026 13:50;3543,0
40,78;20,01;73,49;24/09/2026 13:50;3544,0
40,63;20,01;73,58;24/09/2026 13:50;3545,0
40,45;20,01;73,66;24/09/2026 13:50;3546,0
40,31;20,01;73,73;24/09/2026 13:50;3547,0
40,18;20,01;73,79;24/09/2026 13:50;3548,0
40,08;20,01;73,85;24/09/2026 13:50;3549,0
39,94;20,01;73,92;24/09/2026 13:50;3550,0
39,83;20,01;73,98;24/09/2026 13:50;3551,0
39,71;20,01;74,05;24/09/2026 13:50;3552,0
39,6;20,01;74,12;24/09/2026 13:50;3553,0
39,51;20,01;74,25;24/09/2026 13:50;3554,0
39,41;20,01;74,28;24/09/2026 13:50;3555,0
39,32;20,01;74,36;24/09/2026 13:50;3556,0
39,26;20,01;74,42;24/09/2026 13:50;3557,0
39,16;20,01;74,5;24/09/2026 13:50;3558,0
39,08;20,01;74,53;24/09/2026 13:50;3559,0
39,01;20,01;74,51;24/09/2026 13:50;3560,0
38,94;20,01;74,46;24/09/2026 13:50;3561,0
38,86;20,01;74,43;24/09/2026 13:50;3562,0
38,8;20,01;74,38;24/09/2026 13:50;3563,0
38,74;20,01;74,31;24/09/2026 13:51;3564,0
38,67;20,01;74,25;24/09/2026 13:51;3565,0
38,57;20,01;74,17;24/09/2026 13:51;3566,0
38,53;20,01;74,1;24/09/2026 13:51;3567,0
38,46;20,01;74,02;24/09/2026 13:51;3568,0
38,38;20,01;73,97;24/09/2026 13:51;3569,0
38,32;20,01;73,9;24/09/2026 13:51;3570,0
38,25;20,01;73,86;24/09/2026 13:51;3571,0
38,19;20,01;73,82;24/09/2026 13:51;3572,0
38,1;20,01;73,76;24/09/2026 13:51;3573,0
38,07;20,01;73,69;24/09/2026 13:51;3574,0
38,0;20,01;73,64;24/09/2026 13:51;3575,0
38,0;20,01;73,64;24/09/2026 13:51;3576,0
37,96;20,01;73,57;24/09/2026 13:51;3577,0
37,8;20,01;73,48;24/09/2026 13:51;3578,0
37,74;20,01;73,43;24/09/2026 13:51;3579,0
37,7;20,01;73,43;24/09/2026 13:51;3580,0
37,7;20,01;73,43;24/09/2026 13:51;3581,0
37,62;20,01;73,35;24/09/2026 13:51;3582,0
37,57;20,01;73,33;24/09/2026 13:51;3583,0
37,52;20,01;73,28;24/09/2026 13:51;3584,0
37,46;20,01;73,22;24/09/2026 13:51;3585,0
37,41;20,01;73,16;24/09/2026 13:51;3586,0
37,36;20,01;73,12;24/09/2026 13:51;3587,0
37,3;20,01;73,06;24/09/2026 13:51;3588,0
37,24;20,01;73,02;24/09/2026 13:51;3589,0
37,19;20,01;72,99;24/09/2026 13:51;3590,0
37,14;20,01;72,96;24/09/2026 13:51;3591,0
37,09;20,01;72,92;24/09/2026 13:51;3592,0
37,03;20,01;72,87;24/09/2026 13:51;3593,0
37,0;20,01;72,84;24/09/2026 13:51;3594,0
36,94;20,01;72,81;24/09/2026 13:51;3595,0
36,89;20,01;72,77;24/09/2026 13:51;3596,0
36,84;20,01;72,75;24/09/2026 13:51;3597,0
36,81;20,01;72,72;24/09/2026 13:51;3598,0
36,75;20,01;72,68;24/09/2026 13:51;3599,0
36,7;20,01;72,66;24/09/2026 13:51;3600,0
36,66;20,01;72,62;24/09/2026 13:51;3601,0
36,62;20,01;72,6;24/09/2026 13:51;3602,0
36,58;20,01;72,56;24/09/2026 13:51;3603,0
36,53;20,01;72,55;24/09/2026 13:51;3604,0
36,5;20,01;72,53;24/09/2026 13:51;3605,0
36,46;20,01;72,51;24/09/2026 13:51;3606,0
36,41;20,01;72,47;24/09/2026 13:51;3607,0
36,38;20,01;72,45;24/09/2026 13:51;3608,0
36,33;20,01;72,44;24/09/2026 13:51;3609,0
36,3;20,01;72,42;24/09/2026 13:51;3610,0
36,26;20,01;72,4;24/09/2026 13:51;3611,0
36,23;20,01;72,41;24/09/2026 13:51;3612,0
36,2;20,01;72,34;24/09/2026 13:51;3613,0
36,17;20,01;72,33;24/09/2026 13:51;3614,0
36,12;20,01;72,31;24/09/2026 13:51;3615,0
36,08;20,01;72,28;24/09/2026 13:51;3616,0
36,05;20,01;72,25;24/09/2026 13:51;3617,0
36,02;20,01;72,28;24/09/2026 13:51;3618,0
35,98;20,01;72,22;24/09/2026 13:51;3619,0
35,96;20,01;72,19;24/09/2026 13:51;3620,0
35,92;20,01;72,16;24/09/2026 13:51;3621,0
35,89;20,01;72,15;24/09/2026 13:51;3622,0
35,86;20,01;72,12;24/09/2026 13:51;3623,0
35,81;20,01;72,1;24/09/2026 13:52;3624,0
35,8;20,01;72,1;24/09/2026 13:52;3625,0
35,76;20,01;72,09;24/09/2026 13:52;3626,0
35,74;20,01;72,05;24/09/2026 13:52;3627,0
35,7;20,01;72,03;24/09/2026 13:52;3628,0
35,68;20,01;71,99;24/09/2026 13:52;3629,0
35,65;20,01;71,98;24/09/2026 13:52;3630,0
35,62;20,01;71,94;24/09/2026 13:52;3631,0
35,61;20,01;71,92;24/09/2026 13:52;3632,0
35,57;20,01;71,9;24/09/2026 13:52;3633,0
35,55;20,01;71,88;24/09/2026 13:52;3634,0
35,51;20,01;71,86;24/09/2026 13:52;3635,0
35,49;20,01;71,87;24/09/2026 13:52;3636,0
35,46;20,01;71,84;24/09/2026 13:52;3637,0
35,44;20,01;71,8;24/09/2026 13:52;3638,0
35,42;20,01;71,78;24/09/2026 13:52;3639,0
35,39;20,01;71,8;24/09/2026 13:52;3640,0
35,37;20,01;71,73;24/09/2026 13:52;3641,0
35,34;20,01;71,71;24/09/2026 13:52;3642,0
35,31;20,01;71,69;24/09/2026 13:52;3643,0
35,28;20,01;71,66;24/09/2026 13:52;3644,0
35,28;20,01;71,66;24/09/2026 13:52;3645,0
35,26;20,01;71,7;24/09/2026 13:52;3646,0
35,24;20,01;71,83;24/09/2026 13:52;3647,0
35,23;20,01;72,04;24/09/2026 13:52;3648,0
35,21;20,01;72,25;24/09/2026 13:52;3649,0
35,21;20,01;72,54;24/09/2026 13:52;3650,0
35,21;20,01;72,76;24/09/2026 13:52;3651,0
35,21;20,01;72,99;24/09/2026 13:52;3652,0
35,23;20,01;73,19;24/09/2026 13:52;3653,0
35,23;20,01;73,27;24/09/2026 13:52;3654,0
35,24;20,01;73,36;24/09/2026 13:52;3655,0
35,25;20,01;73,45;24/09/2026 13:52;3656,0
35,25;20,01;73,54;24/09/2026 13:52;3657,0
35,27;20,01;73,63;24/09/2026 13:52;3658,0
35,29;20,01;73,68;24/09/2026 13:52;3659,0
35,29;20,01;73,76;24/09/2026 13:52;3660,0
35,31;20,01;73,87;24/09/2026 13:52;3661,0
35,31;20,01;73,91;24/09/2026 13:52;3662,0
35,34;20,01;73,99;24/09/2026 13:52;3663,0
35,35;20,01;74,1;24/09/2026 13:52;3664,0
35,36;20,01;74,17;24/09/2026 13:52;3665,0
35,39;20,01;74,2;24/09/2026 13:52;3666,0
35,4;20,01;74,21;24/09/2026 13:52;3667,0
35,42;20,01;74,21;24/09/2026 13:52;3668,0
35,44;20,01;74,2;24/09/2026 13:52;3669,0
35,45;20,01;74,17;24/09/2026 13:52;3670,0
35,45;20,01;74,1;24/09/2026 13:52;3671,0
35,46;20,01;74,04;24/09/2026 13:52;3672,0
35,48;20,01;73,99;24/09/2026 13:52;3673,0
35,48;20,01;73,92;24/09/2026 13:52;3674,0
35,48;20,01;73,87;24/09/2026 13:52;3675,0
35,48;20,01;73,81;24/09/2026 13:52;3676,0
35,49;20,01;73,74;24/09/2026 13:52;3677,0
35,5;20,01;73,73;24/09/2026 13:52;3678,0
35,5;20,01;73,65;24/09/2026 13:52;3679,0
35,5;20,01;73,6;24/09/2026 13:52;3680,0
35,49;20,01;73,57;24/09/2026 13:52;3681,0
35,48;20,01;73,51;24/09/2026 13:52;3682,0
35,48;20,01;73,47;24/09/2026 13:52;3683,0
35,48;20,01;73,42;24/09/2026 13:53;3684,0
35,48;20,01;73,37;24/09/2026 13:53;3685,0
35,48;20,01;73,32;24/09/2026 13:53;3686,0
35,46;20,01;73,27;24/09/2026 13:53;3687,0
35,46;20,01;73,21;24/09/2026 13:53;3688,0
35,45;20,01;73,17;24/09/2026 13:53;3689,0
35,45;20,01;73,14;24/09/2026 13:53;3690,0
35,45;20,01;73,08;24/09/2026 13:53;3691,0
35,43;20,01;73,05;24/09/2026 13:53;3692,0
35,42;20,01;73,01;24/09/2026 13:53;3693,0
35,42;20,01;72,95;24/09/2026 13:53;3694,0
35,41;20,01;72,92;24/09/2026 13:53;3695,0
35,4;20,01;72,88;24/09/2026 13:53;3696,0
35,39;20,01;72,84;24/09/2026 13:53;3697,0
35,37;20,01;72,81;24/09/2026 13:53;3698,0
35,36;20,01;72,77;24/09/2026 13:53;3699,0
35,36;20,01;72,77;24/09/2026 13:53;3700,0
35,35;20,01;72,73;24/09/2026 13:53;3701,0
35,34;20,01;72,71;24/09/2026 13:53;3702,0
35,33;20,01;72,66;24/09/2026 13:53;3703,0
35,32;20,01;72,67;24/09/2026 13:53;3704,0
35,31;20,01;72,62;24/09/2026 13:53;3705,0
35,3;20,01;72,57;24/09/2026 13:53;3706,0
35,29;20,01;72,55;24/09/2026 13:53;3707,0
35,28;20,01;72,53;24/09/2026 13:53;3708,0
35,27;20,01;72,5;24/09/2026 13:53;3709,0
35,26;20,01;72,49;24/09/2026 13:53;3710,0
35,23;20,01;72,45;24/09/2026 13:53;3711,0
35,23;20,01;72,43;24/09/2026 13:53;3712,0
35,22;20,01;72,42;24/09/2026 13:53;3713,0
35,21;20,01;72,39;24/09/2026 13:53;3714,0
35,2;20,01;72,36;24/09/2026 13:53;3715,0
35,18;10,0;72,34;24/09/2026 13:53;3716,0
34,95;10,0;76,44;24/09/2026 13:53;3717,0
34,54;10,0;76,36;24/09/2026 13:53;3718,0
34,2;10,0;76,28;24/09/2026 13:53;3719,0
33,86;10,0;76,22;24/09/2026 13:53;3720,0
33,55;10,0;76,14;24/09/2026 13:53;3721,0
33,25;10,0;76,05;24/09/2026 13:53;3722,0
33,0;10,0;75,98;24/09/2026 13:53;3723,0
32,72;10,0;75,91;24/09/2026 13:53;3724,0
32,46;10,0;75,85;24/09/2026 13:53;3725,0
32,21;10,0;75,77;24/09/2026 13:53;3726,0
32,03;10,0;75,7;24/09/2026 13:53;3727,0
31,73;10,0;75,64;24/09/2026 13:53;3728,0
31,53;10,0;75,57;24/09/2026 13:53;3729,0
31,3;10,0;75,52;24/09/2026 13:53;3730,0
31,09;10,0;75,45;24/09/2026 13:53;3731,0
30,89;10,0;75,4;24/09/2026 13:53;3732,0
30,69;10,0;75,32;24/09/2026 13:53;3733,0
30,51;10,0;75,27;24/09/2026 13:53;3734,0
30,34;10,0;75,22;24/09/2026 13:53;3735,0
30,15;10,0;75,16;24/09/2026 13:53;3736,0
29,96;10,0;75,1;24/09/2026 13:53;3737,0
29,78;10,0;75,04;24/09/2026 13:53;3738,0
29,64;10,0;74,99;24/09/2026 13:53;3739,0
29,45;10,0;74,95;24/09/2026 13:53;3740,0
29,28;10,0;74,9;24/09/2026 13:53;3741,0
29,16;10,0;74,85;24/09/2026 13:53;3742,0
28,96;10,0;74,8;24/09/2026 13:53;3743,0
28,81;10,0;74,75;24/09/2026 13:54;3744,0
28,67;10,0;74,71;24/09/2026 13:54;3745,0
28,55;10,0;74,67;24/09/2026 13:54;3746,0
28,41;10,0;74,62;24/09/2026 13:54;3747,0
28,23;10,0;74,59;24/09/2026 13:54;3748,0
28,12;10,0;74,56;24/09/2026 13:54;3749,0
28,01;10,0;74,51;24/09/2026 13:54;3750,0
27,83;10,0;74,47;24/09/2026 13:54;3751,0
27,69;10,0;74,43;24/09/2026 13:54;3752,0
27,57;10,0;74,39;24/09/2026 13:54;3753,0
27,43;10,0;74,49;24/09/2026 13:54;3754,0
27,32;10,0;74,69;24/09/2026 13:54;3755,0
27,2;10,0;74,92;24/09/2026 13:54;3756,0
27,1;10,0;75,15;24/09/2026 13:54;3757,0
27,0;10,0;75,43;24/09/2026 13:54;3758,0
26,89;10,0;75,67;24/09/2026 13:54;3759,0
26,8;10,0;75,94;24/09/2026 13:54;3760,0
26,8;10,0;75,94;24/09/2026 13:54;3761,0
26,72;10,0;76,13;24/09/2026 13:54;3762,0
26,62;10,0;76,29;24/09/2026 13:54;3763,0
26,53;10,0;76,44;24/09/2026 13:54;3764,0
26,47;10,0;76,5;24/09/2026 13:54;3765,0
26,37;10,0;76,62;24/09/2026 13:54;3766,0
26,29;10,0;76,72;24/09/2026 13:54;3767,0
26,21;10,0;76,83;24/09/2026 13:54;3768,0
26,16;10,0;76,91;24/09/2026 13:54;3769,0
26,08;10,0;77,0;24/09/2026 13:54;3770,0
26,0;10,0;77,07;24/09/2026 13:54;3771,0
25,94;10,0;77,16;24/09/2026 13:54;3772,0
25,88;10,0;77,21;24/09/2026 13:54;3773,0
25,81;10,0;77,24;24/09/2026 13:54;3774,0
25,75;10,0;77,27;24/09/2026 13:54;3775,0
25,69;10,0;77,27;24/09/2026 13:54;3776,0
25,63;10,0;77,24;24/09/2026 13:54;3777,0
25,56;10,0;77,22;24/09/2026 13:54;3778,0
25,51;10,0;77,18;24/09/2026 13:54;3779,0
25,44;10,0;77,1;24/09/2026 13:54;3780,0
25,38;10,0;77,02;24/09/2026 13:54;3781,0
25,33;10,0;76,96;24/09/2026 13:54;3782,0
25,27;10,0;76,9;24/09/2026 13:54;3783,0
25,21;10,0;76,86;24/09/2026 13:54;3784,0
25,14;10,0;76,8;24/09/2026 13:54;3785,0
25,1;10,0;76,75;24/09/2026 13:54;3786,0
25,05;10,0;76,67;24/09/2026 13:54;3787,0
24,98;10,0;76,62;24/09/2026 13:54;3788,0
24,94;10,0;76,57;24/09/2026 13:54;3789,0
24,87;10,0;76,53;24/09/2026 13:54;3790,0
24,83;10,0;76,48;24/09/2026 13:54;3791,0
24,76;10,0;76,44;24/09/2026 13:54;3792,0
24,72;10,0;76,38;24/09/2026 13:54;3793,0
24,66;10,0;76,34;24/09/2026 13:54;3794,0
24,61;10,0;76,29;24/09/2026 13:54;3795,0
24,56;10,0;76,26;24/09/2026 13:54;3796,0
24,51;10,0;76,23;24/09/2026 13:54;3797,0
24,46;10,0;76,18;24/09/2026 13:54;3798,0
24,42;10,0;76,14;24/09/2026 13:54;3799,0
24,37;10,0;76,1;24/09/2026 13:54;3800,0
24,32;10,0;76,06;24/09/2026 13:54;3801,0
24,28;10,0;76,03;24/09/2026 13:54;3802,0
24,25;10,0;75,99;24/09/2026 13:54;3803,0
24,19;10,0;75,95;24/09/2026 13:55;3804,0
24,15;10,0;75,93;24/09/2026 13:55;3805,0
24,1;10,0;75,88;24/09/2026 13:55;3806,0
24,06;10,0;75,86;24/09/2026 13:55;3807,0
24,0;10,0;75,83;24/09/2026 13:55;3808,0
23,96;10,0;75,82;24/09/2026 13:55;3809,0
23,92;10,0;75,77;24/09/2026 13:55;3810,0
23,89;10,0;75,76;24/09/2026 13:55;3811,0
23,84;10,0;75,71;24/09/2026 13:55;3812,0
23,81;10,0;75,67;24/09/2026 13:55;3813,0
23,77;10,0;75,65;24/09/2026 13:55;3814,0
23,74;10,0;75,62;24/09/2026 13:55;3815,0
23,69;10,0;75,58;24/09/2026 13:55;3816,0
23,65;10,0;75,56;24/09/2026 13:55;3817,0
23,62;10,0;75,54;24/09/2026 13:55;3818,0
23,57;10,0;75,51;24/09/2026 13:55;3819,0
23,55;10,0;75,48;24/09/2026 13:55;3820,0
23,51;10,0;75,45;24/09/2026 13:55;3821,0
23,47;10,0;75,42;24/09/2026 13:55;3822,0
23,44;10,0;75,4;24/09/2026 13:55;3823,0
23,41;10,0;75,36;24/09/2026 13:55;3824,0
23,41;10,0;75,36;24/09/2026 13:55;3825,0
23,37;10,0;75,33;24/09/2026 13:55;3826,0
23,34;10,0;75,32;24/09/2026 13:55;3827,0
23,31;10,0;75,29;24/09/2026 13:55;3828,0
23,27;10,0;75,25;24/09/2026 13:55;3829,0
23,24;10,0;75,23;24/09/2026 13:55;3830,0
23,21;10,0;75,2;24/09/2026 13:55;3831,0
23,19;10,0;75,16;24/09/2026 13:55;3832,0
23,15;10,0;75,14;24/09/2026 13:55;3833,0
23,12;10,0;75,12;24/09/2026 13:55;3834,0
23,09;10,0;75,09;24/09/2026 13:55;3835,0
23,06;10,0;75,04;24/09/2026 13:55;3836,0
23,03;10,0;75,03;24/09/2026 13:55;3837,0
23,01;10,0;75,0;24/09/2026 13:55;3838,0
22,98;10,0;74,99;24/09/2026 13:55;3839,0
22,94;10,0;74,94;24/09/2026 13:55;3840,0
22,91;10,0;74,92;24/09/2026 13:55;3841,0
22,89;10,0;74,89;24/09/2026 13:55;3842,0
22,86;10,0;74,85;24/09/2026 13:55;3843,0
22,84;10,0;74,82;24/09/2026 13:55;3844,0
22,8;10,0;74,8;24/09/2026 13:55;3845,0
22,77;10,0;74,8;24/09/2026 13:55;3846,0
22,76;10,0;74,73;24/09/2026 13:55;3847,0
22,73;10,0;74,71;24/09/2026 13:55;3848,0
22,7;10,0;74,69;24/09/2026 13:55;3849,0
22,68;10,0;74,64;24/09/2026 13:55;3850,0
22,65;10,0;74,62;24/09/2026 13:55;3851,0
22,63;10,0;74,6;24/09/2026 13:55;3852,0
22,6;10,0;74,57;24/09/2026 13:55;3853,0
22,59;10,0;74,53;24/09/2026 13:55;3854,0
22,57;10,0;74,49;24/09/2026 13:55;3855,0
22,54;10,0;74,47;24/09/2026 13:55;3856,0
22,51;10,0;74,44;24/09/2026 13:55;3857,0
22,49;10,0;74,4;24/09/2026 13:55;3858,0
22,46;10,0;74,37;24/09/2026 13:55;3859,0
22,44;10,0;74,34;24/09/2026 13:55;3860,0
22,41;10,0;74,31;24/09/2026 13:55;3861,0
22,39;10,0;74,28;24/09/2026 13:55;3862,0
22,37;10,0;74,26;24/09/2026 13:55;3863,0
22,35;10,0;74,22;24/09/2026 13:56;3864,0
22,33;10,0;74,37;24/09/2026 13:56;3865,0
22,31;10,0;74,56;24/09/2026 13:56;3866,0
22,29;10,0;74,79;24/09/2026 13:56;3867,0
22,29;10,0;75,06;24/09/2026 13:56;3868,0
22,27;10,0;75,32;24/09/2026 13:56;3869,0
22,27;10,0;75,58;24/09/2026 13:56;3870,0
22,26;10,0;75,78;24/09/2026 13:56;3871,0
22,26;10,0;75,96;24/09/2026 13:56;3872,0
22,26;10,0;76,1;24/09/2026 13:56;3873,0
22,26;10,0;76,24;24/09/2026 13:56;3874,0
22,26;10,0;76,38;24/09/2026 13:56;3875,0
22,26;10,0;76,5;24/09/2026 13:56;3876,0
22,26;10,0;76,58;24/09/2026 13:56;3877,0
22,26;10,0;76,69;24/09/2026 13:56;3878,0
22,26;10,0;76,78;24/09/2026 13:56;3879,0
22,26;10,0;76,78;24/09/2026 13:56;3880,0
22,26;10,0;76,87;24/09/2026 13:56;3881,0
22,27;10,0;76,95;24/09/2026 13:56;3882,0
22,27;10,0;77,02;24/09/2026 13:56;3883,0
22,29;10,0;77,09;24/09/2026 13:56;3884,0
22,29;10,0;77,13;24/09/2026 13:56;3885,0
22,3;10,0;77,16;24/09/2026 13:56;3886,0
22,3;10,0;77,16;24/09/2026 13:56;3887,0
22,31;10,0;77,12;24/09/2026 13:56;3888,0
22,31;10,0;77,11;24/09/2026 13:56;3889,0
22,32;10,0;77,07;24/09/2026 13:56;3890,0
22,32;10,0;77,01;24/09/2026 13:56;3891,0
22,32;10,0;76,95;24/09/2026 13:56;3892,0
22,32;10,0;76,88;24/09/2026 13:56;3893,0
22,32;10,0;76,83;24/09/2026 13:56;3894,0
22,32;10,0;76,77;24/09/2026 13:56;3895,0
22,32;0,0;76,71;24/09/2026 13:56;3896,0
22,05;0,0;80,6;24/09/2026 13:56;3897,0
21,57;0,0;80,49;24/09/2026 13:56;3898,0
21,18;0,0;80,4;24/09/2026 13:56;3899,0
20,82;0,0;80,34;24/09/2026 13:56;3900,0
20,5;0,0;80,28;24/09/2026 13:56;3901,0
20,2;0,0;80,22;24/09/2026 13:56;3902,0
19,85;0,0;80,17;24/09/2026 13:56;3903,0
19,55;0,0;80,12;24/09/2026 13:56;3904,0
19,28;0,0;80,07;24/09/2026 13:56;3905,0
18,97;0,0;80,02;24/09/2026 13:56;3906,0
18,73;0,0;79,97;24/09/2026 13:56;3907,0
18,47;0,0;79,92;24/09/2026 13:56;3908,0
18,25;0,0;79,88;24/09/2026 13:56;3909,0
17,97;0,0;79,82;24/09/2026 13:56;3910,0
17,77;0,0;79,78;24/09/2026 13:56;3911,0
17,56;0,0;79,72;24/09/2026 13:56;3912,0
17,31;0,0;79,69;24/09/2026 13:56;3913,0
17,12;0,0;79,65;24/09/2026 13:56;3914,0
16,88;0,0;79,61;24/09/2026 13:56;3915,0
16,69;0,0;79,57;24/09/2026 13:56;3916,0
16,47;0,0;79,54;24/09/2026 13:56;3917,0
16,27;0,0;79,48;24/09/2026 13:56;3918,0
16,1;0,0;79,46;24/09/2026 13:56;3919,0
15,95;0,0;79,41;24/09/2026 13:56;3920,0
15,77;0,0;79,38;24/09/2026 13:56;3921,0
15,57;0,0;79,34;24/09/2026 13:56;3922,0
15,45;0,0;79,29;24/09/2026 13:56;3923,0
15,22;0,0;79,26;24/09/2026 13:57;3924,0
15,07;0,0;79,24;24/09/2026 13:57;3925,0
14,91;0,0;79,19;24/09/2026 13:57;3926,0
14,74;0,0;79,15;24/09/2026 13:57;3927,0
14,6;0,0;79,11;24/09/2026 13:57;3928,0
14,45;0,0;79,08;24/09/2026 13:57;3929,0
14,28;0,0;79,05;24/09/2026 13:57;3930,0
14,12;0,0;79,02;24/09/2026 13:57;3931,0
14,0;0,0;78,98;24/09/2026 13:57;3932,0
13,85;0,0;78,95;24/09/2026 13:57;3933,0
13,71;0,0;78,93;24/09/2026 13:57;3934,0
13,59;0,0;78,9;24/09/2026 13:57;3935,0
13,45;0,0;78,87;24/09/2026 13:57;3936,0
13,33;0,0;78,84;24/09/2026 13:57;3937,0
13,33;0,0;78,84;24/09/2026 13:57;3938,0
13,2;0,0;78,8;24/09/2026 13:57;3939,0
13,07;0,0;78,79;24/09/2026 13:57;3940,0
12,94;0,0;78,76;24/09/2026 13:57;3941,0
12,83;0,0;78,74;24/09/2026 13:57;3942,0
12,73;0,0;78,69;24/09/2026 13:57;3943,0
12,59;0,0;78,67;24/09/2026 13:57;3944,0
12,48;0,0;78,65;24/09/2026 13:57;3945,0
12,38;0,0;78,62;24/09/2026 13:57;3946,0
12,26;0,0;78,61;24/09/2026 13:57;3947,0
12,16;0,0;78,57;24/09/2026 13:57;3948,0
12,06;0,0;78,54;24/09/2026 13:57;3949,0
11,96;0,0;78,51;24/09/2026 13:57;3950,0
11,84;0,0;78,48;24/09/2026 13:57;3951,0
11,77;0,0;78,45;24/09/2026 13:57;3952,0
11,65;0,0;78,43;24/09/2026 13:57;3953,0
11,56;0,0;78,41;24/09/2026 13:57;3954,0
11,47;0,0;78,38;24/09/2026 13:57;3955,0
11,37;0,0;78,34;24/09/2026 13:57;3956,0
11,29;0,0;78,31;24/09/2026 13:57;3957,0
11,19;0,0;78,28;24/09/2026 13:57;3958,0
11,1;0,0;78,25;24/09/2026 13:57;3959,0
11,03;0,0;78,24;24/09/2026 13:57;3960,0
10,96;0,0;78,2;24/09/2026 13:57;3961,0
10,85;0,0;78,16;24/09/2026 13:57;3962,0
10,79;0,0;78,13;24/09/2026 13:57;3963,0
10,7;0,0;78,1;24/09/2026 13:57;3964,0
10,64;0,0;78,07;24/09/2026 13:57;3965,0
10,55;0,0;78,05;24/09/2026 13:57;3966,0
10,48;0,0;78,02;24/09/2026 13:57;3967,0
10,41;0,0;77,99;24/09/2026 13:57;3968,0
10,36;0,0;77,95;24/09/2026 13:57;3969,0
10,27;0,0;77,92;24/09/2026 13:57;3970,0
10,19;0,0;77,89;24/09/2026 13:57;3971,0
10,15;0,0;77,85;24/09/2026 13:57;3972,0
10,06;0,0;77,82;24/09/2026 13:57;3973,0
10,0;0,0;77,79;24/09/2026 13:57;3974,0
9,94;0,0;77,75;24/09/2026 13:57;3975,0
9,88;0,0;77,72;24/09/2026 13:57;3976,0
9,82;0,0;77,69;24/09/2026 13:57;3977,0
9,76;0,0;77,65;24/09/2026 13:57;3978,0
9,7;0,0;77,66;24/09/2026 13:57;3979,0
9,64;0,0;77,84;24/09/2026 13:57;3980,0
9,59;0,0;78,04;24/09/2026 13:57;3981,0
9,53;0,0;78,32;24/09/2026 13:57;3982,0
9,49;0,0;78,58;24/09/2026 13:57;3983,0
9,46;0,0;78,83;24/09/2026 13:58;3984,0
9,4;0,0;79,06;24/09/2026 13:58;3985,0
9,36;0,0;79,24;24/09/2026 13:58;3986,0
9,32;0,0;79,37;24/09/2026 13:58;3987,0
9,28;0,0;79,51;24/09/2026 13:58;3988,0
9,24;0,0;79,63;24/09/2026 13:58;3989,0
9,2;0,0;79,75;24/09/2026 13:58;3990,0
9,17;0,0;79,86;24/09/2026 13:58;3991,0
9,14;0,0;79,97;24/09/2026 13:58;3992,0
9,11;0,0;80,04;24/09/2026 13:58;3993,0
9,09;0,0;80,13;24/09/2026 13:58;3994,0
9,04;0,0;80,2;24/09/2026 13:58;3995,0
9,02;0,0;80,27;24/09/2026 13:58;3996,0
8,99;0,0;80,32;24/09/2026 13:58;3997,0
8,96;0,0;80,38;24/09/2026 13:58;3998,0
8,93;0,0;80,4;24/09/2026 13:58;3999,0
8,93;0,0;80,4;24/09/2026 13:58;4000,0
8,9;0,0;80,4;24/09/2026 13:58;4001,0
8,87;0,0;80,4;24/09/2026 13:58;4002,0
8,84;0,0;80,37;24/09/2026 13:58;4003,0
8,8;0,0;80,28;24/09/2026 13:58;4004,0
8,8;0,0;80,28;24/09/2026 13:58;4005,0
8,78;0,0;80,21;24/09/2026 13:58;4006,0
8,75;0,0;80,15;24/09/2026 13:58;4007,0
8,73;0,0;80,1;24/09/2026 13:58;4008,0
8,69;0,0;80,04;24/09/2026 13:58;4009,0
8,67;0,0;80,0;24/09/2026 13:58;4010,0
8,65;0,0;79,94;24/09/2026 13:58;4011,0
8,63;0,0;79,9;24/09/2026 13:58;4012,0
8,6;0,0;79,85;24/09/2026 13:58;4013,0
8,58;0,0;79,81;24/09/2026 13:58;4014,0
8,56;0,0;79,77;24/09/2026 13:58;4015,0
8,53;0,0;79,72;24/09/2026 13:58;4016,0
8,51;0,0;79,68;24/09/2026 13:58;4017,0
8,49;0,0;79,65;24/09/2026 13:58;4018,0
8,48;0,0;79,6;24/09/2026 13:58;4019,0
8,45;0,0;79,57;24/09/2026 13:58;4020,0
8,42;0,0;79,52;24/09/2026 13:58;4021,0
8,41;0,0;79,5;24/09/2026 13:58;4022,0
8,39;0,0;79,46;24/09/2026 13:58;4023,0
8,36;0,0;79,42;24/09/2026 13:58;4024,0
8,35;0,0;79,39;24/09/2026 13:58;4025,0
8,33;0,0;79,36;24/09/2026 13:58;4026,0
8,31;0,0;79,32;24/09/2026 13:58;4027,0
8,3;0,0;79,3;24/09/2026 13:58;4028,0
8,27;0,0;79,26;24/09/2026 13:58;4029,0
8,26;0,0;79,24;24/09/2026 13:58;4030,0
8,24;0,0;79,2;24/09/2026 13:58;4031,0
8,22;0,0;79,18;24/09/2026 13:58;4032,0
8,21;0,0;79,15;24/09/2026 13:58;4033,0
8,19;0,0;79,11;24/09/2026 13:58;4034,0
8,17;0,0;79,09;24/09/2026 13:58;4035,0
8,16;0,0;79,06;24/09/2026 13:58;4036,0
8,14;0,0;79,04;24/09/2026 13:58;4037,0
8,13;0,0;79,0;24/09/2026 13:58;4038,0
8,11;0,0;78,98;24/09/2026 13:58;4039,0
8,09;0,0;78,95;24/09/2026 13:58;4040,0
8,08;0,0;78,94;24/09/2026 13:58;4041,0
8,07;0,0;78,9;24/09/2026 13:58;4042,0
8,06;0,0;78,88;24/09/2026 13:58;4043,0
8,04;0,0;78,86;24/09/2026 13:59;4044,0
8,03;0,0;78,84;24/09/2026 13:59;4045,0
8,01;0,0;78,82;24/09/2026 13:59;4046,0
8,0;0,0;78,78;24/09/2026 13:59;4047,0
7,99;0,0;78,76;24/09/2026 13:59;4048,0
7,98;0,0;78,74;24/09/2026 13:59;4049,0
7,97;0,0;78,71;24/09/2026 13:59;4050,0
7,95;0,0;78,68;24/09/2026 13:59;4051,0
7,94;0,0;78,66;24/09/2026 13:59;4052,0
7,92;0,0;78,64;24/09/2026 13:59;4053,0
7,92;0,0;78,61;24/09/2026 13:59;4054,0
7,9;0,0;78,58;24/09/2026 13:59;4055,0
7,89;0,0;78,56;24/09/2026 13:59;4056,0
7,88;0,0;78,54;24/09/2026 13:59;4057,0
7,87;0,0;78,52;24/09/2026 13:59;4058,0
7,86;0,0;78,48;24/09/2026 13:59;4059,0
7,85;0,0;78,46;24/09/2026 13:59;4060,0
7,84;0,0;78,44;24/09/2026 13:59;4061,0
7,83;0,0;78,42;24/09/2026 13:59;4062,0
7,81;0,0;78,38;24/09/2026 13:59;4063,0
7,81;0,0;78,36;24/09/2026 13:59;4064,0
7,79;0,0;78,34;24/09/2026 13:59;4065,0
7,78;0,0;78,31;24/09/2026 13:59;4066,0
7,78;0,0;78,31;24/09/2026 13:59;4067,0
7,78;0,0;78,3;24/09/2026 13:59;4068,0
7,77;0,0;78,26;24/09/2026 13:59;4069,0
7,76;0,0;78,23;24/09/2026 13:59;4070,0
7,74;0,0;78,21;24/09/2026 13:59;4071,0
7,74;0,0;78,19;24/09/2026 13:59;4072,0
7,73;0,0;78,14;24/09/2026 13:59;4073,0
7,72;0,0;78,12;24/09/2026 13:59;4074,0
7,71;0,0;78,1;24/09/2026 13:59;4075,0
7,7;0,0;78,07;24/09/2026 13:59;4076,0
7,69;0,0;78,04;24/09/2026 13:59;4077,0
7,68;0,0;78,01;24/09/2026 13:59;4078,0
7,67;0,0;77,97;24/09/2026 13:59;4079,0
7,66;0,0;77,96;24/09/2026 13:59;4080,0
7,65;0,0;77,93;24/09/2026 13:59;4081,0
7,64;0,0;77,91;24/09/2026 13:59;4082,0
7,63;0,0;77,88;24/09/2026 13:59;4083,0
7,63;0,0;77,84;24/09/2026 13:59;4084,0
7,62;0,0;77,81;24/09/2026 13:59;4085,0
7,61;0,0;77,79;24/09/2026 13:59;4086,0
7,59;0,0;77,75;24/09/2026 13:59;4087,0
7,59;0,0;77,72;24/09/2026 13:59;4088,0
7,58;0,0;77,69;24/09/2026 13:59;4089,0
7,57;0,0;77,65;24/09/2026 13:59;4090,0
7,56;0,0;77,62;24/09/2026 13:59;4091,0
7,56;0,0;77,58;24/09/2026 13:59;4092,0
7,55;0,0;77,55;24/09/2026 13:59;4093,0
7,54;0,0;77,52;24/09/2026 13:59;4094,0
7,53;0,0;77,65;24/09/2026 13:59;4095,0
7,53;0,0;77,88;24/09/2026 13:59;4096,0
7,52;0,0;78,11;24/09/2026 13:59;4097,0
7,51;0,0;78,38;24/09/2026 13:59;4098,0
7,51;0,0;78,63;24/09/2026 13:59;4099,0
7,51;0,0;78,87;24/09/2026 13:59;4100,0
7,51;0,0;79,06;24/09/2026 13:59;4101,0
7,51;0,0;79,23;24/09/2026 13:59;4102,0
7,51;0,0;79,36;24/09/2026 13:59;4103,0
7,51;0,0;79,48;24/09/2026 14:00;4104,0
7,51;0,0;79,6;24/09/2026 14:00;4105,0
7,51;0,0;79,71;24/09/2026 14:00;4106,0
7,51;0,0;79,81;24/09/2026 14:00;4107,0
7,52;0,0;79,89;24/09/2026 14:00;4108,0
7,52;0,0;79,99;24/09/2026 14:00;4109,0
7,53;0,0;80,06;24/09/2026 14:00;4110,0
7,53;0,0;80,13;24/09/2026 14:00;4111,0
7,53;0,0;80,19;24/09/2026 14:00;4112,0
7,53;0,0;80,27;24/09/2026 14:00;4113,0
7,53;0,0;80,3;24/09/2026 14:00;4114,0
7,54;0,0;80,3;24/09/2026 14:00;4115,0
7,54;0,0;80,3;24/09/2026 14:00;4116,0
7,54;0,0;80,27;24/09/2026 14:00;4117,0
7,55;0,0;80,24;24/09/2026 14:00;4118,0
7,55;0,0;80,2;24/09/2026 14:00;4119,0
7,56;0,0;80,14;24/09/2026 14:00;4120,0
7,56;0,0;80,14;24/09/2026 14:00;4121,0
7,56;0,0;80,08;24/09/2026 14:00;4122,0
7,56;0,0;80,02;24/09/2026 14:00;4123,0
7,56;0,0;79,91;24/09/2026 14:00;4124,0
7,56;0,0;79,91;24/09/2026 14:00;4125,0
7,56;0,0;79,87;24/09/2026 14:00;4126,0
7,56;0,0;79,82;24/09/2026 14:00;4127,0
7,56;0,0;79,78;24/09/2026 14:00;4128,0
7,56;0,0;79,72;24/09/2026 14:00;4129,0
7,56;0,0;79,69;24/09/2026 14:00;4130,0
7,56;0,0;79,65;24/09/2026 14:00;4131,0
7,56;0,0;79,61;24/09/2026 14:00;4132,0
7,55;0,0;79,56;24/09/2026 14:00;4133,0
7,56;0,0;79,52;24/09/2026 14:00;4134,0
7,55;0,0;79,49;24/09/2026 14:00;4135,0
7,54;0,0;79,46;24/09/2026 14:00;4136,0
7,56;0,0;79,42;24/09/2026 14:00;4137,0
7,55;0,0;79,38;24/09/2026 14:00;4138,0
7,55;0,0;79,35;24/09/2026 14:00;4139,0
7,54;0,0;79,31;24/09/2026 14:00;4140,0
7,54;0,0;79,28;24/09/2026 14:00;4141,0
7,54;0,0;79,25;24/09/2026 14:00;4142,0
7,54;0,0;79,21;24/09/2026 14:00;4143,0
7,54;0,0;79,19;24/09/2026 14:00;4144,0
7,54;0,0;79,15;24/09/2026 14:00;4145,0
7,53;0,0;79,13;24/09/2026 14:00;4146,0
7,53;0,0;79,09;24/09/2026 14:00;4147,0
7,53;0,0;79,07;24/09/2026 14:00;4148,0
7,52;0,0;79,04;24/09/2026 14:00;4149,0
7,52;0,0;79,02;24/09/2026 14:00;4150,0
7,52;0,0;78,99;24/09/2026 14:00;4151,0
7,51;0,0;78,96;24/09/2026 14:00;4152,0
7,51;0,0;78,94;24/09/2026 14:00;4153,0
7,51;0,0;78,9;24/09/2026 14:00;4154,0
7,51;0,0;78,88;24/09/2026 14:00;4155,0
7,5;0,0;78,85;24/09/2026 14:00;4156,0
7,5;0,0;78,83;24/09/2026 14:00;4157,0
7,5;0,0;78,82;24/09/2026 14:00;4158,0
7,5;0,0;78,78;24/09/2026 14:00;4159,0
7,49;0,0;78,76;24/09/2026 14:00;4160,0
7,49;0,0;78,74;24/09/2026 14:00;4161,0
7,48;0,0;78,72;24/09/2026 14:00;4162,0
7,48;0,0;78,68;24/09/2026 14:00;4163,0
7,48;0,0;78,67;24/09/2026 14:01;4164,0
7,48;0,0;78,65;24/09/2026 14:01;4165,0
7,47;0,0;78,62;24/09/2026 14:01;4166,0
7,47;0,0;78,58;24/09/2026 14:01;4167,0
7,47;0,0;78,56;24/09/2026 14:01;4168,0
7,46;0,0;78,54;24/09/2026 14:01;4169,0
7,47;0,0;78,52;24/09/2026 14:01;4170,0
7,45;0,0;78,49;24/09/2026 14:01;4171,0
7,45;0,0;78,46;24/09/2026 14:01;4172,0
7,45;0,0;78,44;24/09/2026 14:01;4173,0
7,45;0,0;78,42;24/09/2026 14:01;4174,0
7,45;0,0;78,4;24/09/2026 14:01;4175,0
7,45;0,0;78,37;24/09/2026 14:01;4176,0
7,44;0,0;78,34;24/09/2026 14:01;4177,0
7,43;0,0;78,33;24/09/2026 14:01;4178,0
7,43;0,0;78,3;24/09/2026 14:01;4179,0
7,43;0,0;78,26;24/09/2026 14:01;4180,0
7,43;0,0;78,26;24/09/2026 14:01;4181,0
7,42;0,0;78,24;24/09/2026 14:01;4182,0
7,42;0,0;78,22;24/09/2026 14:01;4183,0
7,42;0,0;78,19;24/09/2026 14:01;4184,0
7,42;0,0;78,16;24/09/2026 14:01;4185,0
7,4;0,0;78,15;24/09/2026 14:01;4186,0
7,4;0,0;78,11;24/09/2026 14:01;4187,0
7,4;0,0;78,09;24/09/2026 14:01;4188,0
7,4;0,0;78,06;24/09/2026 14:01;4189,0
7,4;0,0;78,03;24/09/2026 14:01;4190,0
7,39;0,0;78,0;24/09/2026 14:01;4191,0
7,39;0,0;77,97;24/09/2026 14:01;4192,0
7,39;0,0;77,95;24/09/2026 14:01;4193,0
7,38;0,0;77,92;24/09/2026 14:01;4194,0
7,37;0,0;77,89;24/09/2026 14:01;4195,0
7,37;0,0;77,86;24/09/2026 14:01;4196,0
7,37;0,0;77,84;24/09/2026 14:01;4197,0
7,36;0,0;77,8;24/09/2026 14:01;4198,0
7,36;0,0;77,78;24/09/2026 14:01;4199,0
7,36;0,0;77,74;24/09/2026 14:01;4200,0
7,35;0,0;77,72;24/09/2026 14:01;4201,0
7,34;0,0;77,7;24/09/2026 14:01;4202,0
7,34;0,0;77,66;24/09/2026 14:01;4203,0
