PV_LOAD;CV;PV_IN;TIME;Unnamed: 4;Time_s
6,6;0,0;79,89;24/09/2026 12:13;;0,0
6,51;0,0;79,86;24/09/2026 12:13;;1,0
6,42;0,0;79,83;24/09/2026 12:13;;2,0
6,34;0,0;79,8;24/09/2026 12:13;;3,0
6,26;0,0;79,78;24/09/2026 12:13;;4,0
6,17;0,0;79,75;24/09/2026 12:13;;5,0
6,09;0,0;79,71;24/09/2026 12:13;;6,0
6,02;0,0;79,69;24/09/2026 12:13;;7,0
5,96;0,0;79,66;24/09/2026 12:13;;8,0
5,87;0,0;79,63;24/09/2026 12:13;;9,0
5,8;0,0;79,61;24/09/2026 12:13;;10,0
5,73;0,0;79,59;24/09/2026 12:13;;11,0
5,68;0,0;79,57;24/09/2026 12:13;;12,0
5,61;0,0;79,55;24/09/2026 12:13;;13,0
5,55;0,0;79,51;24/09/2026 12:13;;14,0
5,48;0,0;79,5;24/09/2026 12:13;;15,0
5,43;0,0;79,48;24/09/2026 12:13;;16,0
5,38;0,0;79,46;24/09/2026 12:13;;17,0
5,32;0,0;79,44;24/09/2026 12:13;;18,0
5,26;0,0;79,41;24/09/2026 12:14;;19,0
5,22;0,0;79,4;24/09/2026 12:14;;20,0
5,19;0,0;79,39;24/09/2026 12:14;;21,0
5,12;0,0;79,37;24/09/2026 12:14;;22,0
5,07;0,0;79,35;24/09/2026 12:14;;23,0
5,03;0,0;79,32;24/09/2026 12:14;;24,0
4,99;0,0;79,3;24/09/2026 12:14;;25,0
4,93;0,0;79,29;24/09/2026 12:14;;26,0
4,9;0,0;79,27;24/09/2026 12:14;;27,0
4,85;0,0;79,25;24/09/2026 12:14;;28,0
4,81;0,0;79,25;24/09/2026 12:14;;29,0
4,77;0,0;79,23;24/09/2026 12:14;;30,0
4,74;0,0;79,2;24/09/2026 12:14;;31,0
4,7;0,0;79,19;24/09/2026 12:14;;32,0
4,66;0,0;79,17;24/09/2026 12:14;;33,0
4,63;0,0;79,15;24/09/2026 12:14;;34,0
4,6;0,0;79,14;24/09/2026 12:14;;35,0
4,56;0,0;79,11;24/09/2026 12:14;;36,0
4,53;0,0;79,1;24/09/2026 12:14;;37,0
4,5;0,55;78,89;24/09/2026 12:14;;38,0
4,5;1,11;78,66;24/09/2026 12:14;;39,0
4,51;2,23;78,46;24/09/2026 12:14;;40,0
4,55;2,78;78,22;24/09/2026 12:14;;41,0
4,61;3,33;78,0;24/09/2026 12:14;;42,0
4,7;3,89;77,76;24/09/2026 12:14;;43,0
4,79;4,44;77,52;24/09/2026 12:14;;44,0
4,88;5,01;77,32;24/09/2026 12:14;;45,0
5,02;5,55;77,09;24/09/2026 12:14;;46,0
5,15;6,1;76,88;24/09/2026 12:14;;47,0
5,28;6,67;76,68;24/09/2026 12:14;;48,0
5,46;7,22;76,48;24/09/2026 12:14;;49,0
5,64;7,78;76,29;24/09/2026 12:14;;50,0
5,82;8,33;76,08;24/09/2026 12:14;;51,0
5,97;8,88;75,91;24/09/2026 12:14;;52,0
6,18;9,45;75,7;24/09/2026 12:14;;53,0
6,45;10,0;75,48;24/09/2026 12:14;;54,0
6,64;10,56;75,29;24/09/2026 12:14;;55,0
6,92;11,11;75,08;24/09/2026 12:14;;56,0
6,92;11,11;75,08;24/09/2026 12:14;;57,0
7,18;11,67;74,87;24/09/2026 12:14;;58,0
7,67;12,77;74,47;24/09/2026 12:14;;59,0
7,91;13,34;74,27;24/09/2026 12:14;;60,0
7,91;13,34;74,27;24/09/2026 12:14;;61,0
8,3;13,89;74,07;24/09/2026 12:14;;62,0
8,58;14,45;73,86;24/09/2026 12:14;;63,0
8,97;15,0;73,67;24/09/2026 12:14;;64,0
9,31;15,55;73,48;24/09/2026 12:14;;65,0
9,62;16,11;73,32;24/09/2026 12:14;;66,0
9,97;16,66;73,12;24/09/2026 12:14;;67,0
10,27;17,23;72,77;24/09/2026 12:14;;68,0
10,68;17,78;72,61;24/09/2026 12:14;;69,0
11,07;18,33;72,46;24/09/2026 12:14;;70,0
11,47;18,89;72,31;24/09/2026 12:14;;71,0
11,84;19,44;72,14;24/09/2026 12:14;;72,0
12,29;20,01;72,08;24/09/2026 12:14;;73,0
12,62;20,56;72,0;24/09/2026 12:14;;74,0
13,15;21,1;71,98;24/09/2026 12:14;;75,0
13,51;21,67;71,98;24/09/2026 12:14;;76,0
13,91;22,22;71,88;24/09/2026 12:14;;77,0
14,48;22,78;71,86;24/09/2026 12:14;;78,0
14,85;23,33;71,74;24/09/2026 12:15;;79,0
15,33;23,88;71,71;24/09/2026 12:15;;80,0
15,86;24,45;71,64;24/09/2026 12:15;;81,0
16,37;25,0;71,59;24/09/2026 12:15;;82,0
16,88;25,56;71,51;24/09/2026 12:15;;83,0
17,4;26,11;71,35;24/09/2026 12:15;;84,0
17,92;26,66;71,3;24/09/2026 12:15;;85,0
18,39;27,22;71,19;24/09/2026 12:15;;86,0
18,92;27,77;71,11;24/09/2026 12:15;;87,0
19,47;28,34;71,04;24/09/2026 12:15;;88,0
19,96;28,89;70,96;24/09/2026 12:15;;89,0
20,28;29,44;70,9;24/09/2026 12:15;;90,0
21,07;30,0;70,79;24/09/2026 12:15;;91,0
21,61;30,55;70,64;24/09/2026 12:15;;92,0
22,18;31,12;70,47;24/09/2026 12:15;;93,0
22,73;31,66;70,31;24/09/2026 12:15;;94,0
23,12;32,23;70,05;24/09/2026 12:15;;95,0
23,85;32,78;69,79;24/09/2026 12:15;;96,0
24,23;33,33;69,79;24/09/2026 12:15;;97,0
24,84;33,89;69,54;24/09/2026 12:15;;98,0
25,45;34,44;69,42;24/09/2026 12:15;;99,0
26,0;35,01;69,37;24/09/2026 12:15;;100,0
26,55;35,56;69,27;24/09/2026 12:15;;101,0
27,11;36,67;69,12;24/09/2026 12:15;;102,0
27,6;37,22;69,02;24/09/2026 12:15;;103,0
28,04;37,78;68,93;24/09/2026 12:15;;104,0
28,7;38,33;68,84;24/09/2026 12:15;;105,0
29,24;38,88;68,77;24/09/2026 12:15;;106,0
29,76;39,45;68,69;24/09/2026 12:15;;107,0
30,25;40,0;68,61;24/09/2026 12:15;;108,0
30,82;40,56;68,59;24/09/2026 12:15;;109,0
31,3;41,11;68,46;24/09/2026 12:15;;110,0
31,3;41,11;68,46;24/09/2026 12:15;;111,0
32,32;42,22;68,36;24/09/2026 12:15;;112,0
32,78;42,77;68,32;24/09/2026 12:15;;113,0
32,78;42,77;68,32;24/09/2026 12:15;;114,0
33,29;43,34;68,32;24/09/2026 12:15;;115,0
33,79;43,89;68,23;24/09/2026 12:15;;116,0
34,26;44,44;68,16;24/09/2026 12:15;;117,0
34,69;45,0;68,11;24/09/2026 12:15;;118,0
35,15;45,55;68,14;24/09/2026 12:15;;119,0
35,66;46,12;68,1;24/09/2026 12:15;;120,0
36,08;46,67;67,99;24/09/2026 12:15;;121,0
36,52;47,22;67,99;24/09/2026 12:15;;122,0
36,92;47,78;67,97;24/09/2026 12:15;;123,0
37,38;48,33;67,88;24/09/2026 12:15;;124,0
37,82;48,89;67,96;24/09/2026 12:15;;125,0
38,2;49,44;67,86;24/09/2026 12:15;;126,0
38,55;50,01;67,94;24/09/2026 12:15;;127,0
38,95;50,56;67,93;24/09/2026 12:15;;128,0
39,4;51,11;67,83;24/09/2026 12:15;;129,0
39,73;51,67;67,8;24/09/2026 12:15;;130,0
40,13;52,22;67,8;24/09/2026 12:15;;131,0
40,46;52,78;67,87;24/09/2026 12:15;;132,0
40,82;53,33;67,86;24/09/2026 12:15;;133,0
41,13;53,88;67,82;24/09/2026 12:15;;134,0
41,44;54,45;67,79;24/09/2026 12:15;;135,0
41,8;55,0;67,78;24/09/2026 12:15;;136,0
42,09;55,56;67,82;24/09/2026 12:15;;137,0
42,42;56,11;67,83;24/09/2026 12:15;;138,0
42,73;56,66;67,83;24/09/2026 12:16;;139,0
42,96;57,23;67,84;24/09/2026 12:16;;140,0
43,3;57,78;67,93;24/09/2026 12:16;;141,0
43,53;58,34;67,88;24/09/2026 12:16;;142,0
43,81;58,89;67,9;24/09/2026 12:16;;143,0
44,07;59,44;67,92;24/09/2026 12:16;;144,0
44,3;60,0;67,93;24/09/2026 12:16;;145,0
44,54;60,55;67,96;24/09/2026 12:16;;146,0
44,77;61,12;67,99;24/09/2026 12:16;;147,0
45,0;61,67;67,98;24/09/2026 12:16;;148,0
45,21;62,22;67,98;24/09/2026 12:16;;149,0
45,41;62,78;67,97;24/09/2026 12:16;;150,0
45,6;63,33;67,99;24/09/2026 12:16;;151,0
45,8;63,89;68,03;24/09/2026 12:16;;152,0
46,0;64,44;68,01;24/09/2026 12:16;;153,0
46,19;64,99;68,01;24/09/2026 12:16;;154,0
46,34;65,56;68,01;24/09/2026 12:16;;155,0
46,51;66,11;68,01;24/09/2026 12:16;;156,0
46,68;66,67;68,03;24/09/2026 12:16;;157,0
46,84;67,77;68,03;24/09/2026 12:16;;158,0
47,0;68,34;68,03;24/09/2026 12:16;;159,0
47,15;68,88;68,05;24/09/2026 12:16;;160,0
47,31;69,45;68,03;24/09/2026 12:16;;161,0
47,45;70,0;68,04;24/09/2026 12:16;;162,0
47,58;70,56;68,01;24/09/2026 12:16;;163,0
47,7;71,11;68,01;24/09/2026 12:16;;164,0
47,83;71,66;68,04;24/09/2026 12:16;;165,0
47,95;72,23;68,07;24/09/2026 12:16;;166,0
48,08;72,78;68,0;24/09/2026 12:16;;167,0
48,2;73,34;67,96;24/09/2026 12:16;;168,0
48,32;73,89;67,97;24/09/2026 12:16;;169,0
48,41;74,44;67,92;24/09/2026 12:16;;170,0
48,55;75,0;67,92;24/09/2026 12:16;;171,0
48,67;75,55;67,89;24/09/2026 12:16;;172,0
48,71;76,12;67,94;24/09/2026 12:16;;173,0
48,71;76,12;67,94;24/09/2026 12:16;;174,0
48,88;76,67;67,92;24/09/2026 12:16;;175,0
48,99;77,22;67,92;24/09/2026 12:16;;176,0
49,07;77,78;68,07;24/09/2026 12:16;;177,0
49,19;78,33;68,21;24/09/2026 12:16;;178,0
49,32;78,9;68,4;24/09/2026 12:16;;179,0
49,46;79,44;68,59;24/09/2026 12:16;;180,0
49,58;79,99;68,73;24/09/2026 12:16;;181,0
49,73;80,56;68,9;24/09/2026 12:16;;182,0
49,89;81,11;69,03;24/09/2026 12:16;;183,0
50,0;81,67;69,13;24/09/2026 12:16;;184,0
50,19;82,22;69,21;24/09/2026 12:16;;185,0
50,31;82,77;69,29;24/09/2026 12:16;;186,0
50,47;83,34;69,37;24/09/2026 12:16;;187,0
50,6;83,89;69,41;24/09/2026 12:16;;188,0
50,74;84,45;69,46;24/09/2026 12:16;;189,0
50,85;85,0;69,53;24/09/2026 12:16;;190,0
50,99;85,55;69,59;24/09/2026 12:16;;191,0
51,11;86,11;69,62;24/09/2026 12:16;;192,0
51,26;86,66;69,67;24/09/2026 12:16;;193,0
51,37;87,23;69,71;24/09/2026 12:16;;194,0
51,51;87,78;69,73;24/09/2026 12:16;;195,0
51,6;88,33;69,77;24/09/2026 12:16;;196,0
51,72;88,89;69,77;24/09/2026 12:16;;197,0
51,81;89,44;69,77;24/09/2026 12:16;;198,0
51,93;90,0;69,76;24/09/2026 12:17;;199,0
52,03;90,55;69,72;24/09/2026 12:17;;200,0
52,13;91,12;69,7;24/09/2026 12:17;;201,0
52,2;91,67;69,71;24/09/2026 12:17;;202,0
52,29;92,22;69,66;24/09/2026 12:17;;203,0
52,39;92,78;69,64;24/09/2026 12:17;;204,0
52,41;93,33;69,59;24/09/2026 12:17;;205,0
52,5;93,9;69,56;24/09/2026 12:17;;206,0
52,57;94,45;69,52;24/09/2026 12:17;;207,0
52,63;94,99;69,5;24/09/2026 12:17;;208,0
52,7;95,56;69,45;24/09/2026 12:17;;209,0
52,72;96,11;69,42;24/09/2026 12:17;;210,0
52,81;96,67;69,41;24/09/2026 12:17;;211,0
52,86;97,22;69,37;24/09/2026 12:17;;212,0
52,91;97,77;69,32;24/09/2026 12:17;;213,0
52,95;98,89;69,3;24/09/2026 12:17;;214,0
52,98;99,45;69,25;24/09/2026 12:17;;215,0
53,03;100,0;69,21;24/09/2026 12:17;;216,0
53,07;100,0;69,18;24/09/2026 12:17;;217,0
53,1;100,0;69,17;24/09/2026 12:17;;218,0
53,14;100,0;69,15;24/09/2026 12:17;;219,0
53,17;100,0;69,13;24/09/2026 12:17;;220,0
53,2;100,0;69,12;24/09/2026 12:17;;221,0
53,22;100,0;69,09;24/09/2026 12:17;;222,0
53,23;100,0;69,08;24/09/2026 12:17;;223,0
53,23;100,0;69,06;24/09/2026 12:17;;224,0
53,26;100,0;69,04;24/09/2026 12:17;;225,0
53,28;100,0;69,02;24/09/2026 12:17;;226,0
53,28;100,0;69,0;24/09/2026 12:17;;227,0
53,28;100,0;69,0;24/09/2026 12:17;;228,0
53,28;100,0;68,99;24/09/2026 12:17;;229,0
53,29;100,0;68,97;24/09/2026 12:17;;230,0
53,31;100,0;68,93;24/09/2026 12:17;;231,0
53,31;100,0;68,93;24/09/2026 12:17;;232,0
53,31;100,0;68,89;24/09/2026 12:17;;233,0
53,29;100,0;68,88;24/09/2026 12:17;;234,0
53,31;100,0;68,86;24/09/2026 12:17;;235,0
53,3;100,0;68,88;24/09/2026 12:17;;236,0
53,31;100,0;68,87;24/09/2026 12:17;;237,0
53,31;100,0;68,8;24/09/2026 12:17;;238,0
53,31;100,0;68,78;24/09/2026 12:17;;239,0
53,29;100,0;68,77;24/09/2026 12:17;;240,0
53,29;100,0;68,75;24/09/2026 12:17;;241,0
53,29;100,0;68,73;24/09/2026 12:17;;242,0
53,29;100,0;68,7;24/09/2026 12:17;;243,0
53,28;100,0;68,69;24/09/2026 12:17;;244,0
53,29;100,0;68,68;24/09/2026 12:17;;245,0
53,28;100,0;68,66;24/09/2026 12:17;;246,0
53,25;100,0;68,66;24/09/2026 12:17;;247,0
53,26;100,0;68,62;24/09/2026 12:17;;248,0
53,25;100,0;68,61;24/09/2026 12:17;;249,0
53,25;100,0;68,6;24/09/2026 12:17;;250,0
53,24;100,0;68,59;24/09/2026 12:17;;251,0
53,22;100,0;68,59;24/09/2026 12:17;;252,0
53,22;100,0;68,56;24/09/2026 12:17;;253,0
53,21;100,0;68,56;24/09/2026 12:17;;254,0
53,2;100,0;68,54;24/09/2026 12:17;;255,0
53,2;100,0;68,54;24/09/2026 12:17;;256,0
53,2;100,0;68,56;24/09/2026 12:17;;257,0
53,18;100,0;68,51;24/09/2026 12:17;;258,0
53,17;100,0;68,48;24/09/2026 12:18;;259,0
53,16;100,0;68,47;24/09/2026 12:18;;260,0
53,16;100,0;68,46;24/09/2026 12:18;;261,0
53,14;100,0;68,44;24/09/2026 12:18;;262,0
53,13;100,0;68,42;24/09/2026 12:18;;263,0
53,12;100,0;68,41;24/09/2026 12:18;;264,0
53,12;100,0;68,4;24/09/2026 12:18;;265,0
53,11;100,0;68,39;24/09/2026 12:18;;266,0
53,11;100,0;68,37;24/09/2026 12:18;;267,0
53,09;100,0;68,35;24/09/2026 12:18;;268,0
53,08;100,0;68,32;24/09/2026 12:18;;269,0
53,07;100,0;68,32;24/09/2026 12:18;;270,0
53,06;100,0;68,3;24/09/2026 12:18;;271,0
53,05;100,0;68,27;24/09/2026 12:18;;272,0
53,03;100,0;68,27;24/09/2026 12:18;;273,0
53,03;100,0;68,29;24/09/2026 12:18;;274,0
53,0;100,0;68,24;24/09/2026 12:18;;275,0
53,01;100,0;68,21;24/09/2026 12:18;;276,0
52,99;100,0;68,19;24/09/2026 12:18;;277,0
52,97;100,0;68,18;24/09/2026 12:18;;278,0
52,97;100,0;68,19;24/09/2026 12:18;;279,0
52,97;100,0;68,29;24/09/2026 12:18;;280,0
52,97;100,0;68,42;24/09/2026 12:18;;281,0
52,97;100,0;68,62;24/09/2026 12:18;;282,0
53,01;100,0;68,78;24/09/2026 12:18;;283,0
53,01;100,0;68,78;24/09/2026 12:18;;284,0
53,04;100,0;68,96;24/09/2026 12:18;;285,0
53,12;100,0;69,13;24/09/2026 12:18;;286,0
53,16;100,0;69,24;24/09/2026 12:18;;287,0
53,2;100,0;69,37;24/09/2026 12:18;;288,0
53,28;100,0;69,52;24/09/2026 12:18;;289,0
53,34;100,0;69,56;24/09/2026 12:18;;290,0
53,39;100,0;69,63;24/09/2026 12:18;;291,0
53,47;100,0;69,71;24/09/2026 12:18;;292,0
53,51;100,0;69,76;24/09/2026 12:18;;293,0
53,56;100,0;69,83;24/09/2026 12:18;;294,0
53,64;100,0;69,87;24/09/2026 12:18;;295,0
53,67;100,0;69,91;24/09/2026 12:18;;296,0
53,73;100,0;69,96;24/09/2026 12:18;;297,0
53,78;100,0;70,06;24/09/2026 12:18;;298,0
53,82;100,0;70,05;24/09/2026 12:18;;299,0
53,86;100,0;70,08;24/09/2026 12:18;;300,0
53,92;100,0;70,11;24/09/2026 12:18;;301,0
53,95;100,0;70,12;24/09/2026 12:18;;302,0
53,99;100,0;70,12;24/09/2026 12:18;;303,0
54,02;100,0;70,11;24/09/2026 12:18;;304,0
54,05;100,0;70,08;24/09/2026 12:18;;305,0
54,08;100,0;70,07;24/09/2026 12:18;;306,0
54,08;100,0;70,03;24/09/2026 12:18;;307,0
54,1;100,0;70,02;24/09/2026 12:18;;308,0
54,12;100,0;69,98;24/09/2026 12:18;;309,0
54,11;100,0;69,97;24/09/2026 12:18;;310,0
54,14;100,0;69,93;24/09/2026 12:18;;311,0
54,13;100,0;69,91;24/09/2026 12:18;;312,0
54,14;100,0;69,87;24/09/2026 12:18;;313,0
54,14;100,0;69,83;24/09/2026 12:18;;314,0
54,14;100,0;69,8;24/09/2026 12:18;;315,0
54,12;100,0;69,77;24/09/2026 12:18;;316,0
54,12;100,0;69,74;24/09/2026 12:18;;317,0
54,11;100,0;69,7;24/09/2026 12:18;;318,0
54,11;100,0;69,67;24/09/2026 12:19;;319,0
54,1;100,0;69,63;24/09/2026 12:19;;320,0
54,08;100,0;69,6;24/09/2026 12:19;;321,0
54,08;100,0;69,56;24/09/2026 12:19;;322,0
54,06;100,0;69,52;24/09/2026 12:19;;323,0
54,05;100,0;69,49;24/09/2026 12:19;;324,0
54,02;100,0;69,45;24/09/2026 12:19;;325,0
54,0;100,0;69,41;24/09/2026 12:19;;326,0
54,01;100,0;69,37;24/09/2026 12:19;;327,0
53,98;100,0;69,34;24/09/2026 12:19;;328,0
53,96;100,0;69,32;24/09/2026 12:19;;329,0
53,92;100,0;69,32;24/09/2026 12:19;;330,0
53,92;100,0;69,27;24/09/2026 12:19;;331,0
53,89;100,0;69,2;24/09/2026 12:19;;332,0
53,87;100,0;69,19;24/09/2026 12:19;;333,0
53,85;100,0;69,14;24/09/2026 12:19;;334,0
53,83;100,0;69,09;24/09/2026 12:19;;335,0
53,81;100,0;69,09;24/09/2026 12:19;;336,0
53,78;100,0;69,04;24/09/2026 12:19;;337,0
53,78;100,0;69,03;24/09/2026 12:19;;338,0
53,76;100,0;68,99;24/09/2026 12:19;;339,0
53,76;100,0;68,99;24/09/2026 12:19;;340,0
53,75;100,0;68,97;24/09/2026 12:19;;341,0
53,69;100,0;68,91;24/09/2026 12:19;;342,0
53,67;100,0;68,89;24/09/2026 12:19;;343,0
53,67;100,0;68,89;24/09/2026 12:19;;344,0
53,64;100,0;68,86;24/09/2026 12:19;;345,0
53,63;100,0;68,86;24/09/2026 12:19;;346,0
53,61;100,0;68,83;24/09/2026 12:19;;347,0
53,59;100,0;68,8;24/09/2026 12:19;;348,0
53,58;100,0;68,78;24/09/2026 12:19;;349,0
53,55;100,0;68,78;24/09/2026 12:19;;350,0
53,53;100,0;68,77;24/09/2026 12:19;;351,0
53,52;100,0;68,72;24/09/2026 12:19;;352,0
53,49;100,0;68,72;24/09/2026 12:19;;353,0
53,47;100,0;68,7;24/09/2026 12:19;;354,0
53,47;100,0;68,69;24/09/2026 12:19;;355,0
53,45;100,0;68,67;24/09/2026 12:19;;356,0
53,44;100,0;68,69;24/09/2026 12:19;;357,0
53,42;100,0;68,63;24/09/2026 12:19;;358,0
53,39;100,0;68,61;24/09/2026 12:19;;359,0
53,37;100,0;68,58;24/09/2026 12:19;;360,0
53,38;100,0;68,57;24/09/2026 12:19;;361,0
53,36;100,0;68,56;24/09/2026 12:19;;362,0
53,34;100,0;68,59;24/09/2026 12:19;;363,0
53,32;100,0;68,54;24/09/2026 12:19;;364,0
53,31;100,0;68,5;24/09/2026 12:19;;365,0
53,28;100,0;68,49;24/09/2026 12:19;;366,0
53,28;100,0;68,47;24/09/2026 12:19;;367,0
53,27;100,0;68,45;24/09/2026 12:19;;368,0
53,26;100,0;68,47;24/09/2026 12:19;;369,0
53,23;100,0;68,42;24/09/2026 12:19;;370,0
53,22;100,0;68,4;24/09/2026 12:19;;371,0
53,22;100,0;68,37;24/09/2026 12:19;;372,0
53,2;100,0;68,38;24/09/2026 12:19;;373,0
53,18;100,0;68,35;24/09/2026 12:19;;374,0
53,15;100,0;68,32;24/09/2026 12:19;;375,0
53,15;100,0;68,31;24/09/2026 12:19;;376,0
53,13;100,0;68,29;24/09/2026 12:19;;377,0
53,09;100,0;68,26;24/09/2026 12:19;;378,0
53,1;100,0;68,25;24/09/2026 12:20;;379,0
53,08;100,0;68,23;24/09/2026 12:20;;380,0
53,08;100,0;68,23;24/09/2026 12:20;;381,0
53,04;100,0;68,19;24/09/2026 12:20;;382,0
53,03;100,0;68,18;24/09/2026 12:20;;383,0
53,03;100,0;68,23;24/09/2026 12:20;;384,0
53,02;100,0;68,36;24/09/2026 12:20;;385,0
53,03;100,0;68,5;24/09/2026 12:20;;386,0
53,06;100,0;68,66;24/09/2026 12:20;;387,0
53,07;100,0;68,82;24/09/2026 12:20;;388,0
53,12;100,0;69,0;24/09/2026 12:20;;389,0
53,18;100,0;69,17;24/09/2026 12:20;;390,0
53,23;100,0;69,32;24/09/2026 12:20;;391,0
53,29;100,0;69,44;24/09/2026 12:20;;392,0
53,36;100,0;69,54;24/09/2026 12:20;;393,0
53,41;100,0;69,61;24/09/2026 12:20;;394,0
53,47;100,0;69,7;24/09/2026 12:20;;395,0
53,51;100,0;69,75;24/09/2026 12:20;;396,0
53,58;100,0;69,81;24/09/2026 12:20;;397,0
53,64;100,0;69,86;24/09/2026 12:20;;398,0
53,68;100,0;69,91;24/09/2026 12:20;;399,0
53,73;100,0;69,95;24/09/2026 12:20;;400,0
53,78;100,0;70,02;24/09/2026 12:20;;401,0
53,81;100,0;70,04;24/09/2026 12:20;;402,0
53,81;100,0;70,04;24/09/2026 12:20;;403,0
53,88;100,0;70,1;24/09/2026 12:20;;404,0
53,92;100,0;70,1;24/09/2026 12:20;;405,0
53,96;100,0;70,13;24/09/2026 12:20;;406,0
53,98;100,0;70,13;24/09/2026 12:20;;407,0
54,04;100,0;70,14;24/09/2026 12:20;;408,0
54,05;100,0;70,11;24/09/2026 12:20;;409,0
54,08;100,0;70,12;24/09/2026 12:20;;410,0
54,1;100,0;70,12;24/09/2026 12:20;;411,0
54,12;100,0;70,06;24/09/2026 12:20;;412,0
54,14;100,0;70,03;24/09/2026 12:20;;413,0
54,16;100,0;69,98;24/09/2026 12:20;;414,0
54,16;100,0;69,96;24/09/2026 12:20;;415,0
54,17;100,0;69,92;24/09/2026 12:20;;416,0
54,17;100,0;69,9;24/09/2026 12:20;;417,0
54,17;100,0;69,87;24/09/2026 12:20;;418,0
54,17;100,0;69,84;24/09/2026 12:20;;419,0
54,16;100,0;69,81;24/09/2026 12:20;;420,0
54,16;100,0;69,77;24/09/2026 12:20;;421,0
54,15;100,0;69,77;24/09/2026 12:20;;422,0
54,15;100,0;69,71;24/09/2026 12:20;;423,0
54,13;100,0;69,66;24/09/2026 12:20;;424,0
54,14;100,0;69,63;24/09/2026 12:20;;425,0
54,12;100,0;69,6;24/09/2026 12:20;;426,0
54,1;100,0;69,58;24/09/2026 12:20;;427,0
54,09;100,0;69,54;24/09/2026 12:20;;428,0
54,06;100,0;69,49;24/09/2026 12:20;;429,0
54,06;100,0;69,45;24/09/2026 12:20;;430,0
54,03;100,0;69,41;24/09/2026 12:20;;431,0
54,02;100,0;69,38;24/09/2026 12:20;;432,0
54,0;100,0;69,34;24/09/2026 12:20;;433,0
53,97;100,0;69,3;24/09/2026 12:20;;434,0
53,96;100,0;69,28;24/09/2026 12:20;;435,0
53,92;100,0;69,24;24/09/2026 12:20;;436,0
53,91;100,0;69,2;24/09/2026 12:20;;437,0
53,89;100,0;69,17;24/09/2026 12:20;;438,0
53,87;100,0;69,14;24/09/2026 12:21;;439,0
53,85;100,0;69,11;24/09/2026 12:21;;440,0
53,83;100,0;69,08;24/09/2026 12:21;;441,0
53,8;100,0;69,04;24/09/2026 12:21;;442,0
53,78;100,0;69,01;24/09/2026 12:21;;443,0
53,76;100,0;68,98;24/09/2026 12:21;;444,0
53,73;100,0;68,96;24/09/2026 12:21;;445,0
53,72;100,0;68,93;24/09/2026 12:21;;446,0
53,68;100,0;68,91;24/09/2026 12:21;;447,0
53,69;100,0;68,89;24/09/2026 12:21;;448,0
53,65;100,0;68,86;24/09/2026 12:21;;449,0
53,63;100,0;68,84;24/09/2026 12:21;;450,0
53,59;100,0;68,82;24/09/2026 12:21;;451,0
53,59;100,0;68,79;24/09/2026 12:21;;452,0
53,56;100,0;68,78;24/09/2026 12:21;;453,0
53,56;100,0;68,76;24/09/2026 12:21;;454,0
53,54;100,0;68,72;24/09/2026 12:21;;455,0
53,51;100,0;68,72;24/09/2026 12:21;;456,0
53,51;100,0;68,72;24/09/2026 12:21;;457,0
53,5;100,0;68,7;24/09/2026 12:21;;458,0
53,49;100,0;68,68;24/09/2026 12:21;;459,0
53,47;100,0;68,67;24/09/2026 12:21;;460,0
53,45;100,0;68,66;24/09/2026 12:21;;461,0
53,43;100,0;68,63;24/09/2026 12:21;;462,0
53,42;100,0;68,61;24/09/2026 12:21;;463,0
53,39;100,0;68,6;24/09/2026 12:21;;464,0
53,38;100,0;68,58;24/09/2026 12:21;;465,0
53,37;100,0;68,57;24/09/2026 12:21;;466,0
53,36;100,0;68,55;24/09/2026 12:21;;467,0
53,34;100,0;68,54;24/09/2026 12:21;;468,0
53,32;100,0;68,51;24/09/2026 12:21;;469,0
53,3;100,0;68,5;24/09/2026 12:21;;470,0
53,29;100,0;68,49;24/09/2026 12:21;;471,0
53,28;100,0;68,48;24/09/2026 12:21;;472,0
53,26;100,0;68,45;24/09/2026 12:21;;473,0
53,24;100,0;68,44;24/09/2026 12:21;;474,0
53,21;100,0;68,4;24/09/2026 12:21;;475,0
53,19;100,0;68,39;24/09/2026 12:21;;476,0
53,19;100,0;68,39;24/09/2026 12:21;;477,0
53,18;100,0;68,41;24/09/2026 12:21;;478,0
53,16;100,0;68,36;24/09/2026 12:21;;479,0
53,16;100,0;68,32;24/09/2026 12:21;;480,0
53,13;100,0;68,29;24/09/2026 12:21;;481,0
53,11;100,0;68,27;24/09/2026 12:21;;482,0
53,11;100,0;68,25;24/09/2026 12:21;;483,0
53,1;100,0;68,24;24/09/2026 12:21;;484,0
53,07;100,0;68,21;24/09/2026 12:21;;485,0
53,07;100,0;68,2;24/09/2026 12:21;;486,0
53,05;100,0;68,18;24/09/2026 12:21;;487,0
53,03;100,0;68,17;24/09/2026 12:21;;488,0
53,01;100,0;68,26;24/09/2026 12:21;;489,0
53,01;100,0;68,39;24/09/2026 12:21;;490,0
53,02;100,0;68,52;24/09/2026 12:21;;491,0
53,05;100,0;68,68;24/09/2026 12:21;;492,0
53,08;100,0;68,86;24/09/2026 12:21;;493,0
53,12;100,0;69,03;24/09/2026 12:21;;494,0
53,17;100,0;69,2;24/09/2026 12:21;;495,0
53,23;100,0;69,37;24/09/2026 12:21;;496,0
53,28;100,0;69,46;24/09/2026 12:21;;497,0
53,36;100,0;69,55;24/09/2026 12:21;;498,0
53,42;100,0;69,65;24/09/2026 12:22;;499,0
53,48;100,0;69,7;24/09/2026 12:22;;500,0
53,53;100,0;69,75;24/09/2026 12:22;;501,0
53,61;100,0;69,82;24/09/2026 12:22;;502,0
53,61;100,0;69,85;24/09/2026 12:22;;503,0
53,69;100,0;69,93;24/09/2026 12:22;;504,0
53,73;100,0;69,96;24/09/2026 12:22;;505,0
53,79;100,0;70,02;24/09/2026 12:22;;506,0
53,83;100,0;70,06;24/09/2026 12:22;;507,0
53,88;100,0;70,1;24/09/2026 12:22;;508,0
53,92;100,0;70,16;24/09/2026 12:22;;509,0
53,97;100,0;70,21;24/09/2026 12:22;;510,0
54,02;100,0;70,16;24/09/2026 12:22;;511,0
54,05;100,0;70,15;24/09/2026 12:22;;512,0
54,07;100,0;70,13;24/09/2026 12:22;;513,0
54,1;100,0;70,12;24/09/2026 12:22;;514,0
54,11;100,0;70,08;24/09/2026 12:22;;515,0
54,12;100,0;70,06;24/09/2026 12:22;;516,0
54,16;99,45;70,08;24/09/2026 12:22;;517,0
54,16;98,89;70,0;24/09/2026 12:22;;518,0
54,16;98,34;69,96;24/09/2026 12:22;;519,0
54,17;97,77;69,95;24/09/2026 12:22;;520,0
54,18;97,22;69,92;24/09/2026 12:22;;521,0
54,18;97,22;69,92;24/09/2026 12:22;;522,0
54,17;96,11;69,9;24/09/2026 12:22;;523,0
54,17;96,11;69,9;24/09/2026 12:22;;524,0
54,18;95,56;69,87;24/09/2026 12:22;;525,0
54,16;94,99;69,85;24/09/2026 12:22;;526,0
54,16;94,45;69,84;24/09/2026 12:22;;527,0
54,15;93,9;69,82;24/09/2026 12:22;;528,0
54,11;93,33;69,79;24/09/2026 12:22;;529,0
54,1;92,78;69,74;24/09/2026 12:22;;530,0
54,09;92,22;69,72;24/09/2026 12:22;;531,0
54,06;91,67;69,69;24/09/2026 12:22;;532,0
54,06;91,12;69,67;24/09/2026 12:22;;533,0
54,03;90,55;69,66;24/09/2026 12:22;;534,0
54,0;90,0;69,62;24/09/2026 12:22;;535,0
53,97;89,44;69,59;24/09/2026 12:22;;536,0
53,95;88,89;69,55;24/09/2026 12:22;;537,0
53,92;88,33;69,53;24/09/2026 12:22;;538,0
53,91;87,78;69,55;24/09/2026 12:22;;539,0
53,86;87,23;69,49;24/09/2026 12:22;;540,0
53,83;86,66;69,44;24/09/2026 12:22;;541,0
53,8;86,11;69,42;24/09/2026 12:22;;542,0
53,78;85,55;69,4;24/09/2026 12:22;;543,0
53,75;85,0;69,43;24/09/2026 12:22;;544,0
53,71;84,45;69,37;24/09/2026 12:22;;545,0
53,69;83,89;69,33;24/09/2026 12:22;;546,0
53,65;83,34;69,31;24/09/2026 12:22;;547,0
53,62;82,77;69,27;24/09/2026 12:22;;548,0
53,57;82,22;69,24;24/09/2026 12:22;;549,0
53,54;81,67;69,21;24/09/2026 12:22;;550,0
53,51;81,11;69,23;24/09/2026 12:22;;551,0
53,45;80,56;69,18;24/09/2026 12:22;;552,0
53,42;79,99;69,17;24/09/2026 12:22;;553,0
53,37;79,44;69,15;24/09/2026 12:22;;554,0
53,34;78,9;69,13;24/09/2026 12:22;;555,0
53,31;78,33;69,12;24/09/2026 12:22;;556,0
53,27;77,78;69,11;24/09/2026 12:22;;557,0
53,25;77,22;69,08;24/09/2026 12:22;;558,0
53,17;76,67;69,08;24/09/2026 12:23;;559,0
53,15;76,12;69,04;24/09/2026 12:23;;560,0
53,12;75,55;69,04;24/09/2026 12:23;;561,0
53,07;75,0;69,02;24/09/2026 12:23;;562,0
53,04;74,44;69,0;24/09/2026 12:23;;563,0
53,0;73,34;69,0;24/09/2026 12:23;;564,0
52,95;72,78;68,99;24/09/2026 12:23;;565,0
52,92;72,23;68,98;24/09/2026 12:23;;566,0
52,89;71,66;69,0;24/09/2026 12:23;;567,0
52,84;71,11;68,98;24/09/2026 12:23;;568,0
52,79;70,56;68,98;24/09/2026 12:23;;569,0
52,75;70,0;68,96;24/09/2026 12:23;;570,0
52,7;69,45;68,97;24/09/2026 12:23;;571,0
52,65;68,88;68,98;24/09/2026 12:23;;572,0
52,62;68,34;68,97;24/09/2026 12:23;;573,0
52,57;67,77;68,96;24/09/2026 12:23;;574,0
52,51;67,22;68,96;24/09/2026 12:23;;575,0
52,46;66,67;68,97;24/09/2026 12:23;;576,0
52,41;66,11;68,94;24/09/2026 12:23;;577,0
52,37;65,56;68,94;24/09/2026 12:23;;578,0
52,37;65,56;68,94;24/09/2026 12:23;;579,0
52,31;64,99;68,93;24/09/2026 12:23;;580,0
52,26;64,44;68,94;24/09/2026 12:23;;581,0
52,21;63,89;68,93;24/09/2026 12:23;;582,0
52,15;63,33;68,93;24/09/2026 12:23;;583,0
52,1;62,78;68,94;24/09/2026 12:23;;584,0
52,03;62,22;68,93;24/09/2026 12:23;;585,0
51,97;61,67;68,94;24/09/2026 12:23;;586,0
51,91;61,12;68,92;24/09/2026 12:23;;587,0
51,87;60,55;68,93;24/09/2026 12:23;;588,0
51,82;60,0;68,93;24/09/2026 12:23;;589,0
51,74;59,44;68,93;24/09/2026 12:23;;590,0
51,7;58,89;68,93;24/09/2026 12:23;;591,0
51,61;58,34;68,92;24/09/2026 12:23;;592,0
51,56;57,78;69,04;24/09/2026 12:23;;593,0
51,5;57,23;69,21;24/09/2026 12:23;;594,0
51,46;56,66;69,37;24/09/2026 12:23;;595,0
51,42;56,11;69,58;24/09/2026 12:23;;596,0
51,4;55,56;69,77;24/09/2026 12:23;;597,0
51,38;55,0;70,02;24/09/2026 12:23;;598,0
51,36;54,45;70,21;24/09/2026 12:23;;599,0
51,35;53,88;70,39;24/09/2026 12:23;;600,0
51,34;53,33;70,54;24/09/2026 12:23;;601,0
51,34;52,78;70,66;24/09/2026 12:23;;602,0
51,34;52,22;70,76;24/09/2026 12:23;;603,0
51,32;51,67;70,86;24/09/2026 12:23;;604,0
51,31;51,11;70,94;24/09/2026 12:23;;605,0
51,28;50,56;71,01;24/09/2026 12:23;;606,0
51,26;50,01;71,1;24/09/2026 12:23;;607,0
51,23;49,44;71,16;24/09/2026 12:23;;608,0
51,21;48,89;71,27;24/09/2026 12:23;;609,0
51,19;48,33;71,31;24/09/2026 12:23;;610,0
51,14;47,78;71,39;24/09/2026 12:23;;611,0
51,12;47,22;71,47;24/09/2026 12:23;;612,0
51,05;46,67;71,53;24/09/2026 12:23;;613,0
51,01;46,12;71,57;24/09/2026 12:23;;614,0
50,97;45,55;71,59;24/09/2026 12:23;;615,0
50,9;45,0;71,63;24/09/2026 12:23;;616,0
50,85;44,44;71,66;24/09/2026 12:23;;617,0
50,77;43,89;71,67;24/09/2026 12:23;;618,0
50,72;43,34;71,69;24/09/2026 12:24;;619,0
50,64;42,77;71,78;24/09/2026 12:24;;620,0
50,58;42,22;71,73;24/09/2026 12:24;;621,0
50,47;41,66;71,78;24/09/2026 12:24;;622,0
50,41;41,11;71,79;24/09/2026 12:24;;623,0
50,32;40,0;71,8;24/09/2026 12:24;;624,0
50,22;39,45;71,88;24/09/2026 12:24;;625,0
50,1;38,88;71,91;24/09/2026 12:24;;626,0
50,02;38,33;71,9;24/09/2026 12:24;;627,0
49,91;37,78;71,99;24/09/2026 12:24;;628,0
49,8;37,22;72,0;24/09/2026 12:24;;629,0
49,71;36,67;72,03;24/09/2026 12:24;;630,0
49,59;36,11;72,09;24/09/2026 12:24;;631,0
49,46;35,56;72,13;24/09/2026 12:24;;632,0
49,34;35,01;72,15;24/09/2026 12:24;;633,0
49,21;34,44;72,23;24/09/2026 12:24;;634,0
49,08;33,89;72,26;24/09/2026 12:24;;635,0
48,95;33,33;72,31;24/09/2026 12:24;;636,0
48,81;32,78;72,38;24/09/2026 12:24;;637,0
48,65;32,23;72,43;24/09/2026 12:24;;638,0
48,52;31,66;72,47;24/09/2026 12:24;;639,0
48,4;31,12;72,54;24/09/2026 12:24;;640,0
48,2;30,55;72,57;24/09/2026 12:24;;641,0
48,08;30,0;72,61;24/09/2026 12:24;;642,0
48,08;30,0;72,61;24/09/2026 12:24;;643,0
47,91;29,44;72,66;24/09/2026 12:24;;644,0
47,75;28,89;72,72;24/09/2026 12:24;;645,0
47,59;28,34;72,77;24/09/2026 12:24;;646,0
47,4;27,77;72,88;24/09/2026 12:24;;647,0
47,22;27,22;72,92;24/09/2026 12:24;;648,0
47,03;26,66;72,98;24/09/2026 12:24;;649,0
46,81;26,11;73,03;24/09/2026 12:24;;650,0
46,6;25,56;73,14;24/09/2026 12:24;;651,0
46,43;25,0;73,21;24/09/2026 12:24;;652,0
46,22;24,45;73,25;24/09/2026 12:24;;653,0
46,01;23,88;73,33;24/09/2026 12:24;;654,0
45,77;23,33;73,49;24/09/2026 12:24;;655,0
45,54;22,78;73,57;24/09/2026 12:24;;656,0
45,35;22,22;73,68;24/09/2026 12:24;;657,0
45,09;21,67;73,75;24/09/2026 12:24;;658,0
44,83;21,1;73,86;24/09/2026 12:24;;659,0
44,58;20,56;73,96;24/09/2026 12:24;;660,0
44,35;20,01;74,01;24/09/2026 12:24;;661,0
44,07;19,44;74,13;24/09/2026 12:24;;662,0
43,78;18,89;74,2;24/09/2026 12:24;;663,0
43,5;18,33;74,31;24/09/2026 12:24;;664,0
43,25;17,78;74,4;24/09/2026 12:24;;665,0
42,91;17,23;74,51;24/09/2026 12:24;;666,0
42,67;16,66;74,62;24/09/2026 12:24;;667,0
42,37;16,11;74,71;24/09/2026 12:24;;668,0
42,04;15,55;74,84;24/09/2026 12:24;;669,0
41,7;15,0;74,94;24/09/2026 12:24;;670,0
41,39;14,45;75,05;24/09/2026 12:24;;671,0
41,06;13,89;75,19;24/09/2026 12:24;;672,0
40,71;13,34;75,3;24/09/2026 12:24;;673,0
40,34;12,77;75,43;24/09/2026 12:24;;674,0
39,98;12,22;75,55;24/09/2026 12:24;;675,0
39,62;11,67;75,66;24/09/2026 12:24;;676,0
39,3;11,11;75,78;24/09/2026 12:24;;677,0
38,87;10,56;75,92;24/09/2026 12:24;;678,0
38,52;10,0;76,04;24/09/2026 12:25;;679,0
38,11;9,45;76,18;24/09/2026 12:25;;680,0
37,71;8,88;76,33;24/09/2026 12:25;;681,0
37,33;8,33;76,47;24/09/2026 12:25;;682,0
36,87;7,78;76,6;24/09/2026 12:25;;683,0
36,42;7,22;76,75;24/09/2026 12:25;;684,0
35,97;6,67;76,88;24/09/2026 12:25;;685,0
35,61;6,1;77,03;24/09/2026 12:25;;686,0
35,1;5,55;77,18;24/09/2026 12:25;;687,0
34,64;4,44;77,32;24/09/2026 12:25;;688,0
34,21;3,89;77,45;24/09/2026 12:25;;689,0
33,73;3,33;77,61;24/09/2026 12:25;;690,0
33,24;2,78;77,75;24/09/2026 12:25;;691,0
32,74;2,23;77,9;24/09/2026 12:25;;692,0
32,19;1,66;78,03;24/09/2026 12:25;;693,0
31,72;1,11;78,2;24/09/2026 12:25;;694,0
31,3;0,55;78,33;24/09/2026 12:25;;695,0
30,74;0,0;78,48;24/09/2026 12:25;;696,0
30,26;0,0;78,64;24/09/2026 12:25;;697,0
29,74;0,0;78,56;24/09/2026 12:25;;698,0
29,24;0,0;78,49;24/09/2026 12:25;;699,0
28,75;0,0;78,42;24/09/2026 12:25;;700,0
28,23;0,0;78,54;24/09/2026 12:25;;701,0
27,96;0,0;78,69;24/09/2026 12:25;;702,0
27,38;0,0;78,85;24/09/2026 12:25;;703,0
27,38;0,0;78,85;24/09/2026 12:25;;704,0
26,91;0,0;79,02;24/09/2026 12:25;;705,0
26,53;0,0;79,16;24/09/2026 12:25;;706,0
26,17;0,0;79,3;24/09/2026 12:25;;707,0
25,74;0,0;79,44;24/09/2026 12:25;;708,0
25,39;0,0;79,56;24/09/2026 12:25;;709,0
25,01;0,0;79,67;24/09/2026 12:25;;710,0
24,64;0,0;79,77;24/09/2026 12:25;;711,0
24,29;0,0;79,86;24/09/2026 12:25;;712,0
23,97;0,0;79,93;24/09/2026 12:25;;713,0
23,63;0,0;80,01;24/09/2026 12:25;;714,0
23,29;0,0;80,08;24/09/2026 12:25;;715,0
23,03;0,0;80,13;24/09/2026 12:25;;716,0
22,68;0,0;80,19;24/09/2026 12:25;;717,0
22,33;0,0;80,24;24/09/2026 12:25;;718,0
22,08;0,0;80,28;24/09/2026 12:25;;719,0
21,76;0,0;80,31;24/09/2026 12:25;;720,0
21,5;0,0;80,32;24/09/2026 12:25;;721,0
21,21;0,0;80,32;24/09/2026 12:25;;722,0
20,89;0,0;80,3;24/09/2026 12:25;;723,0
20,64;0,0;80,28;24/09/2026 12:25;;724,0
20,37;0,0;80,24;24/09/2026 12:25;;725,0
20,11;0,0;80,19;24/09/2026 12:25;;726,0
19,91;0,0;80,14;24/09/2026 12:25;;727,0
19,6;0,0;80,08;24/09/2026 12:25;;728,0
19,33;0,0;80,02;24/09/2026 12:25;;729,0
19,08;0,0;79,97;24/09/2026 12:25;;730,0
18,83;0,0;79,91;24/09/2026 12:25;;731,0
18,66;0,0;79,86;24/09/2026 12:25;;732,0
18,38;0,0;79,8;24/09/2026 12:25;;733,0
18,15;0,0;79,77;24/09/2026 12:25;;734,0
17,95;0,0;79,72;24/09/2026 12:25;;735,0
17,71;0,0;79,68;24/09/2026 12:25;;736,0
17,5;0,0;79,63;24/09/2026 12:25;;737,0
17,32;0,0;79,59;24/09/2026 12:25;;738,0
17,07;0,0;79,55;24/09/2026 12:26;;739,0
16,87;0,0;79,51;24/09/2026 12:26;;740,0
16,68;0,0;79,48;24/09/2026 12:26;;741,0
16,48;0,0;79,45;24/09/2026 12:26;;742,0
16,36;0,0;79,4;24/09/2026 12:26;;743,0
16,1;0,0;79,38;24/09/2026 12:26;;744,0
15,98;0,0;79,34;24/09/2026 12:26;;745,0
15,75;0,0;79,31;24/09/2026 12:26;;746,0
15,56;0,0;79,28;24/09/2026 12:26;;747,0
15,38;0,0;79,25;24/09/2026 12:26;;748,0
15,21;0,0;79,23;24/09/2026 12:26;;749,0
15,04;0,0;79,2;24/09/2026 12:26;;750,0
14,92;0,0;79,17;24/09/2026 12:26;;751,0
14,72;0,0;79,14;24/09/2026 12:26;;752,0
14,59;0,0;79,1;24/09/2026 12:26;;753,0
14,42;0,0;79,08;24/09/2026 12:26;;754,0
14,27;0,0;79,06;24/09/2026 12:26;;755,0
14,11;0,0;79,04;24/09/2026 12:26;;756,0
14,11;0,0;79,04;24/09/2026 12:26;;757,0
13,96;0,0;79,02;24/09/2026 12:26;;758,0
13,81;0,0;78,99;24/09/2026 12:26;;759,0
13,67;0,0;78,97;24/09/2026 12:26;;760,0
13,56;0,0;78,94;24/09/2026 12:26;;761,0
13,42;0,0;78,92;24/09/2026 12:26;;762,0
13,27;0,0;78,89;24/09/2026 12:26;;763,0
13,2;0,0;78,86;24/09/2026 12:26;;764,0
13,01;0,0;78,84;24/09/2026 12:26;;765,0
12,88;0,0;78,82;24/09/2026 12:26;;766,0
12,76;0,0;78,79;24/09/2026 12:26;;767,0
12,64;0,0;78,77;24/09/2026 12:26;;768,0
12,53;0,0;78,75;24/09/2026 12:26;;769,0
12,4;0,0;78,72;24/09/2026 12:26;;770,0
12,29;0,0;78,69;24/09/2026 12:26;;771,0
12,18;0,0;78,67;24/09/2026 12:26;;772,0
12,07;0,0;78,65;24/09/2026 12:26;;773,0
11,97;0,0;78,63;24/09/2026 12:26;;774,0
11,87;0,0;78,61;24/09/2026 12:26;;775,0
11,76;0,0;78,57;24/09/2026 12:26;;776,0
11,67;0,0;78,55;24/09/2026 12:26;;777,0
11,57;0,0;78,54;24/09/2026 12:26;;778,0
11,47;0,0;78,51;24/09/2026 12:26;;779,0
11,38;0,0;78,48;24/09/2026 12:26;;780,0
11,27;0,0;78,46;24/09/2026 12:26;;781,0
11,19;0,0;78,44;24/09/2026 12:26;;782,0
11,1;0,0;78,41;24/09/2026 12:26;;783,0
11,02;0,0;78,38;24/09/2026 12:26;;784,0
10,93;0,0;78,36;24/09/2026 12:26;;785,0
10,85;0,0;78,33;24/09/2026 12:26;;786,0
10,77;0,0;78,32;24/09/2026 12:26;;787,0
10,69;0,0;78,28;24/09/2026 12:26;;788,0
10,61;0,0;78,26;24/09/2026 12:26;;789,0
10,53;0,0;78,24;24/09/2026 12:26;;790,0
10,46;0,0;78,22;24/09/2026 12:26;;791,0
10,38;0,0;78,19;24/09/2026 12:26;;792,0
10,3;0,0;78,16;24/09/2026 12:26;;793,0
10,25;0,0;78,13;24/09/2026 12:26;;794,0
10,18;0,0;78,12;24/09/2026 12:26;;795,0
10,1;0,0;78,09;24/09/2026 12:26;;796,0
10,04;0,0;78,07;24/09/2026 12:26;;797,0
9,97;0,0;78,04;24/09/2026 12:26;;798,0
9,91;0,0;78,02;24/09/2026 12:27;;799,0
9,85;0,0;77,99;24/09/2026 12:27;;800,0
9,79;0,0;77,96;24/09/2026 12:27;;801,0
9,72;0,0;77,93;24/09/2026 12:27;;802,0
9,66;0,0;77,91;24/09/2026 12:27;;803,0
9,62;0,0;77,88;24/09/2026 12:27;;804,0
9,55;0,0;77,85;24/09/2026 12:27;;805,0
9,49;0,0;77,82;24/09/2026 12:27;;806,0
9,46;0,0;77,8;24/09/2026 12:27;;807,0
9,39;0,0;77,78;24/09/2026 12:27;;808,0
9,33;0,0;77,74;24/09/2026 12:27;;809,0
9,28;0,0;77,71;24/09/2026 12:27;;810,0
9,24;0,0;77,69;24/09/2026 12:27;;811,0
9,18;0,0;77,65;24/09/2026 12:27;;812,0
9,14;0,0;77,62;24/09/2026 12:27;;813,0
9,08;0,0;77,6;24/09/2026 12:27;;814,0
9,05;0,0;77,57;24/09/2026 12:27;;815,0
9,0;0,0;77,54;24/09/2026 12:27;;816,0
8,95;0,0;77,69;24/09/2026 12:27;;817,0
8,91;0,0;77,91;24/09/2026 12:27;;818,0
8,86;0,0;78,16;24/09/2026 12:27;;819,0
8,86;0,0;78,16;24/09/2026 12:27;;820,0
8,83;0,0;78,42;24/09/2026 12:27;;821,0
8,79;0,0;78,67;24/09/2026 12:27;;822,0
8,75;0,0;78,87;24/09/2026 12:27;;823,0
8,72;0,0;79,05;24/09/2026 12:27;;824,0
8,69;0,0;79,2;24/09/2026 12:27;;825,0
8,67;0,0;79,31;24/09/2026 12:27;;826,0
8,64;0,0;79,45;24/09/2026 12:27;;827,0
8,61;0,0;79,55;24/09/2026 12:27;;828,0
8,59;0,0;79,66;24/09/2026 12:27;;829,0
8,56;0,0;79,73;24/09/2026 12:27;;830,0
8,54;0,0;79,82;24/09/2026 12:27;;831,0
8,51;0,0;79,89;24/09/2026 12:27;;832,0
8,48;0,0;79,97;24/09/2026 12:27;;833,0
8,46;0,0;80,02;24/09/2026 12:27;;834,0
8,44;0,0;80,08;24/09/2026 12:27;;835,0
8,42;0,0;80,12;24/09/2026 12:27;;836,0
8,41;0,0;80,15;24/09/2026 12:27;;837,0
8,38;0,0;80,15;24/09/2026 12:27;;838,0
8,36;0,0;80,13;24/09/2026 12:27;;839,0
8,34;0,0;80,11;24/09/2026 12:27;;840,0
8,32;0,0;80,08;24/09/2026 12:27;;841,0
8,3;0,0;80,02;24/09/2026 12:27;;842,0
8,28;0,0;79,96;24/09/2026 12:27;;843,0
8,26;0,0;79,9;24/09/2026 12:27;;844,0
8,25;0,0;79,85;24/09/2026 12:27;;845,0
8,23;0,0;79,79;24/09/2026 12:27;;846,0
8,21;0,0;79,75;24/09/2026 12:27;;847,0
8,19;0,0;79,69;24/09/2026 12:27;;848,0
8,17;0,0;79,66;24/09/2026 12:27;;849,0
8,16;0,0;79,6;24/09/2026 12:27;;850,0
8,14;0,0;79,56;24/09/2026 12:27;;851,0
8,12;0,0;79,52;24/09/2026 12:27;;852,0
8,11;0,0;79,48;24/09/2026 12:27;;853,0
8,08;0,0;79,44;24/09/2026 12:27;;854,0
8,07;0,0;79,4;24/09/2026 12:27;;855,0
8,05;0,0;79,36;24/09/2026 12:27;;856,0
8,05;0,0;79,32;24/09/2026 12:27;;857,0
8,02;0,0;79,29;24/09/2026 12:27;;858,0
8,0;0,0;79,26;24/09/2026 12:28;;859,0
7,99;0,0;79,23;24/09/2026 12:28;;860,0
7,98;0,0;79,19;24/09/2026 12:28;;861,0
7,96;0,0;79,16;24/09/2026 12:28;;862,0
7,94;0,0;79,14;24/09/2026 12:28;;863,0
7,93;0,0;79,1;24/09/2026 12:28;;864,0
7,91;0,0;79,06;24/09/2026 12:28;;865,0
7,9;0,0;79,04;24/09/2026 12:28;;866,0
7,89;0,0;79,02;24/09/2026 12:28;;867,0
7,87;0,0;78,99;24/09/2026 12:28;;868,0
7,86;0,0;78,96;24/09/2026 12:28;;869,0
7,85;0,0;78,94;24/09/2026 12:28;;870,0
7,84;0,0;78,9;24/09/2026 12:28;;871,0
7,83;0,0;78,87;24/09/2026 12:28;;872,0
7,81;0,0;78,86;24/09/2026 12:28;;873,0
7,8;0,0;78,84;24/09/2026 12:28;;874,0
7,79;0,0;78,82;24/09/2026 12:28;;875,0
7,77;0,0;78,79;24/09/2026 12:28;;876,0
7,76;0,0;78,76;24/09/2026 12:28;;877,0
7,75;0,0;78,74;24/09/2026 12:28;;878,0
7,74;0,0;78,72;24/09/2026 12:28;;879,0
7,73;0,0;78,69;24/09/2026 12:28;;880,0
7,72;0,0;78,67;24/09/2026 12:28;;881,0
7,7;0,0;78,64;24/09/2026 12:28;;882,0
7,7;0,0;78,64;24/09/2026 12:28;;883,0
7,7;0,0;78,62;24/09/2026 12:28;;884,0
7,69;0,0;78,59;24/09/2026 12:28;;885,0
7,68;0,0;78,57;24/09/2026 12:28;;886,0
7,67;0,0;78,55;24/09/2026 12:28;;887,0
7,65;0,0;78,53;24/09/2026 12:28;;888,0
7,64;0,0;78,51;24/09/2026 12:28;;889,0
7,64;0,0;78,48;24/09/2026 12:28;;890,0
7,63;0,0;78,46;24/09/2026 12:28;;891,0
7,62;0,0;78,44;24/09/2026 12:28;;892,0
7,61;0,0;78,42;24/09/2026 12:28;;893,0
7,6;0,0;78,38;24/09/2026 12:28;;894,0
7,59;0,0;78,37;24/09/2026 12:28;;895,0
7,58;0,0;78,34;24/09/2026 12:28;;896,0
7,58;0,0;78,33;24/09/2026 12:28;;897,0
7,56;0,0;78,3;24/09/2026 12:28;;898,0
7,55;0,0;78,27;24/09/2026 12:28;;899,0
7,54;0,0;78,26;24/09/2026 12:28;;900,0
7,53;0,0;78,23;24/09/2026 12:28;;901,0
7,53;0,0;78,21;24/09/2026 12:28;;902,0
7,52;0,0;78,19;24/09/2026 12:28;;903,0
7,51;0,0;78,17;24/09/2026 12:28;;904,0
7,51;0,0;78,14;24/09/2026 12:28;;905,0
7,5;0,0;78,12;24/09/2026 12:28;;906,0
7,49;0,0;78,09;24/09/2026 12:28;;907,0
7,48;0,0;78,06;24/09/2026 12:28;;908,0
7,47;0,0;78,04;24/09/2026 12:28;;909,0
7,47;0,0;78,02;24/09/2026 12:28;;910,0
7,45;0,0;78,01;24/09/2026 12:28;;911,0
7,45;0,0;77,97;24/09/2026 12:28;;912,0
7,44;0,0;77,94;24/09/2026 12:28;;913,0
7,43;0,0;77,92;24/09/2026 12:28;;914,0
7,43;0,0;77,9;24/09/2026 12:28;;915,0
7,42;0,0;77,86;24/09/2026 12:28;;916,0
7,42;0,0;77,84;24/09/2026 12:28;;917,0
7,41;0,0;77,81;24/09/2026 12:28;;918,0
7,4;0,0;77,79;24/09/2026 12:29;;919,0
7,4;0,0;77,75;24/09/2026 12:29;;920,0
7,39;0,0;77,74;24/09/2026 12:29;;921,0
7,38;0,0;77,71;24/09/2026 12:29;;922,0
7,37;0,0;77,68;24/09/2026 12:29;;923,0
7,37;0,0;77,65;24/09/2026 12:29;;924,0
7,36;0,0;77,63;24/09/2026 12:29;;925,0
7,35;0,0;77,6;24/09/2026 12:29;;926,0
7,35;0,0;77,58;24/09/2026 12:29;;927,0
7,34;0,0;77,54;24/09/2026 12:29;;928,0
7,34;0,0;77,51;24/09/2026 12:29;;929,0
7,32;0,0;77,49;24/09/2026 12:29;;930,0
7,32;0,0;77,47;24/09/2026 12:29;;931,0
7,31;0,0;77,45;24/09/2026 12:29;;932,0
7,31;0,0;77,62;24/09/2026 12:29;;933,0
7,31;0,0;77,82;24/09/2026 12:29;;934,0
7,31;0,0;78,1;24/09/2026 12:29;;935,0
7,3;0,0;78,35;24/09/2026 12:29;;936,0
7,3;0,0;78,35;24/09/2026 12:29;;937,0
7,3;0,0;78,62;24/09/2026 12:29;;938,0
7,3;0,0;78,82;24/09/2026 12:29;;939,0
7,31;0,0;78,99;24/09/2026 12:29;;940,0
7,3;0,0;79,14;24/09/2026 12:29;;941,0
7,31;0,0;79,26;24/09/2026 12:29;;942,0
7,31;0,0;79,37;24/09/2026 12:29;;943,0
7,31;0,0;79,48;24/09/2026 12:29;;944,0
7,32;0,0;79,57;24/09/2026 12:29;;945,0
7,32;0,0;79,67;24/09/2026 12:29;;946,0
7,32;0,0;79,75;24/09/2026 12:29;;947,0
7,33;0,0;79,82;24/09/2026 12:29;;948,0
7,33;0,0;79,89;24/09/2026 12:29;;949,0
7,34;0,0;79,96;24/09/2026 12:29;;950,0
7,34;0,0;80,01;24/09/2026 12:29;;951,0
7,35;0,0;80,06;24/09/2026 12:29;;952,0
7,35;0,0;80,08;24/09/2026 12:29;;953,0
7,36;0,0;80,08;24/09/2026 12:29;;954,0
7,36;0,0;80,07;24/09/2026 12:29;;955,0
7,37;0,0;80,04;24/09/2026 12:29;;956,0
7,37;0,0;80,0;24/09/2026 12:29;;957,0
7,37;0,0;79,96;24/09/2026 12:29;;958,0
7,37;0,0;79,89;24/09/2026 12:29;;959,0
7,37;0,0;79,83;24/09/2026 12:29;;960,0
7,37;0,0;79,78;24/09/2026 12:29;;961,0
7,38;0,0;79,72;24/09/2026 12:29;;962,0
7,38;0,0;79,67;24/09/2026 12:29;;963,0
7,38;0,0;79,63;24/09/2026 12:29;;964,0
7,38;0,0;79,58;24/09/2026 12:29;;965,0
7,39;0,0;79,55;24/09/2026 12:29;;966,0
7,39;0,0;79,5;24/09/2026 12:29;;967,0
7,39;0,0;79,46;24/09/2026 12:29;;968,0
7,38;0,0;79,42;24/09/2026 12:29;;969,0
7,39;0,0;79,38;24/09/2026 12:29;;970,0
7,39;0,0;79,35;24/09/2026 12:29;;971,0
7,38;0,0;79,3;24/09/2026 12:29;;972,0
7,38;0,0;79,27;24/09/2026 12:29;;973,0
7,38;0,0;79,24;24/09/2026 12:29;;974,0
7,38;0,0;79,2;24/09/2026 12:29;;975,0
7,37;0,0;79,17;24/09/2026 12:29;;976,0
7,37;0,0;79,14;24/09/2026 12:29;;977,0
7,37;0,0;79,1;24/09/2026 12:29;;978,0
7,37;0,0;79,07;24/09/2026 12:30;;979,0
7,37;0,0;79,04;24/09/2026 12:30;;980,0
7,37;0,0;79,02;24/09/2026 12:30;;981,0
7,37;0,0;78,98;24/09/2026 12:30;;982,0
7,37;0,0;78,96;24/09/2026 12:30;;983,0
7,37;0,0;78,92;24/09/2026 12:30;;984,0
7,36;0,0;78,9;24/09/2026 12:30;;985,0
7,36;0,0;78,87;24/09/2026 12:30;;986,0
7,36;0,0;78,85;24/09/2026 12:30;;987,0
7,36;0,0;78,82;24/09/2026 12:30;;988,0
7,36;0,0;78,79;24/09/2026 12:30;;989,0
7,36;0,0;78,77;24/09/2026 12:30;;990,0
7,36;0,0;78,77;24/09/2026 12:30;;991,0
7,35;0,0;78,75;24/09/2026 12:30;;992,0
7,35;0,0;78,72;24/09/2026 12:30;;993,0
7,34;0,0;78,68;24/09/2026 12:30;;994,0
7,34;0,0;78,65;24/09/2026 12:30;;995,0
7,34;0,0;78,65;24/09/2026 12:30;;996,0
7,34;0,0;78,63;24/09/2026 12:30;;997,0
7,34;0,0;78,62;24/09/2026 12:30;;998,0
7,34;0,0;78,59;24/09/2026 12:30;;999,0
7,34;0,0;78,56;24/09/2026 12:30;;1000,0
7,34;0,0;78,54;24/09/2026 12:30;;1001,0
7,33;0,0;78,52;24/09/2026 12:30;;1002,0
7,32;0,0;78,49;24/09/2026 12:30;;1003,0
7,32;0,0;78,47;24/09/2026 12:30;;1004,0
7,32;0,0;78,45;24/09/2026 12:30;;1005,0
7,32;0,0;78,43;24/09/2026 12:30;;1006,0
7,31;0,0;78,41;24/09/2026 12:30;;1007,0
7,31;0,0;78,38;24/09/2026 12:30;;1008,0
7,31;0,0;78,36;24/09/2026 12:30;;1009,0
7,31;0,0;78,33;24/09/2026 12:30;;1010,0
7,31;0,0;78,32;24/09/2026 12:30;;1011,0
7,31;0,0;78,28;24/09/2026 12:30;;1012,0
7,31;0,0;78,27;24/09/2026 12:30;;1013,0
7,29;0,0;78,24;24/09/2026 12:30;;1014,0
7,29;0,0;78,23;24/09/2026 12:30;;1015,0
7,29;0,0;78,21;24/09/2026 12:30;;1016,0
7,29;0,0;78,17;24/09/2026 12:30;;1017,0
7,28;0,0;78,15;24/09/2026 12:30;;1018,0
7,29;0,0;78,14;24/09/2026 12:30;;1019,0
7,28;0,0;78,12;24/09/2026 12:30;;1020,0
7,28;0,0;78,09;24/09/2026 12:30;;1021,0
7,28;0,0;78,06;24/09/2026 12:30;;1022,0
7,27;0,0;78,04;24/09/2026 12:30;;1023,0
7,27;0,0;78,02;24/09/2026 12:30;;1024,0
7,27;0,0;77,99;24/09/2026 12:30;;1025,0
7,26;0,0;77,96;24/09/2026 12:30;;1026,0
7,26;0,0;77,94;24/09/2026 12:30;;1027,0
7,26;0,0;77,93;24/09/2026 12:30;;1028,0
7,26;0,0;77,91;24/09/2026 12:30;;1029,0
7,25;0,0;77,88;24/09/2026 12:30;;1030,0
7,25;0,0;77,84;24/09/2026 12:30;;1031,0
7,25;0,0;77,82;24/09/2026 12:30;;1032,0
7,24;0,0;77,8;24/09/2026 12:30;;1033,0
7,24;0,0;77,76;24/09/2026 12:30;;1034,0
7,23;0,0;77,74;24/09/2026 12:30;;1035,0
7,23;0,0;77,71;24/09/2026 12:30;;1036,0
7,23;0,0;77,7;24/09/2026 12:30;;1037,0
7,23;0,0;77,66;24/09/2026 12:30;;1038,0
7,22;0,0;77,64;24/09/2026 12:31;;1039,0
7,22;0,0;77,61;24/09/2026 12:31;;1040,0
7,21;0,0;77,59;24/09/2026 12:31;;1041,0
7,21;0,0;77,55;24/09/2026 12:31;;1042,0
7,21;0,0;77,53;24/09/2026 12:31;;1043,0
7,2;0,0;77,5;24/09/2026 12:31;;1044,0
7,2;0,0;77,47;24/09/2026 12:31;;1045,0
7,2;0,0;77,44;24/09/2026 12:31;;1046,0
7,19;0,0;77,41;24/09/2026 12:31;;1047,0
7,19;0,0;77,38;24/09/2026 12:31;;1048,0
7,18;0,0;77,5;24/09/2026 12:31;;1049,0
7,18;0,0;77,71;24/09/2026 12:31;;1050,0
7,18;0,0;77,95;24/09/2026 12:31;;1051,0
7,18;0,0;78,22;24/09/2026 12:31;;1052,0
7,18;0,0;78,47;24/09/2026 12:31;;1053,0
7,18;0,0;78,71;24/09/2026 12:31;;1054,0
7,18;0,0;78,71;24/09/2026 12:31;;1055,0
7,19;0,0;78,88;24/09/2026 12:31;;1056,0
7,2;0,0;79,03;24/09/2026 12:31;;1057,0
7,2;0,0;79,28;24/09/2026 12:31;;1058,0
7,2;0,0;79,28;24/09/2026 12:31;;1059,0
7,21;0,0;79,39;24/09/2026 12:31;;1060,0
7,22;0,0;79,49;24/09/2026 12:31;;1061,0
7,22;0,0;79,59;24/09/2026 12:31;;1062,0
7,23;0,0;79,67;24/09/2026 12:31;;1063,0
7,24;0,0;79,75;24/09/2026 12:31;;1064,0
7,24;0,0;79,82;24/09/2026 12:31;;1065,0
7,25;0,0;79,89;24/09/2026 12:31;;1066,0
7,25;0,0;79,93;24/09/2026 12:31;;1067,0
7,26;0,0;79,99;24/09/2026 12:31;;1068,0
7,27;0,0;80,02;24/09/2026 12:31;;1069,0
7,27;0,0;80,03;24/09/2026 12:31;;1070,0
7,27;0,0;80,02;24/09/2026 12:31;;1071,0
7,28;0,0;80,01;24/09/2026 12:31;;1072,0
7,29;0,0;79,98;24/09/2026 12:31;;1073,0
7,29;0,0;79,93;24/09/2026 12:31;;1074,0
7,29;0,0;79,88;24/09/2026 12:31;;1075,0
7,3;0,0;79,81;24/09/2026 12:31;;1076,0
7,3;0,0;79,76;24/09/2026 12:31;;1077,0
7,3;0,0;79,72;24/09/2026 12:31;;1078,0
7,31;0,0;79,66;24/09/2026 12:31;;1079,0
7,31;0,0;79,62;24/09/2026 12:31;;1080,0
7,31;0,0;79,58;24/09/2026 12:31;;1081,0
7,31;0,0;79,54;24/09/2026 12:31;;1082,0
7,31;0,0;79,48;24/09/2026 12:31;;1083,0
7,32;0,0;79,45;24/09/2026 12:31;;1084,0
7,32;0,0;79,4;24/09/2026 12:31;;1085,0
7,32;0,0;79,37;24/09/2026 12:31;;1086,0
7,32;0,0;79,32;24/09/2026 12:31;;1087,0
7,32;0,0;79,29;24/09/2026 12:31;;1088,0
7,32;0,0;79,26;24/09/2026 12:31;;1089,0
7,32;0,0;79,21;24/09/2026 12:31;;1090,0
7,32;0,0;79,19;24/09/2026 12:31;;1091,0
7,32;0,0;79,15;24/09/2026 12:31;;1092,0
7,32;0,0;79,11;24/09/2026 12:31;;1093,0
7,32;0,0;79,09;24/09/2026 12:31;;1094,0
7,32;0,0;79,06;24/09/2026 12:31;;1095,0
7,32;0,0;79,03;24/09/2026 12:31;;1096,0
7,32;0,0;78,99;24/09/2026 12:31;;1097,0
7,32;0,0;78,96;24/09/2026 12:31;;1098,0
7,32;0,0;78,94;24/09/2026 12:32;;1099,0
7,32;0,0;78,9;24/09/2026 12:32;;1100,0
7,31;0,0;78,88;24/09/2026 12:32;;1101,0
7,32;0,0;78,85;24/09/2026 12:32;;1102,0
7,31;0,0;78,83;24/09/2026 12:32;;1103,0
7,31;0,0;78,79;24/09/2026 12:32;;1104,0
7,31;0,0;78,77;24/09/2026 12:32;;1105,0
7,31;0,0;78,75;24/09/2026 12:32;;1106,0
7,31;0,0;78,73;24/09/2026 12:32;;1107,0
7,31;0,0;78,69;24/09/2026 12:32;;1108,0
7,31;0,0;78,67;24/09/2026 12:32;;1109,0
7,3;0,0;78,65;24/09/2026 12:32;;1110,0
7,3;0,0;78,63;24/09/2026 12:32;;1111,0
7,3;0,0;78,59;24/09/2026 12:32;;1112,0
7,29;0,0;78,57;24/09/2026 12:32;;1113,0
7,3;0,0;78,56;24/09/2026 12:32;;1114,0
7,29;0,0;78,54;24/09/2026 12:32;;1115,0
7,29;0,0;78,52;24/09/2026 12:32;;1116,0
7,29;0,0;78,49;24/09/2026 12:32;;1117,0
7,29;0,0;78,46;24/09/2026 12:32;;1118,0
7,29;0,0;78,46;24/09/2026 12:32;;1119,0
7,29;0,0;78,44;24/09/2026 12:32;;1120,0
7,28;0,0;78,42;24/09/2026 12:32;;1121,0
7,28;0,0;78,4;24/09/2026 12:32;;1122,0
7,28;0,0;78,37;24/09/2026 12:32;;1123,0
7,28;0,0;78,35;24/09/2026 12:32;;1124,0
7,28;0,0;78,33;24/09/2026 12:32;;1125,0
7,28;0,0;78,31;24/09/2026 12:32;;1126,0
7,27;0,0;78,28;24/09/2026 12:32;;1127,0
7,27;0,0;78,26;24/09/2026 12:32;;1128,0
7,27;0,0;78,24;24/09/2026 12:32;;1129,0
7,26;0,0;78,22;24/09/2026 12:32;;1130,0
7,26;0,0;78,2;24/09/2026 12:32;;1131,0
7,26;0,0;78,17;24/09/2026 12:32;;1132,0
7,26;0,0;78,16;24/09/2026 12:32;;1133,0
7,26;0,0;78,12;24/09/2026 12:32;;1134,0
7,25;0,0;78,1;24/09/2026 12:32;;1135,0
7,25;0,0;78,09;24/09/2026 12:32;;1136,0
7,25;0,0;78,07;24/09/2026 12:32;;1137,0
7,25;0,0;78,04;24/09/2026 12:32;;1138,0
7,24;0,0;78,01;24/09/2026 12:32;;1139,0
7,24;0,0;78,0;24/09/2026 12:32;;1140,0
7,24;0,0;77,96;24/09/2026 12:32;;1141,0
7,23;0,0;77,95;24/09/2026 12:32;;1142,0
7,23;0,0;77,92;24/09/2026 12:32;;1143,0
7,23;0,0;77,9;24/09/2026 12:32;;1144,0
7,23;0,0;77,86;24/09/2026 12:32;;1145,0
7,23;0,0;77,84;24/09/2026 12:32;;1146,0
7,22;0,0;77,82;24/09/2026 12:32;;1147,0
7,22;0,0;77,8;24/09/2026 12:32;;1148,0
7,22;0,0;77,78;24/09/2026 12:32;;1149,0
7,22;0,0;77,74;24/09/2026 12:32;;1150,0
7,22;0,0;77,71;24/09/2026 12:32;;1151,0
7,21;0,0;77,69;24/09/2026 12:32;;1152,0
7,2;0,0;77,66;24/09/2026 12:32;;1153,0
7,2;0,0;77,64;24/09/2026 12:32;;1154,0
7,2;0,0;77,62;24/09/2026 12:32;;1155,0
7,2;0,0;77,59;24/09/2026 12:32;;1156,0
7,19;0,0;77,57;24/09/2026 12:32;;1157,0
7,19;0,0;77,53;24/09/2026 12:32;;1158,0
7,18;0,0;77,5;24/09/2026 12:33;;1159,0
7,18;0,0;77,48;24/09/2026 12:33;;1160,0
7,18;0,0;77,44;24/09/2026 12:33;;1161,0
7,18;0,0;77,42;24/09/2026 12:33;;1162,0
7,17;0,0;77,39;24/09/2026 12:33;;1163,0
7,17;0,0;77,36;24/09/2026 12:33;;1164,0
7,17;0,0;77,4;24/09/2026 12:33;;1165,0
7,16;0,0;77,59;24/09/2026 12:33;;1166,0
7,17;0,0;77,8;24/09/2026 12:33;;1167,0
7,16;0,0;78,07;24/09/2026 12:33;;1168,0
7,16;0,0;78,33;24/09/2026 12:33;;1169,0
7,17;0,0;78,57;24/09/2026 12:33;;1170,0
7,17;0,0;78,77;24/09/2026 12:33;;1171,0
7,18;0,0;78,94;24/09/2026 12:33;;1172,0
7,18;0,0;79,07;24/09/2026 12:33;;1173,0
7,18;0,0;79,19;24/09/2026 12:33;;1174,0
7,19;0,0;79,3;24/09/2026 12:33;;1175,0
7,19;0,0;79,42;24/09/2026 12:33;;1176,0
7,2;0,0;79,5;24/09/2026 12:33;;1177,0
7,2;0,0;79,59;24/09/2026 12:33;;1178,0
7,21;0,0;79,68;24/09/2026 12:33;;1179,0
7,22;0,0;79,75;24/09/2026 12:33;;1180,0
7,23;0,0;79,82;24/09/2026 12:33;;1181,0
7,23;0,0;79,88;24/09/2026 12:33;;1182,0
7,23;0,0;79,88;24/09/2026 12:33;;1183,0
7,23;0,0;79,93;24/09/2026 12:33;;1184,0
7,24;0,0;79,97;24/09/2026 12:33;;1185,0
7,25;0,0;79,99;24/09/2026 12:33;;1186,0
7,25;0,0;80,0;24/09/2026 12:33;;1187,0
7,26;0,0;79,98;24/09/2026 12:33;;1188,0
7,26;0,0;79,96;24/09/2026 12:33;;1189,0
7,27;0,0;79,91;24/09/2026 12:33;;1190,0
7,28;0,0;79,87;24/09/2026 12:33;;1191,0
7,28;0,0;79,81;24/09/2026 12:33;;1192,0
7,28;0,0;79,75;24/09/2026 12:33;;1193,0
7,29;0,0;79,7;24/09/2026 12:33;;1194,0
7,29;0,0;79,65;24/09/2026 12:33;;1195,0
7,29;0,0;79,6;24/09/2026 12:33;;1196,0
7,29;0,0;79,56;24/09/2026 12:33;;1197,0
7,29;0,0;79,52;24/09/2026 12:33;;1198,0
7,29;0,0;79,47;24/09/2026 12:33;;1199,0
7,3;0,0;79,44;24/09/2026 12:33;;1200,0
7,3;0,0;79,39;24/09/2026 12:33;;1201,0
7,29;0,0;79,35;24/09/2026 12:33;;1202,0
7,31;0,0;79,31;24/09/2026 12:33;;1203,0
7,31;0,0;79,28;24/09/2026 12:33;;1204,0
7,31;0,0;79,24;24/09/2026 12:33;;1205,0
7,3;0,0;79,2;24/09/2026 12:33;;1206,0
7,3;0,0;79,16;24/09/2026 12:33;;1207,0
7,31;0,0;79,14;24/09/2026 12:33;;1208,0
7,31;0,0;79,1;24/09/2026 12:33;;1209,0
7,31;0,0;79,07;24/09/2026 12:33;;1210,0
7,31;0,0;79,05;24/09/2026 12:33;;1211,0
7,31;0,0;79,0;24/09/2026 12:33;;1212,0
7,31;0,0;78,97;24/09/2026 12:33;;1213,0
7,31;0,0;78,94;24/09/2026 12:33;;1214,0
7,31;0,0;78,92;24/09/2026 12:33;;1215,0
7,31;0,0;78,87;24/09/2026 12:33;;1216,0
7,31;0,0;78,85;24/09/2026 12:33;;1217,0
7,3;0,0;78,83;24/09/2026 12:33;;1218,0
7,3;0,0;78,8;24/09/2026 12:34;;1219,0
7,3;0,0;78,77;24/09/2026 12:34;;1220,0
7,3;0,0;78,75;24/09/2026 12:34;;1221,0
7,29;0,0;78,72;24/09/2026 12:34;;1222,0
7,29;0,0;78,69;24/09/2026 12:34;;1223,0
7,29;0,0;78,66;24/09/2026 12:34;;1224,0
7,29;0,0;78,65;24/09/2026 12:34;;1225,0
7,29;0,0;78,62;24/09/2026 12:34;;1226,0
7,29;0,0;78,61;24/09/2026 12:34;;1227,0
7,29;0,0;78,57;24/09/2026 12:34;;1228,0
7,29;0,0;78,56;24/09/2026 12:34;;1229,0
7,28;0,0;78,53;24/09/2026 12:34;;1230,0
7,28;0,0;78,51;24/09/2026 12:34;;1231,0
7,28;0,0;78,48;24/09/2026 12:34;;1232,0
7,28;0,0;78,46;24/09/2026 12:34;;1233,0
7,28;0,0;78,44;24/09/2026 12:34;;1234,0
7,28;0,0;78,42;24/09/2026 12:34;;1235,0
7,27;0,0;78,4;24/09/2026 12:34;;1236,0
7,27;0,0;78,37;24/09/2026 12:34;;1237,0
7,27;0,0;78,35;24/09/2026 12:34;;1238,0
7,26;0,0;78,33;24/09/2026 12:34;;1239,0
7,26;0,0;78,31;24/09/2026 12:34;;1240,0
7,26;0,0;78,28;24/09/2026 12:34;;1241,0
7,26;0,0;78,26;24/09/2026 12:34;;1242,0
7,26;0,0;78,26;24/09/2026 12:34;;1243,0
7,26;0,0;78,24;24/09/2026 12:34;;1244,0
7,25;0,0;78,21;24/09/2026 12:34;;1245,0
7,26;0,0;78,19;24/09/2026 12:34;;1246,0
7,25;0,0;78,16;24/09/2026 12:34;;1247,0
7,25;0,0;78,14;24/09/2026 12:34;;1248,0
7,25;0,0;78,13;24/09/2026 12:34;;1249,0
7,25;0,0;78,11;24/09/2026 12:34;;1250,0
7,24;0,0;78,09;24/09/2026 12:34;;1251,0
7,24;0,0;78,05;24/09/2026 12:34;;1252,0
7,24;0,0;78,04;24/09/2026 12:34;;1253,0
7,23;0,0;78,01;24/09/2026 12:34;;1254,0
7,23;0,0;77,99;24/09/2026 12:34;;1255,0
7,23;0,0;77,96;24/09/2026 12:34;;1256,0
7,23;0,0;77,94;24/09/2026 12:34;;1257,0
7,23;0,0;77,91;24/09/2026 12:34;;1258,0
7,22;0,0;77,89;24/09/2026 12:34;;1259,0
7,22;0,0;77,88;24/09/2026 12:34;;1260,0
7,22;0,0;77,84;24/09/2026 12:34;;1261,0
7,22;0,0;77,83;24/09/2026 12:34;;1262,0
7,21;0,0;77,8;24/09/2026 12:34;;1263,0
7,21;0,0;77,78;24/09/2026 12:34;;1264,0
7,2;0,0;77,74;24/09/2026 12:34;;1265,0
7,2;0,0;77,72;24/09/2026 12:34;;1266,0
7,2;0,0;77,69;24/09/2026 12:34;;1267,0
7,2;0,0;77,66;24/09/2026 12:34;;1268,0
7,19;0,0;77,64;24/09/2026 12:34;;1269,0
7,19;0,0;77,62;24/09/2026 12:34;;1270,0
7,19;0,0;77,6;24/09/2026 12:34;;1271,0
7,18;0,0;77,57;24/09/2026 12:34;;1272,0
7,18;0,0;77,53;24/09/2026 12:34;;1273,0
7,18;0,0;77,5;24/09/2026 12:34;;1274,0
7,18;0,0;77,48;24/09/2026 12:34;;1275,0
7,17;0,0;77,45;24/09/2026 12:34;;1276,0
7,17;0,0;77,42;24/09/2026 12:34;;1277,0
7,17;0,0;77,4;24/09/2026 12:34;;1278,0
7,16;0,0;77,37;24/09/2026 12:35;;1279,0
7,16;0,0;77,33;24/09/2026 12:35;;1280,0
7,15;0,0;77,31;24/09/2026 12:35;;1281,0
7,15;0,0;77,44;24/09/2026 12:35;;1282,0
7,15;0,0;77,65;24/09/2026 12:35;;1283,0
7,15;0,0;77,92;24/09/2026 12:35;;1284,0
7,15;0,0;78,15;24/09/2026 12:35;;1285,0
7,15;0,0;78,42;24/09/2026 12:35;;1286,0
7,16;0,0;78,63;24/09/2026 12:35;;1287,0
7,16;0,0;78,82;24/09/2026 12:35;;1288,0
7,16;0,0;78,97;24/09/2026 12:35;;1289,0
7,17;0,0;79,11;24/09/2026 12:35;;1290,0
7,18;0,0;79,23;24/09/2026 12:35;;1291,0
7,18;0,0;79,32;24/09/2026 12:35;;1292,0
7,18;0,0;79,42;24/09/2026 12:35;;1293,0
7,19;0,0;79,52;24/09/2026 12:35;;1294,0
7,2;0,0;79,61;24/09/2026 12:35;;1295,0
7,2;0,0;79,68;24/09/2026 12:35;;1296,0
7,22;0,0;79,75;24/09/2026 12:35;;1297,0
7,22;0,0;79,81;24/09/2026 12:35;;1298,0
7,22;0,0;79,88;24/09/2026 12:35;;1299,0
;;;;;1300,0
;;;;;1301,0
;;;;;1302,0
;;;;;1303,0
;;;;;1304,0
;;;;;1305,0
;;;;;1306,0
;;;;;1307,0
;;;;;1308,0
;;;;;1309,0
;;;;;1310,0
;;;TIME;;1311,0
-0,09;0,0;-0,07;24/09/2026 12:51;;1312,0
-0,09;0,0;-0,07;24/09/2026 12:51;;1313,0
-0,09;0,0;-0,07;24/09/2026 12:51;;1314,0
-0,09;0,0;0,02;24/09/2026 12:51;;1315,0
-0,05;0,0;61,1;24/09/2026 12:51;;1316,0
0,13;0,0;81,85;24/09/2026 12:51;;1317,0
0,13;0,0;81,85;24/09/2026 12:51;;1318,0
0,34;0,0;81,28;24/09/2026 12:51;;1319,0
0,55;0,0;81,05;24/09/2026 12:51;;1320,0
0,73;0,0;80,91;24/09/2026 12:51;;1321,0
0,87;0,0;80,79;24/09/2026 12:51;;1322,0
1,01;0,0;80,7;24/09/2026 12:51;;1323,0
1,12;0,0;80,62;24/09/2026 12:51;;1324,0
1,26;0,0;80,54;24/09/2026 12:51;;1325,0
1,37;0,0;80,49;24/09/2026 12:51;;1326,0
1,46;0,0;80,43;24/09/2026 12:51;;1327,0
1,59;0,0;80,37;24/09/2026 12:51;;1328,0
1,68;0,0;80,32;24/09/2026 12:51;;1329,0
1,78;0,0;80,28;24/09/2026 12:51;;1330,0
1,86;0,0;80,23;24/09/2026 12:51;;1331,0
1,92;0,0;80,19;24/09/2026 12:51;;1332,0
2,01;0,0;80,14;24/09/2026 12:51;;1333,0
2,1;0,0;80,11;24/09/2026 12:51;;1334,0
2,17;0,0;80,08;24/09/2026 12:52;;1335,0
2,24;0,0;80,04;24/09/2026 12:52;;1336,0
2,31;0,0;80,0;24/09/2026 12:52;;1337,0
2,37;0,0;79,97;24/09/2026 12:52;;1338,0
2,45;0,0;79,93;24/09/2026 12:52;;1339,0
2,49;0,0;79,92;24/09/2026 12:52;;1340,0
2,56;0,0;79,89;24/09/2026 12:52;;1341,0
2,61;0,0;79,86;24/09/2026 12:52;;1342,0
2,67;0,0;79,82;24/09/2026 12:52;;1343,0
2,72;0,0;79,79;24/09/2026 12:52;;1344,0
3,2;0,0;79,78;24/09/2026 12:52;;1345,0
3,45;0,0;79,76;24/09/2026 12:52;;1346,0
3,88;0,0;79,72;24/09/2026 12:52;;1347,0
4,21;0,0;79,7;24/09/2026 12:52;;1348,0
3,72;0,0;79,68;24/09/2026 12:52;;1349,0
3,7;0,0;79,66;24/09/2026 12:52;;1350,0
4,43;0,0;79,63;24/09/2026 12:52;;1351,0
4,74;0,0;79,6;24/09/2026 12:52;;1352,0
4,94;0,0;79,59;24/09/2026 12:52;;1353,0
5,26;0,0;79,57;24/09/2026 12:52;;1354,0
5,51;0,0;79,55;24/09/2026 12:52;;1355,0
5,66;0,0;79,52;24/09/2026 12:52;;1356,0
5,98;0,0;79,5;24/09/2026 12:52;;1357,0
6,26;0,0;79,48;24/09/2026 12:52;;1358,0
6,51;0,0;79,46;24/09/2026 12:52;;1359,0
6,81;0,0;79,45;24/09/2026 12:52;;1360,0
7,07;0,0;79,42;24/09/2026 12:52;;1361,0
7,34;0,0;79,4;24/09/2026 12:52;;1362,0
7,53;0,0;79,38;24/09/2026 12:52;;1363,0
7,84;0,0;79,36;24/09/2026 12:52;;1364,0
8,11;0,0;79,34;24/09/2026 12:52;;1365,0
8,34;0,0;79,31;24/09/2026 12:52;;1366,0
8,59;0,0;79,29;24/09/2026 12:52;;1367,0
8,86;0,0;79,28;24/09/2026 12:52;;1368,0
9,11;0,0;79,25;24/09/2026 12:52;;1369,0
9,36;0,0;79,24;24/09/2026 12:52;;1370,0
9,62;0,0;79,2;24/09/2026 12:52;;1371,0
8,59;0,0;79,18;24/09/2026 12:52;;1372,0
8,31;0,0;79,17;24/09/2026 12:52;;1373,0
8,06;0,0;79,14;24/09/2026 12:52;;1374,0
7,86;0,0;79,13;24/09/2026 12:52;;1375,0
7,67;0,0;79,09;24/09/2026 12:52;;1376,0
7,5;0,0;79,08;24/09/2026 12:52;;1377,0
7,33;0,0;79,05;24/09/2026 12:52;;1378,0
7,2;0,0;79,03;24/09/2026 12:52;;1379,0
7,2;0,0;79,03;24/09/2026 12:52;;1380,0
7,04;0,0;79,0;24/09/2026 12:52;;1381,0
6,93;0,0;78,98;24/09/2026 12:52;;1382,0
6,8;0,0;78,95;24/09/2026 12:52;;1383,0
6,7;0,0;78,94;24/09/2026 12:52;;1384,0
6,61;0,0;78,9;24/09/2026 12:52;;1385,0
6,5;0,0;78,87;24/09/2026 12:52;;1386,0
6,4;0,0;78,85;24/09/2026 12:52;;1387,0
6,3;0,0;78,82;24/09/2026 12:52;;1388,0
6,24;0,0;78,79;24/09/2026 12:52;;1389,0
6,15;0,0;78,77;24/09/2026 12:52;;1390,0
6,07;0,0;78,74;24/09/2026 12:52;;1391,0
6,01;0,0;78,71;24/09/2026 12:52;;1392,0
5,91;0,0;78,68;24/09/2026 12:52;;1393,0
5,87;0,0;78,66;24/09/2026 12:52;;1394,0
5,79;0,0;78,63;24/09/2026 12:53;;1395,0
5,73;0,0;78,61;24/09/2026 12:53;;1396,0
5,67;0,0;78,57;24/09/2026 12:53;;1397,0
5,6;0,0;78,54;24/09/2026 12:53;;1398,0
5,56;0,0;78,52;24/09/2026 12:53;;1399,0
5,49;0,0;78,58;24/09/2026 12:53;;1400,0
5,43;0,0;78,79;24/09/2026 12:53;;1401,0
5,38;0,0;79,05;24/09/2026 12:53;;1402,0
5,34;0,0;79,27;24/09/2026 12:53;;1403,0
5,3;0,0;79,54;24/09/2026 12:53;;1404,0
5,25;0,0;79,77;24/09/2026 12:53;;1405,0
5,21;0,0;79,94;24/09/2026 12:53;;1406,0
5,17;0,0;80,11;24/09/2026 12:53;;1407,0
5,13;0,0;80,25;24/09/2026 12:53;;1408,0
5,1;0,0;80,34;24/09/2026 12:53;;1409,0
5,07;0,0;80,44;24/09/2026 12:53;;1410,0
5,02;0,0;80,53;24/09/2026 12:53;;1411,0
4,99;0,0;80,6;24/09/2026 12:53;;1412,0
4,96;0,0;80,65;24/09/2026 12:53;;1413,0
4,93;0,0;80,71;24/09/2026 12:53;;1414,0
4,9;0,0;80,76;24/09/2026 12:53;;1415,0
4,88;0,0;80,83;24/09/2026 12:53;;1416,0
4,85;0,0;80,86;24/09/2026 12:53;;1417,0
4,82;0,0;80,9;24/09/2026 12:53;;1418,0
4,8;0,0;80,91;24/09/2026 12:53;;1419,0
4,77;0,0;80,91;24/09/2026 12:53;;1420,0
4,75;0,0;80,89;24/09/2026 12:53;;1421,0
4,72;0,0;80,86;24/09/2026 12:53;;1422,0
4,7;0,0;80,83;24/09/2026 12:53;;1423,0
4,68;0,0;80,79;24/09/2026 12:53;;1424,0
4,66;0,0;80,74;24/09/2026 12:53;;1425,0
4,63;0,0;80,69;24/09/2026 12:53;;1426,0
4,61;0,0;80,63;24/09/2026 12:53;;1427,0
4,59;0,0;80,59;24/09/2026 12:53;;1428,0
4,57;0,0;80,53;24/09/2026 12:53;;1429,0
4,55;0,0;80,49;24/09/2026 12:53;;1430,0
4,54;0,0;80,45;24/09/2026 12:53;;1431,0
4,51;0,0;80,41;24/09/2026 12:53;;1432,0
4,49;0,0;80,38;24/09/2026 12:53;;1433,0
4,49;0,0;80,38;24/09/2026 12:53;;1434,0
4,46;0,0;80,3;24/09/2026 12:53;;1435,0
4,46;0,0;80,3;24/09/2026 12:53;;1436,0
4,44;0,0;80,27;24/09/2026 12:53;;1437,0
4,41;0,0;80,19;24/09/2026 12:53;;1438,0
4,39;0,0;80,15;24/09/2026 12:53;;1439,0
4,39;0,0;80,15;24/09/2026 12:53;;1440,0
4,38;0,0;80,12;24/09/2026 12:53;;1441,0
4,36;0,0;80,08;24/09/2026 12:53;;1442,0
4,35;0,0;80,04;24/09/2026 12:53;;1443,0
4,34;0,0;80,02;24/09/2026 12:53;;1444,0
4,32;0,0;79,99;24/09/2026 12:53;;1445,0
4,31;0,0;79,96;24/09/2026 12:53;;1446,0
4,3;0,0;79,92;24/09/2026 12:53;;1447,0
4,28;0,0;79,9;24/09/2026 12:53;;1448,0
4,27;0,0;79,87;24/09/2026 12:53;;1449,0
4,25;0,0;79,83;24/09/2026 12:53;;1450,0
4,24;0,0;79,81;24/09/2026 12:53;;1451,0
4,23;0,0;79,78;24/09/2026 12:53;;1452,0
4,22;0,0;79,76;24/09/2026 12:53;;1453,0
4,21;0,0;79,73;24/09/2026 12:53;;1454,0
4,2;0,0;79,71;24/09/2026 12:54;;1455,0
4,19;0,0;79,68;24/09/2026 12:54;;1456,0
4,18;0,0;79,65;24/09/2026 12:54;;1457,0
4,17;0,0;79,61;24/09/2026 12:54;;1458,0
4,16;0,0;79,6;24/09/2026 12:54;;1459,0
4,14;0,0;79,57;24/09/2026 12:54;;1460,0
4,13;0,0;79,55;24/09/2026 12:54;;1461,0
4,13;0,0;79,52;24/09/2026 12:54;;1462,0
4,12;0,0;79,5;24/09/2026 12:54;;1463,0
4,11;0,0;79,48;24/09/2026 12:54;;1464,0
4,1;0,0;79,46;24/09/2026 12:54;;1465,0
4,09;0,0;79,45;24/09/2026 12:54;;1466,0
4,08;0,0;79,42;24/09/2026 12:54;;1467,0
4,08;0,0;79,4;24/09/2026 12:54;;1468,0
4,07;0,0;79,38;24/09/2026 12:54;;1469,0
4,06;0,0;79,37;24/09/2026 12:54;;1470,0
4,06;0,0;79,35;24/09/2026 12:54;;1471,0
4,05;0,0;79,32;24/09/2026 12:54;;1472,0
4,04;0,0;79,3;24/09/2026 12:54;;1473,0
4,03;0,0;79,29;24/09/2026 12:54;;1474,0
4,03;0,0;79,27;24/09/2026 12:54;;1475,0
4,02;0,0;79,25;24/09/2026 12:54;;1476,0
4,02;0,0;79,23;24/09/2026 12:54;;1477,0
4,01;0,0;79,2;24/09/2026 12:54;;1478,0
4,0;0,0;79,19;24/09/2026 12:54;;1479,0
3,99;0,0;79,17;24/09/2026 12:54;;1480,0
3,99;0,0;79,15;24/09/2026 12:54;;1481,0
3,99;0,0;79,13;24/09/2026 12:54;;1482,0
3,98;0,0;79,1;24/09/2026 12:54;;1483,0
3,97;0,0;79,08;24/09/2026 12:54;;1484,0
3,97;0,0;79,06;24/09/2026 12:54;;1485,0
3,96;0,0;79,05;24/09/2026 12:54;;1486,0
4,0;10,0;76,7;24/09/2026 12:54;;1487,0
4,38;10,0;75,31;24/09/2026 12:54;;1488,0
4,69;10,0;75,31;24/09/2026 12:54;;1489,0
4,99;10,0;75,31;24/09/2026 12:54;;1490,0
5,29;10,0;75,3;24/09/2026 12:54;;1491,0
5,61;10,0;75,29;24/09/2026 12:54;;1492,0
5,88;10,0;75,27;24/09/2026 12:54;;1493,0
6,12;10,0;75,26;24/09/2026 12:54;;1494,0
6,36;10,0;75,24;24/09/2026 12:54;;1495,0
6,6;10,0;75,23;24/09/2026 12:54;;1496,0
6,85;10,0;75,21;24/09/2026 12:54;;1497,0
7,04;10,0;75,19;24/09/2026 12:54;;1498,0
7,22;10,0;75,17;24/09/2026 12:54;;1499,0
7,44;10,0;75,15;24/09/2026 12:54;;1500,0
7,44;10,0;75,14;24/09/2026 12:54;;1501,0
7,66;10,0;75,12;24/09/2026 12:54;;1502,0
7,82;10,0;75,1;24/09/2026 12:54;;1503,0
8,21;10,0;75,06;24/09/2026 12:54;;1504,0
8,36;10,0;75,05;24/09/2026 12:54;;1505,0
8,36;10,0;75,05;24/09/2026 12:54;;1506,0
8,54;10,0;75,02;24/09/2026 12:54;;1507,0
8,71;10,0;75,0;24/09/2026 12:54;;1508,0
8,89;10,0;74,98;24/09/2026 12:54;;1509,0
9,05;10,0;74,96;24/09/2026 12:54;;1510,0
9,19;10,0;74,94;24/09/2026 12:54;;1511,0
9,33;10,0;74,92;24/09/2026 12:54;;1512,0
9,49;10,0;74,89;24/09/2026 12:54;;1513,0
9,63;10,0;74,87;24/09/2026 12:54;;1514,0
9,77;10,0;74,85;24/09/2026 12:55;;1515,0
9,89;10,0;74,99;24/09/2026 12:55;;1516,0
10,03;10,0;75,17;24/09/2026 12:55;;1517,0
10,16;10,0;75,43;24/09/2026 12:55;;1518,0
10,29;10,0;75,67;24/09/2026 12:55;;1519,0
10,45;10,0;75,91;24/09/2026 12:55;;1520,0
10,57;10,0;76,14;24/09/2026 12:55;;1521,0
10,68;10,0;76,35;24/09/2026 12:55;;1522,0
10,84;10,0;76,49;24/09/2026 12:55;;1523,0
10,91;10,0;76,59;24/09/2026 12:55;;1524,0
11,1;10,0;76,69;24/09/2026 12:55;;1525,0
11,2;10,0;76,78;24/09/2026 12:55;;1526,0
11,35;10,0;76,89;24/09/2026 12:55;;1527,0
11,47;10,0;76,99;24/09/2026 12:55;;1528,0
11,58;10,0;77,05;24/09/2026 12:55;;1529,0
11,71;10,0;77,13;24/09/2026 12:55;;1530,0
11,84;10,0;77,18;24/09/2026 12:55;;1531,0
11,95;10,0;77,24;24/09/2026 12:55;;1532,0
12,05;10,0;77,31;24/09/2026 12:55;;1533,0
12,17;10,0;77,37;24/09/2026 12:55;;1534,0
12,27;10,0;77,37;24/09/2026 12:55;;1535,0
12,37;10,0;77,38;24/09/2026 12:55;;1536,0
12,48;10,0;77,38;24/09/2026 12:55;;1537,0
12,57;10,0;77,36;24/09/2026 12:55;;1538,0
12,67;10,0;77,32;24/09/2026 12:55;;1539,0
12,75;10,0;77,28;24/09/2026 12:55;;1540,0
12,87;10,0;77,22;24/09/2026 12:55;;1541,0
12,93;10,0;77,17;24/09/2026 12:55;;1542,0
13,04;10,0;77,1;24/09/2026 12:55;;1543,0
13,13;10,0;77,06;24/09/2026 12:55;;1544,0
13,22;10,0;77,01;24/09/2026 12:55;;1545,0
13,29;10,0;76,96;24/09/2026 12:55;;1546,0
13,37;10,0;76,91;24/09/2026 12:55;;1547,0
13,45;10,0;76,87;24/09/2026 12:55;;1548,0
13,53;10,0;76,82;24/09/2026 12:55;;1549,0
13,59;10,0;76,78;24/09/2026 12:55;;1550,0
13,67;10,0;76,75;24/09/2026 12:55;;1551,0
13,75;10,0;76,69;24/09/2026 12:55;;1552,0
13,81;10,0;76,66;24/09/2026 12:55;;1553,0
13,86;10,0;76,62;24/09/2026 12:55;;1554,0
13,95;10,0;76,57;24/09/2026 12:55;;1555,0
14,0;10,0;76,55;24/09/2026 12:55;;1556,0
14,0;10,0;76,55;24/09/2026 12:55;;1557,0
14,05;10,0;76,47;24/09/2026 12:55;;1558,0
14,12;10,0;76,45;24/09/2026 12:55;;1559,0
14,17;10,0;76,41;24/09/2026 12:55;;1560,0
14,23;10,0;76,38;24/09/2026 12:55;;1561,0
14,29;10,0;76,34;24/09/2026 12:55;;1562,0
14,34;10,0;76,34;24/09/2026 12:55;;1563,0
14,41;10,0;76,31;24/09/2026 12:55;;1564,0
14,44;10,0;76,26;24/09/2026 12:55;;1565,0
14,5;10,0;76,22;24/09/2026 12:55;;1566,0
14,55;10,0;76,19;24/09/2026 12:55;;1567,0
14,59;10,0;76,16;24/09/2026 12:55;;1568,0
14,64;10,0;76,14;24/09/2026 12:55;;1569,0
14,69;10,0;76,1;24/09/2026 12:55;;1570,0
14,72;10,0;76,07;24/09/2026 12:55;;1571,0
14,77;10,0;76,05;24/09/2026 12:55;;1572,0
14,81;10,0;76,02;24/09/2026 12:55;;1573,0
14,86;10,0;75,99;24/09/2026 12:55;;1574,0
14,9;10,0;75,96;24/09/2026 12:56;;1575,0
14,93;10,0;75,94;24/09/2026 12:56;;1576,0
14,97;10,0;75,91;24/09/2026 12:56;;1577,0
15,0;10,0;75,88;24/09/2026 12:56;;1578,0
15,04;10,0;75,87;24/09/2026 12:56;;1579,0
15,08;10,0;75,84;24/09/2026 12:56;;1580,0
15,11;10,0;75,83;24/09/2026 12:56;;1581,0
15,15;10,0;75,79;24/09/2026 12:56;;1582,0
15,18;10,0;75,78;24/09/2026 12:56;;1583,0
15,21;10,0;75,75;24/09/2026 12:56;;1584,0
15,25;10,0;75,75;24/09/2026 12:56;;1585,0
15,27;10,0;75,72;24/09/2026 12:56;;1586,0
15,3;10,0;75,7;24/09/2026 12:56;;1587,0
15,33;10,0;75,67;24/09/2026 12:56;;1588,0
15,36;10,0;75,65;24/09/2026 12:56;;1589,0
15,39;10,0;75,64;24/09/2026 12:56;;1590,0
15,41;10,0;75,61;24/09/2026 12:56;;1591,0
15,44;10,0;75,58;24/09/2026 12:56;;1592,0
15,46;10,0;75,57;24/09/2026 12:56;;1593,0
15,49;10,0;75,55;24/09/2026 12:56;;1594,0
15,51;10,0;75,52;24/09/2026 12:56;;1595,0
15,53;10,0;75,51;24/09/2026 12:56;;1596,0
15,56;10,0;75,47;24/09/2026 12:56;;1597,0
15,58;10,0;75,46;24/09/2026 12:56;;1598,0
15,6;10,0;75,44;24/09/2026 12:56;;1599,0
15,61;10,0;75,42;24/09/2026 12:56;;1600,0
15,64;10,0;75,4;24/09/2026 12:56;;1601,0
15,66;10,0;75,37;24/09/2026 12:56;;1602,0
15,68;10,0;75,35;24/09/2026 12:56;;1603,0
15,69;10,0;75,34;24/09/2026 12:56;;1604,0
15,72;10,0;75,32;24/09/2026 12:56;;1605,0
15,74;10,0;75,3;24/09/2026 12:56;;1606,0
15,75;10,0;75,27;24/09/2026 12:56;;1607,0
15,76;10,0;75,25;24/09/2026 12:56;;1608,0
15,78;10,0;75,22;24/09/2026 12:56;;1609,0
15,8;10,0;75,2;24/09/2026 12:56;;1610,0
15,81;10,0;75,17;24/09/2026 12:56;;1611,0
15,83;10,0;75,14;24/09/2026 12:56;;1612,0
15,84;10,0;75,14;24/09/2026 12:56;;1613,0
15,85;10,0;75,11;24/09/2026 12:56;;1614,0
15,86;10,0;75,08;24/09/2026 12:56;;1615,0
15,87;10,0;75,05;24/09/2026 12:56;;1616,0
15,9;10,0;75,03;24/09/2026 12:56;;1617,0
15,9;10,0;75,01;24/09/2026 12:56;;1618,0
15,91;10,0;74,99;24/09/2026 12:56;;1619,0
15,93;10,0;74,95;24/09/2026 12:56;;1620,0
15,93;10,0;74,94;24/09/2026 12:56;;1621,0
15,93;10,0;74,94;24/09/2026 12:56;;1622,0
15,94;10,0;74,92;24/09/2026 12:56;;1623,0
15,95;10,0;74,89;24/09/2026 12:56;;1624,0
15,96;10,0;74,87;24/09/2026 12:56;;1625,0
15,98;10,0;74,81;24/09/2026 12:56;;1626,0
15,98;10,0;74,81;24/09/2026 12:56;;1627,0
15,99;10,0;74,8;24/09/2026 12:56;;1628,0
16,0;10,0;74,94;24/09/2026 12:56;;1629,0
16,01;10,0;75,14;24/09/2026 12:56;;1630,0
16,02;10,0;75,41;24/09/2026 12:56;;1631,0
16,04;10,0;75,66;24/09/2026 12:56;;1632,0
16,05;10,0;75,93;24/09/2026 12:56;;1633,0
16,07;10,0;76,16;24/09/2026 12:56;;1634,0
16,09;10,0;76,36;24/09/2026 12:57;;1635,0
16,11;10,0;76,53;24/09/2026 12:57;;1636,0
16,13;10,0;76,65;24/09/2026 12:57;;1637,0
16,15;10,0;76,77;24/09/2026 12:57;;1638,0
16,18;10,0;76,87;24/09/2026 12:57;;1639,0
16,2;10,0;76,97;24/09/2026 12:57;;1640,0
16,22;10,0;77,06;24/09/2026 12:57;;1641,0
16,24;10,0;77,14;24/09/2026 12:57;;1642,0
16,26;10,0;77,22;24/09/2026 12:57;;1643,0
16,29;10,0;77,29;24/09/2026 12:57;;1644,0
16,31;10,0;77,36;24/09/2026 12:57;;1645,0
16,33;10,0;77,41;24/09/2026 12:57;;1646,0
16,35;10,0;77,44;24/09/2026 12:57;;1647,0
16,38;10,0;77,47;24/09/2026 12:57;;1648,0
16,4;10,0;77,47;24/09/2026 12:57;;1649,0
16,42;10,0;77,47;24/09/2026 12:57;;1650,0
16,43;10,0;77,44;24/09/2026 12:57;;1651,0
16,45;10,0;77,4;24/09/2026 12:57;;1652,0
16,47;10,0;77,36;24/09/2026 12:57;;1653,0
16,49;10,0;77,3;24/09/2026 12:57;;1654,0
16,51;10,0;77,24;24/09/2026 12:57;;1655,0
16,52;10,0;77,18;24/09/2026 12:57;;1656,0
16,54;10,0;77,12;24/09/2026 12:57;;1657,0
16,55;10,0;77,08;24/09/2026 12:57;;1658,0
16,56;10,0;77,02;24/09/2026 12:57;;1659,0
16,57;10,0;76,98;24/09/2026 12:57;;1660,0
16,58;10,0;76,93;24/09/2026 12:57;;1661,0
16,6;10,0;76,89;24/09/2026 12:57;;1662,0
16,6;10,0;76,85;24/09/2026 12:57;;1663,0
16,62;10,0;76,8;24/09/2026 12:57;;1664,0
16,63;10,0;76,76;24/09/2026 12:57;;1665,0
16,63;10,0;76,71;24/09/2026 12:57;;1666,0
16,68;20,01;74,47;24/09/2026 12:57;;1667,0
17,02;20,01;72,7;24/09/2026 12:57;;1668,0
17,38;20,01;72,72;24/09/2026 12:57;;1669,0
17,79;20,01;72,72;24/09/2026 12:57;;1670,0
18,13;20,01;72,72;24/09/2026 12:57;;1671,0
18,39;20,01;72,72;24/09/2026 12:57;;1672,0
18,76;20,01;72,71;24/09/2026 12:57;;1673,0
19,06;20,01;72,7;24/09/2026 12:57;;1674,0
19,29;20,01;72,7;24/09/2026 12:57;;1675,0
19,57;20,01;72,67;24/09/2026 12:57;;1676,0
19,86;20,01;72,66;24/09/2026 12:57;;1677,0
20,09;20,01;72,65;24/09/2026 12:57;;1678,0
20,09;20,01;72,65;24/09/2026 12:57;;1679,0
20,35;20,01;72,64;24/09/2026 12:57;;1680,0
20,59;20,01;72,63;24/09/2026 12:57;;1681,0
20,82;20,01;72,62;24/09/2026 12:57;;1682,0
21,05;20,01;72,61;24/09/2026 12:57;;1683,0
21,27;20,01;72,6;24/09/2026 12:57;;1684,0
21,47;20,01;72,59;24/09/2026 12:57;;1685,0
21,68;20,01;72,57;24/09/2026 12:57;;1686,0
21,85;20,01;72,6;24/09/2026 12:57;;1687,0
22,07;20,01;72,55;24/09/2026 12:57;;1688,0
22,27;20,01;72,55;24/09/2026 12:57;;1689,0
22,46;20,01;72,52;24/09/2026 12:57;;1690,0
22,65;20,01;72,51;24/09/2026 12:57;;1691,0
22,83;20,01;72,49;24/09/2026 12:57;;1692,0
23,01;20,01;72,49;24/09/2026 12:57;;1693,0
23,18;20,01;72,47;24/09/2026 12:57;;1694,0
23,35;20,01;72,46;24/09/2026 12:58;;1695,0
23,51;20,01;72,45;24/09/2026 12:58;;1696,0
23,65;20,01;72,43;24/09/2026 12:58;;1697,0
23,83;20,01;72,43;24/09/2026 12:58;;1698,0
23,92;20,01;72,42;24/09/2026 12:58;;1699,0
24,06;20,01;72,41;24/09/2026 12:58;;1700,0
24,27;20,01;72,39;24/09/2026 12:58;;1701,0
24,42;20,01;72,38;24/09/2026 12:58;;1702,0
24,54;20,01;72,36;24/09/2026 12:58;;1703,0
24,69;20,01;72,35;24/09/2026 12:58;;1704,0
24,8;20,01;72,35;24/09/2026 12:58;;1705,0
24,94;20,01;72,33;24/09/2026 12:58;;1706,0
25,08;20,01;72,33;24/09/2026 12:58;;1707,0
25,2;20,01;72,36;24/09/2026 12:58;;1708,0
25,3;20,01;72,34;24/09/2026 12:58;;1709,0
25,44;20,01;72,3;24/09/2026 12:58;;1710,0
25,55;20,01;72,3;24/09/2026 12:58;;1711,0
25,67;20,01;72,26;24/09/2026 12:58;;1712,0
25,77;20,01;72,3;24/09/2026 12:58;;1713,0
25,9;20,01;72,25;24/09/2026 12:58;;1714,0
26,0;20,01;72,24;24/09/2026 12:58;;1715,0
26,11;20,01;72,23;24/09/2026 12:58;;1716,0
26,2;20,01;72,23;24/09/2026 12:58;;1717,0
26,3;20,01;72,22;24/09/2026 12:58;;1718,0
26,4;20,01;72,21;24/09/2026 12:58;;1719,0
26,48;20,01;72,23;24/09/2026 12:58;;1720,0
26,59;20,01;72,21;24/09/2026 12:58;;1721,0
26,67;20,01;72,2;24/09/2026 12:58;;1722,0
26,75;20,01;72,19;24/09/2026 12:58;;1723,0
26,85;20,01;72,15;24/09/2026 12:58;;1724,0
26,93;20,01;72,14;24/09/2026 12:58;;1725,0
27,02;20,01;72,12;24/09/2026 12:58;;1726,0
27,09;20,01;72,12;24/09/2026 12:58;;1727,0
27,17;20,01;72,1;24/09/2026 12:58;;1728,0
27,24;20,01;72,08;24/09/2026 12:58;;1729,0
27,32;20,01;72,07;24/09/2026 12:58;;1730,0
27,39;20,01;72,04;24/09/2026 12:58;;1731,0
27,46;20,01;72,02;24/09/2026 12:58;;1732,0
27,54;20,01;72,02;24/09/2026 12:58;;1733,0
27,61;20,01;72,02;24/09/2026 12:58;;1734,0
27,66;20,01;72,03;24/09/2026 12:58;;1735,0
27,73;20,01;71,97;24/09/2026 12:58;;1736,0
27,79;20,01;72,07;24/09/2026 12:58;;1737,0
27,87;20,01;72,2;24/09/2026 12:58;;1738,0
27,87;20,01;72,2;24/09/2026 12:58;;1739,0
28,0;20,01;72,66;24/09/2026 12:58;;1740,0
28,07;20,01;72,92;24/09/2026 12:58;;1741,0
28,14;20,01;73,16;24/09/2026 12:58;;1742,0
28,14;20,01;73,16;24/09/2026 12:58;;1743,0
28,21;20,01;73,33;24/09/2026 12:58;;1744,0
28,28;20,01;73,47;24/09/2026 12:58;;1745,0
28,36;20,01;73,54;24/09/2026 12:58;;1746,0
28,43;20,01;73,63;24/09/2026 12:58;;1747,0
28,49;20,01;73,68;24/09/2026 12:58;;1748,0
28,57;20,01;73,76;24/09/2026 12:58;;1749,0
28,65;20,01;73,84;24/09/2026 12:58;;1750,0
28,71;20,01;73,92;24/09/2026 12:58;;1751,0
28,77;20,01;73,99;24/09/2026 12:58;;1752,0
28,85;20,01;74,06;24/09/2026 12:58;;1753,0
28,92;20,01;74,15;24/09/2026 12:58;;1754,0
28,99;20,01;74,2;24/09/2026 12:59;;1755,0
29,06;20,01;74,27;24/09/2026 12:59;;1756,0
29,13;20,01;74,31;24/09/2026 12:59;;1757,0
29,19;20,01;74,34;24/09/2026 12:59;;1758,0
29,24;20,01;74,36;24/09/2026 12:59;;1759,0
29,31;20,01;74,34;24/09/2026 12:59;;1760,0
29,37;20,01;74,31;24/09/2026 12:59;;1761,0
29,42;20,01;74,28;24/09/2026 12:59;;1762,0
29,47;20,01;74,22;24/09/2026 12:59;;1763,0
29,53;20,01;74,17;24/09/2026 12:59;;1764,0
29,59;20,01;74,11;24/09/2026 12:59;;1765,0
29,63;20,01;74,08;24/09/2026 12:59;;1766,0
29,68;20,01;74,0;24/09/2026 12:59;;1767,0
29,73;20,01;73,96;24/09/2026 12:59;;1768,0
29,76;20,01;73,91;24/09/2026 12:59;;1769,0
29,81;20,01;73,86;24/09/2026 12:59;;1770,0
29,86;20,01;73,82;24/09/2026 12:59;;1771,0
29,89;20,01;73,77;24/09/2026 12:59;;1772,0
29,92;20,01;73,71;24/09/2026 12:59;;1773,0
29,97;20,01;73,68;24/09/2026 12:59;;1774,0
30,0;20,01;73,66;24/09/2026 12:59;;1775,0
30,04;20,01;73,6;24/09/2026 12:59;;1776,0
30,06;20,01;73,57;24/09/2026 12:59;;1777,0
30,09;20,01;73,5;24/09/2026 12:59;;1778,0
30,12;20,01;73,46;24/09/2026 12:59;;1779,0
30,16;20,01;73,43;24/09/2026 12:59;;1780,0
30,19;20,01;73,42;24/09/2026 12:59;;1781,0
30,22;20,01;73,37;24/09/2026 12:59;;1782,0
30,24;20,01;73,33;24/09/2026 12:59;;1783,0
30,26;20,01;73,28;24/09/2026 12:59;;1784,0
30,29;20,01;73,24;24/09/2026 12:59;;1785,0
30,31;20,01;73,22;24/09/2026 12:59;;1786,0
30,33;20,01;73,18;24/09/2026 12:59;;1787,0
30,34;20,01;73,14;24/09/2026 12:59;;1788,0
30,37;20,01;73,09;24/09/2026 12:59;;1789,0
30,39;20,01;73,06;24/09/2026 12:59;;1790,0
30,4;20,01;73,04;24/09/2026 12:59;;1791,0
30,42;20,01;73,01;24/09/2026 12:59;;1792,0
30,44;20,01;72,95;24/09/2026 12:59;;1793,0
30,45;20,01;72,93;24/09/2026 12:59;;1794,0
30,47;20,01;72,91;24/09/2026 12:59;;1795,0
30,49;20,01;72,86;24/09/2026 12:59;;1796,0
30,49;20,01;72,84;24/09/2026 12:59;;1797,0
30,51;20,01;72,8;24/09/2026 12:59;;1798,0
30,52;20,01;72,76;24/09/2026 12:59;;1799,0
30,53;20,01;72,75;24/09/2026 12:59;;1800,0
30,54;20,01;72,72;24/09/2026 12:59;;1801,0
30,55;20,01;72,7;24/09/2026 12:59;;1802,0
30,56;20,01;72,72;24/09/2026 12:59;;1803,0
30,59;20,01;72,68;24/09/2026 12:59;;1804,0
30,58;20,01;72,66;24/09/2026 12:59;;1805,0
30,6;20,01;72,62;24/09/2026 12:59;;1806,0
30,6;20,01;72,62;24/09/2026 12:59;;1807,0
30,61;20,01;72,61;24/09/2026 12:59;;1808,0
30,61;20,01;72,59;24/09/2026 12:59;;1809,0
30,62;20,01;72,56;24/09/2026 12:59;;1810,0
30,62;20,01;72,55;24/09/2026 12:59;;1811,0
30,64;20,01;72,54;24/09/2026 12:59;;1812,0
30,64;20,01;72,52;24/09/2026 12:59;;1813,0
30,65;20,01;72,49;24/09/2026 12:59;;1814,0
30,65;20,01;72,47;24/09/2026 13:00;;1815,0
30,66;20,01;72,45;24/09/2026 13:00;;1816,0
30,66;20,01;72,43;24/09/2026 13:00;;1817,0
30,67;20,01;72,43;24/09/2026 13:00;;1818,0
30,67;20,01;72,45;24/09/2026 13:00;;1819,0
30,68;20,01;72,43;24/09/2026 13:00;;1820,0
30,68;20,01;72,42;24/09/2026 13:00;;1821,0
30,69;20,01;72,38;24/09/2026 13:00;;1822,0
30,7;20,01;72,35;24/09/2026 13:00;;1823,0
30,7;20,01;72,33;24/09/2026 13:00;;1824,0
30,7;20,01;72,33;24/09/2026 13:00;;1825,0
30,71;20,01;72,3;24/09/2026 13:00;;1826,0
30,7;20,01;72,29;24/09/2026 13:00;;1827,0
30,7;20,01;72,28;24/09/2026 13:00;;1828,0
30,71;20,01;72,26;24/09/2026 13:00;;1829,0
30,72;20,01;72,24;24/09/2026 13:00;;1830,0
30,71;20,01;72,24;24/09/2026 13:00;;1831,0
30,72;20,01;72,22;24/09/2026 13:00;;1832,0
30,72;20,01;72,2;24/09/2026 13:00;;1833,0
30,72;20,01;72,19;24/09/2026 13:00;;1834,0
30,72;20,01;72,18;24/09/2026 13:00;;1835,0
30,72;20,01;72,15;24/09/2026 13:00;;1836,0
30,72;20,01;72,13;24/09/2026 13:00;;1837,0
30,72;20,01;72,13;24/09/2026 13:00;;1838,0
30,72;20,01;72,11;24/09/2026 13:00;;1839,0
30,72;20,01;72,09;24/09/2026 13:00;;1840,0
30,72;20,01;72,08;24/09/2026 13:00;;1841,0
30,72;20,01;72,07;24/09/2026 13:00;;1842,0
30,72;20,01;72,03;24/09/2026 13:00;;1843,0
30,72;20,01;72,03;24/09/2026 13:00;;1844,0
30,72;20,01;72,0;24/09/2026 13:00;;1845,0
30,72;20,01;72,1;24/09/2026 13:00;;1846,0
30,74;30,0;71,12;24/09/2026 13:00;;1847,0
30,98;30,0;69,95;24/09/2026 13:00;;1848,0
31,33;30,0;69,98;24/09/2026 13:00;;1849,0
31,64;30,0;70,25;24/09/2026 13:00;;1850,0
31,95;30,0;70,49;24/09/2026 13:00;;1851,0
32,24;30,0;70,76;24/09/2026 13:00;;1852,0
32,53;30,0;71,0;24/09/2026 13:00;;1853,0
32,78;30,0;71,16;24/09/2026 13:00;;1854,0
32,99;30,0;71,35;24/09/2026 13:00;;1855,0
33,29;30,0;71,47;24/09/2026 13:00;;1856,0
33,51;30,0;71,51;24/09/2026 13:00;;1857,0
33,75;30,0;71,59;24/09/2026 13:00;;1858,0
33,98;30,0;71,66;24/09/2026 13:00;;1859,0
34,2;30,0;71,7;24/09/2026 13:00;;1860,0
34,2;30,0;71,7;24/09/2026 13:00;;1861,0
34,61;30,0;71,81;24/09/2026 13:00;;1862,0
34,81;30,0;71,91;24/09/2026 13:00;;1863,0
34,96;30,0;71,95;24/09/2026 13:00;;1864,0
34,96;30,0;71,95;24/09/2026 13:00;;1865,0
35,16;30,0;71,93;24/09/2026 13:00;;1866,0
35,33;30,0;71,99;24/09/2026 13:00;;1867,0
35,51;30,0;71,98;24/09/2026 13:00;;1868,0
35,65;30,0;71,99;24/09/2026 13:00;;1869,0
35,82;30,0;71,99;24/09/2026 13:00;;1870,0
35,98;30,0;71,94;24/09/2026 13:00;;1871,0
36,13;30,0;71,94;24/09/2026 13:00;;1872,0
36,27;30,0;71,91;24/09/2026 13:00;;1873,0
36,42;30,0;71,92;24/09/2026 13:00;;1874,0
36,53;30,0;71,84;24/09/2026 13:01;;1875,0
36,65;30,0;71,82;24/09/2026 13:01;;1876,0
36,8;30,0;71,78;24/09/2026 13:01;;1877,0
36,89;30,0;71,76;24/09/2026 13:01;;1878,0
37,02;30,0;71,74;24/09/2026 13:01;;1879,0
37,13;30,0;71,72;24/09/2026 13:01;;1880,0
37,24;30,0;71,68;24/09/2026 13:01;;1881,0
37,32;30,0;71,67;24/09/2026 13:01;;1882,0
37,44;30,0;71,68;24/09/2026 13:01;;1883,0
37,53;30,0;71,61;24/09/2026 13:01;;1884,0
37,63;30,0;71,58;24/09/2026 13:01;;1885,0
37,7;30,0;71,56;24/09/2026 13:01;;1886,0
37,8;30,0;71,53;24/09/2026 13:01;;1887,0
37,89;30,0;71,5;24/09/2026 13:01;;1888,0
37,96;30,0;71,48;24/09/2026 13:01;;1889,0
38,02;30,0;71,43;24/09/2026 13:01;;1890,0
38,11;30,0;71,41;24/09/2026 13:01;;1891,0
38,16;30,0;71,39;24/09/2026 13:01;;1892,0
38,24;30,0;71,37;24/09/2026 13:01;;1893,0
38,32;30,0;71,33;24/09/2026 13:01;;1894,0
38,36;30,0;71,31;24/09/2026 13:01;;1895,0
38,43;30,0;71,27;24/09/2026 13:01;;1896,0
38,49;30,0;71,25;24/09/2026 13:01;;1897,0
38,53;30,0;71,21;24/09/2026 13:01;;1898,0
38,61;30,0;71,21;24/09/2026 13:01;;1899,0
38,64;30,0;71,17;24/09/2026 13:01;;1900,0
38,7;30,0;71,16;24/09/2026 13:01;;1901,0
38,73;30,0;71,12;24/09/2026 13:01;;1902,0
38,8;30,0;71,1;24/09/2026 13:01;;1903,0
38,83;30,0;71,08;24/09/2026 13:01;;1904,0
38,88;30,0;71,04;24/09/2026 13:01;;1905,0
38,9;30,0;71,03;24/09/2026 13:01;;1906,0
38,96;30,0;70,98;24/09/2026 13:01;;1907,0
38,97;30,0;70,98;24/09/2026 13:01;;1908,0
39,02;30,0;70,95;24/09/2026 13:01;;1909,0
39,05;30,0;70,93;24/09/2026 13:01;;1910,0
39,09;30,0;70,91;24/09/2026 13:01;;1911,0
39,12;30,0;70,88;24/09/2026 13:01;;1912,0
39,15;30,0;70,86;24/09/2026 13:01;;1913,0
39,17;30,0;70,86;24/09/2026 13:01;;1914,0
39,21;30,0;70,83;24/09/2026 13:01;;1915,0
39,23;30,0;70,81;24/09/2026 13:01;;1916,0
39,25;30,0;70,79;24/09/2026 13:01;;1917,0
39,28;30,0;70,77;24/09/2026 13:01;;1918,0
39,29;30,0;70,75;24/09/2026 13:01;;1919,0
39,32;30,0;70,76;24/09/2026 13:01;;1920,0
39,32;30,0;70,76;24/09/2026 13:01;;1921,0
39,35;30,0;70,75;24/09/2026 13:01;;1922,0
39,37;30,0;70,74;24/09/2026 13:01;;1923,0
39,39;30,0;70,72;24/09/2026 13:01;;1924,0
39,42;30,0;70,69;24/09/2026 13:01;;1925,0
39,43;30,0;70,7;24/09/2026 13:01;;1926,0
39,43;30,0;70,7;24/09/2026 13:01;;1927,0
39,47;30,0;70,69;24/09/2026 13:01;;1928,0
39,49;30,0;70,64;24/09/2026 13:01;;1929,0
39,51;30,0;70,64;24/09/2026 13:01;;1930,0
39,51;30,0;70,64;24/09/2026 13:01;;1931,0
39,52;30,0;70,62;24/09/2026 13:01;;1932,0
39,52;30,0;70,59;24/09/2026 13:01;;1933,0
39,55;30,0;70,64;24/09/2026 13:01;;1934,0
39,55;30,0;70,6;24/09/2026 13:02;;1935,0
39,57;30,0;70,57;24/09/2026 13:02;;1936,0
39,58;30,0;70,55;24/09/2026 13:02;;1937,0
39,6;30,0;70,54;24/09/2026 13:02;;1938,0
39,61;30,0;70,53;24/09/2026 13:02;;1939,0
39,61;30,0;70,52;24/09/2026 13:02;;1940,0
39,63;30,0;70,49;24/09/2026 13:02;;1941,0
39,64;30,0;70,48;24/09/2026 13:02;;1942,0
39,65;30,0;70,45;24/09/2026 13:02;;1943,0
39,65;30,0;70,45;24/09/2026 13:02;;1944,0
39,66;30,0;70,45;24/09/2026 13:02;;1945,0
39,66;30,0;70,43;24/09/2026 13:02;;1946,0
39,68;30,0;70,43;24/09/2026 13:02;;1947,0
39,67;30,0;70,39;24/09/2026 13:02;;1948,0
39,68;30,0;70,37;24/09/2026 13:02;;1949,0
39,69;30,0;70,37;24/09/2026 13:02;;1950,0
39,69;30,0;70,35;24/09/2026 13:02;;1951,0
39,69;30,0;70,43;24/09/2026 13:02;;1952,0
39,69;30,0;70,58;24/09/2026 13:02;;1953,0
39,71;30,0;70,77;24/09/2026 13:02;;1954,0
39,73;30,0;71,0;24/09/2026 13:02;;1955,0
39,76;30,0;71,21;24/09/2026 13:02;;1956,0
39,79;30,0;71,41;24/09/2026 13:02;;1957,0
39,82;30,0;71,62;24/09/2026 13:02;;1958,0
39,86;30,0;71,81;24/09/2026 13:02;;1959,0
39,9;30,0;71,94;24/09/2026 13:02;;1960,0
39,94;30,0;72,02;24/09/2026 13:02;;1961,0
39,98;30,0;72,09;24/09/2026 13:02;;1962,0
40,0;30,0;72,14;24/09/2026 13:02;;1963,0
40,05;30,0;72,15;24/09/2026 13:02;;1964,0
40,08;30,0;72,23;24/09/2026 13:02;;1965,0
40,12;30,0;72,25;24/09/2026 13:02;;1966,0
40,16;30,0;72,29;24/09/2026 13:02;;1967,0
40,2;30,0;72,32;24/09/2026 13:02;;1968,0
40,23;30,0;72,38;24/09/2026 13:02;;1969,0
40,25;30,0;72,43;24/09/2026 13:02;;1970,0
40,3;30,0;72,45;24/09/2026 13:02;;1971,0
40,32;30,0;72,46;24/09/2026 13:02;;1972,0
40,35;30,0;72,47;24/09/2026 13:02;;1973,0
40,38;30,0;72,47;24/09/2026 13:02;;1974,0
40,42;30,0;72,46;24/09/2026 13:02;;1975,0
40,45;30,0;72,46;24/09/2026 13:02;;1976,0
40,48;30,0;72,39;24/09/2026 13:02;;1977,0
40,49;30,0;72,33;24/09/2026 13:02;;1978,0
40,51;30,0;72,29;24/09/2026 13:02;;1979,0
40,54;30,0;72,26;24/09/2026 13:02;;1980,0
40,55;30,0;72,22;24/09/2026 13:02;;1981,0
40,57;30,0;72,16;24/09/2026 13:02;;1982,0
40,57;30,0;72,11;24/09/2026 13:02;;1983,0
40,59;30,0;72,08;24/09/2026 13:02;;1984,0
40,59;30,0;72,07;24/09/2026 13:02;;1985,0
40,61;30,0;71,99;24/09/2026 13:02;;1986,0
40,63;30,0;71,97;24/09/2026 13:02;;1987,0
40,63;30,0;71,92;24/09/2026 13:02;;1988,0
40,63;30,0;71,89;24/09/2026 13:02;;1989,0
40,64;30,0;71,84;24/09/2026 13:02;;1990,0
40,64;30,0;71,81;24/09/2026 13:02;;1991,0
40,65;30,0;71,77;24/09/2026 13:02;;1992,0
40,66;30,0;71,73;24/09/2026 13:02;;1993,0
40,66;30,0;71,73;24/09/2026 13:02;;1994,0
40,66;30,0;71,69;24/09/2026 13:03;;1995,0
40,65;30,0;71,68;24/09/2026 13:03;;1996,0
40,66;30,0;71,62;24/09/2026 13:03;;1997,0
40,65;30,0;71,58;24/09/2026 13:03;;1998,0
40,65;30,0;71,53;24/09/2026 13:03;;1999,0
40,65;30,0;71,5;24/09/2026 13:03;;2000,0
40,65;30,0;71,47;24/09/2026 13:03;;2001,0
40,65;30,0;71,45;24/09/2026 13:03;;2002,0
40,63;30,0;71,4;24/09/2026 13:03;;2003,0
40,63;30,0;71,37;24/09/2026 13:03;;2004,0
40,63;30,0;71,35;24/09/2026 13:03;;2005,0
40,63;30,0;71,36;24/09/2026 13:03;;2006,0
40,62;30,0;71,29;24/09/2026 13:03;;2007,0
40,62;30,0;71,25;24/09/2026 13:03;;2008,0
40,6;30,0;71,21;24/09/2026 13:03;;2009,0
40,59;30,0;71,19;24/09/2026 13:03;;2010,0
40,6;30,0;71,17;24/09/2026 13:03;;2011,0
40,59;30,0;71,15;24/09/2026 13:03;;2012,0
40,58;30,0;71,11;24/09/2026 13:03;;2013,0
40,57;30,0;71,09;24/09/2026 13:03;;2014,0
40,57;30,0;71,08;24/09/2026 13:03;;2015,0
40,56;30,0;71,06;24/09/2026 13:03;;2016,0
40,54;30,0;71,07;24/09/2026 13:03;;2017,0
40,54;30,0;71,03;24/09/2026 13:03;;2018,0
40,54;30,0;70,99;24/09/2026 13:03;;2019,0
40,52;30,0;70,98;24/09/2026 13:03;;2020,0
40,51;30,0;70,97;24/09/2026 13:03;;2021,0
40,52;30,0;70,94;24/09/2026 13:03;;2022,0
40,51;30,0;70,91;24/09/2026 13:03;;2023,0
40,49;30,0;70,9;24/09/2026 13:03;;2024,0
40,48;30,0;70,88;24/09/2026 13:03;;2025,0
40,46;30,0;70,88;24/09/2026 13:03;;2026,0
40,46;40,0;70,73;24/09/2026 13:03;;2027,0
40,57;40,0;69,59;24/09/2026 13:03;;2028,0
40,79;40,0;69,13;24/09/2026 13:03;;2029,0
40,99;40,0;69,17;24/09/2026 13:03;;2030,0
41,18;40,0;69,18;24/09/2026 13:03;;2031,0
41,37;40,0;69,18;24/09/2026 13:03;;2032,0
41,54;40,0;69,18;24/09/2026 13:03;;2033,0
41,65;40,0;69,19;24/09/2026 13:03;;2034,0
41,84;40,0;69,21;24/09/2026 13:03;;2035,0
41,97;40,0;69,22;24/09/2026 13:03;;2036,0
42,09;40,0;69,22;24/09/2026 13:03;;2037,0
42,2;40,0;69,23;24/09/2026 13:03;;2038,0
42,31;40,0;69,24;24/09/2026 13:03;;2039,0
42,42;40,0;69,29;24/09/2026 13:03;;2040,0
42,48;40,0;69,23;24/09/2026 13:03;;2041,0
42,61;40,0;69,25;24/09/2026 13:03;;2042,0
42,7;40,0;69,25;24/09/2026 13:03;;2043,0
42,77;40,0;69,24;24/09/2026 13:03;;2044,0
42,86;40,0;69,24;24/09/2026 13:03;;2045,0
42,94;40,0;69,22;24/09/2026 13:03;;2046,0
43,0;40,0;69,24;24/09/2026 13:03;;2047,0
43,08;40,0;69,24;24/09/2026 13:03;;2048,0
43,15;40,0;69,25;24/09/2026 13:03;;2049,0
43,2;40,0;69,23;24/09/2026 13:03;;2050,0
43,25;40,0;69,23;24/09/2026 13:03;;2051,0
43,31;40,0;69,23;24/09/2026 13:03;;2052,0
43,38;40,0;69,22;24/09/2026 13:03;;2053,0
43,44;40,0;69,22;24/09/2026 13:03;;2054,0
43,49;40,0;69,2;24/09/2026 13:04;;2055,0
43,54;40,0;69,3;24/09/2026 13:04;;2056,0
43,59;40,0;69,41;24/09/2026 13:04;;2057,0
43,64;40,0;69,53;24/09/2026 13:04;;2058,0
43,69;40,0;69,75;24/09/2026 13:04;;2059,0
43,77;40,0;69,97;24/09/2026 13:04;;2060,0
43,83;40,0;70,2;24/09/2026 13:04;;2061,0
43,9;40,0;70,39;24/09/2026 13:04;;2062,0
43,9;40,0;70,39;24/09/2026 13:04;;2063,0
43,99;40,0;70,57;24/09/2026 13:04;;2064,0
44,04;40,0;70,73;24/09/2026 13:04;;2065,0
44,14;40,0;70,85;24/09/2026 13:04;;2066,0
44,23;40,0;70,86;24/09/2026 13:04;;2067,0
44,29;40,0;70,94;24/09/2026 13:04;;2068,0
44,39;40,0;70,99;24/09/2026 13:04;;2069,0
44,46;40,0;71,05;24/09/2026 13:04;;2070,0
44,52;40,0;71,09;24/09/2026 13:04;;2071,0
44,56;40,0;71,15;24/09/2026 13:04;;2072,0
44,66;40,0;71,21;24/09/2026 13:04;;2073,0
44,73;40,0;71,24;24/09/2026 13:04;;2074,0
44,79;40,0;71,29;24/09/2026 13:04;;2075,0
44,85;40,0;71,33;24/09/2026 13:04;;2076,0
44,93;40,0;71,37;24/09/2026 13:04;;2077,0
44,98;40,0;71,38;24/09/2026 13:04;;2078,0
45,04;40,0;71,39;24/09/2026 13:04;;2079,0
45,1;40,0;71,38;24/09/2026 13:04;;2080,0
45,13;40,0;71,37;24/09/2026 13:04;;2081,0
45,18;40,0;71,33;24/09/2026 13:04;;2082,0
45,23;40,0;71,29;24/09/2026 13:04;;2083,0
45,25;40,0;71,26;24/09/2026 13:04;;2084,0
45,3;40,0;71,22;24/09/2026 13:04;;2085,0
45,35;40,0;71,17;24/09/2026 13:04;;2086,0
45,37;40,0;71,17;24/09/2026 13:04;;2087,0
45,39;40,0;71,11;24/09/2026 13:04;;2088,0
45,43;40,0;71,09;24/09/2026 13:04;;2089,0
45,44;40,0;71,06;24/09/2026 13:04;;2090,0
45,48;40,0;71,01;24/09/2026 13:04;;2091,0
45,49;40,0;70,99;24/09/2026 13:04;;2092,0
45,52;40,0;71,01;24/09/2026 13:04;;2093,0
45,53;40,0;70,97;24/09/2026 13:04;;2094,0
45,54;40,0;70,94;24/09/2026 13:04;;2095,0
45,57;40,0;70,86;24/09/2026 13:04;;2096,0
45,57;40,0;70,83;24/09/2026 13:04;;2097,0
45,58;40,0;70,8;24/09/2026 13:04;;2098,0
45,6;40,0;70,76;24/09/2026 13:04;;2099,0
45,6;40,0;70,73;24/09/2026 13:04;;2100,0
45,61;40,0;70,68;24/09/2026 13:04;;2101,0
45,6;40,0;70,66;24/09/2026 13:04;;2102,0
45,62;40,0;70,63;24/09/2026 13:04;;2103,0
45,62;40,0;70,59;24/09/2026 13:04;;2104,0
45,62;40,0;70,55;24/09/2026 13:04;;2105,0
45,63;40,0;70,53;24/09/2026 13:04;;2106,0
45,62;40,0;70,48;24/09/2026 13:04;;2107,0
45,63;40,0;70,45;24/09/2026 13:04;;2108,0
45,62;40,0;70,42;24/09/2026 13:04;;2109,0
45,63;40,0;70,38;24/09/2026 13:04;;2110,0
45,62;40,0;70,35;24/09/2026 13:04;;2111,0
45,62;40,0;70,32;24/09/2026 13:04;;2112,0
45,61;40,0;70,27;24/09/2026 13:04;;2113,0
45,61;40,0;70,25;24/09/2026 13:04;;2114,0
45,62;40,0;70,23;24/09/2026 13:05;;2115,0
45,59;40,0;70,2;24/09/2026 13:05;;2116,0
45,59;40,0;70,18;24/09/2026 13:05;;2117,0
45,59;40,0;70,16;24/09/2026 13:05;;2118,0
45,57;40,0;70,13;24/09/2026 13:05;;2119,0
45,57;40,0;70,12;24/09/2026 13:05;;2120,0
45,57;40,0;70,12;24/09/2026 13:05;;2121,0
45,55;40,0;70,13;24/09/2026 13:05;;2122,0
45,55;40,0;70,13;24/09/2026 13:05;;2123,0
45,54;40,0;70,04;24/09/2026 13:05;;2124,0
45,54;40,0;70,04;24/09/2026 13:05;;2125,0
45,53;40,0;70,03;24/09/2026 13:05;;2126,0
45,52;40,0;70,02;24/09/2026 13:05;;2127,0
45,52;40,0;69,98;24/09/2026 13:05;;2128,0
45,51;40,0;70,0;24/09/2026 13:05;;2129,0
45,5;40,0;69,96;24/09/2026 13:05;;2130,0
45,49;40,0;69,95;24/09/2026 13:05;;2131,0
45,49;40,0;69,94;24/09/2026 13:05;;2132,0
45,48;40,0;69,98;24/09/2026 13:05;;2133,0
45,48;40,0;69,91;24/09/2026 13:05;;2134,0
45,47;40,0;69,87;24/09/2026 13:05;;2135,0
45,44;40,0;69,87;24/09/2026 13:05;;2136,0
45,45;40,0;69,86;24/09/2026 13:05;;2137,0
45,44;40,0;69,85;24/09/2026 13:05;;2138,0
45,43;40,0;69,82;24/09/2026 13:05;;2139,0
45,42;40,0;69,81;24/09/2026 13:05;;2140,0
45,4;40,0;69,79;24/09/2026 13:05;;2141,0
45,4;40,0;69,77;24/09/2026 13:05;;2142,0
45,39;40,0;69,76;24/09/2026 13:05;;2143,0
45,38;40,0;69,75;24/09/2026 13:05;;2144,0
45,37;40,0;69,72;24/09/2026 13:05;;2145,0
45,37;40,0;69,7;24/09/2026 13:05;;2146,0
45,35;40,0;69,7;24/09/2026 13:05;;2147,0
45,33;40,0;69,67;24/09/2026 13:05;;2148,0
45,33;40,0;69,66;24/09/2026 13:05;;2149,0
45,32;40,0;69,64;24/09/2026 13:05;;2150,0
45,3;40,0;69,65;24/09/2026 13:05;;2151,0
45,3;40,0;69,62;24/09/2026 13:05;;2152,0
45,3;40,0;69,59;24/09/2026 13:05;;2153,0
45,27;40,0;69,59;24/09/2026 13:05;;2154,0
45,27;40,0;69,56;24/09/2026 13:05;;2155,0
45,26;40,0;69,54;24/09/2026 13:05;;2156,0
45,26;40,0;69,53;24/09/2026 13:05;;2157,0
45,24;40,0;69,51;24/09/2026 13:05;;2158,0
45,23;40,0;69,5;24/09/2026 13:05;;2159,0
45,21;40,0;69,48;24/09/2026 13:05;;2160,0
45,22;40,0;69,52;24/09/2026 13:05;;2161,0
45,21;40,0;69,7;24/09/2026 13:05;;2162,0
45,2;40,0;69,81;24/09/2026 13:05;;2163,0
45,22;40,0;70,0;24/09/2026 13:05;;2164,0
45,23;40,0;70,23;24/09/2026 13:05;;2165,0
45,26;40,0;70,43;24/09/2026 13:05;;2166,0
45,29;40,0;70,64;24/09/2026 13:05;;2167,0
45,31;40,0;70,77;24/09/2026 13:05;;2168,0
45,37;40,0;70,91;24/09/2026 13:05;;2169,0
45,4;40,0;71,0;24/09/2026 13:05;;2170,0
45,44;40,0;71,08;24/09/2026 13:05;;2171,0
45,48;40,0;71,16;24/09/2026 13:05;;2172,0
45,52;40,0;71,19;24/09/2026 13:05;;2173,0
45,55;40,0;71,24;24/09/2026 13:05;;2174,0
45,6;40,0;71,29;24/09/2026 13:06;;2175,0
45,63;40,0;71,41;24/09/2026 13:06;;2176,0
45,66;40,0;71,39;24/09/2026 13:06;;2177,0
45,7;40,0;71,43;24/09/2026 13:06;;2178,0
45,73;40,0;71,49;24/09/2026 13:06;;2179,0
45,76;40,0;71,51;24/09/2026 13:06;;2180,0
45,8;40,0;71,53;24/09/2026 13:06;;2181,0
45,83;40,0;71,55;24/09/2026 13:06;;2182,0
45,86;40,0;71,53;24/09/2026 13:06;;2183,0
45,87;40,0;71,53;24/09/2026 13:06;;2184,0
45,91;40,0;71,51;24/09/2026 13:06;;2185,0
45,91;40,0;71,51;24/09/2026 13:06;;2186,0
45,92;40,0;71,49;24/09/2026 13:06;;2187,0
45,96;40,0;71,47;24/09/2026 13:06;;2188,0
45,96;40,0;71,4;24/09/2026 13:06;;2189,0
45,99;40,0;71,35;24/09/2026 13:06;;2190,0
46,0;40,0;71,3;24/09/2026 13:06;;2191,0
46,02;40,0;71,22;24/09/2026 13:06;;2192,0
46,01;40,0;71,19;24/09/2026 13:06;;2193,0
46,01;40,0;71,19;24/09/2026 13:06;;2194,0
46,02;40,0;71,16;24/09/2026 13:06;;2195,0
46,02;40,0;71,11;24/09/2026 13:06;;2196,0
46,02;40,0;71,06;24/09/2026 13:06;;2197,0
46,03;40,0;71,04;24/09/2026 13:06;;2198,0
46,04;40,0;70,99;24/09/2026 13:06;;2199,0
46,04;40,0;70,95;24/09/2026 13:06;;2200,0
46,04;40,0;70,91;24/09/2026 13:06;;2201,0
46,01;40,0;70,88;24/09/2026 13:06;;2202,0
46,02;40,0;70,84;24/09/2026 13:06;;2203,0
46,01;40,0;70,8;24/09/2026 13:06;;2204,0
46,01;40,0;70,76;24/09/2026 13:06;;2205,0
46,0;40,0;70,72;24/09/2026 13:06;;2206,0
45,98;50,01;70,68;24/09/2026 13:06;;2207,0
46,04;50,01;69,67;24/09/2026 13:06;;2208,0
46,15;50,01;69,24;24/09/2026 13:06;;2209,0
46,27;50,01;69,19;24/09/2026 13:06;;2210,0
46,4;50,01;69,2;24/09/2026 13:06;;2211,0
46,49;50,01;69,2;24/09/2026 13:06;;2212,0
46,56;50,01;69,24;24/09/2026 13:06;;2213,0
46,69;50,01;69,24;24/09/2026 13:06;;2214,0
46,76;50,01;69,23;24/09/2026 13:06;;2215,0
46,85;50,01;69,23;24/09/2026 13:06;;2216,0
46,92;50,01;69,22;24/09/2026 13:06;;2217,0
46,99;50,01;69,22;24/09/2026 13:06;;2218,0
47,04;50,01;69,24;24/09/2026 13:06;;2219,0
47,09;50,01;69,24;24/09/2026 13:06;;2220,0
47,16;50,01;69,25;24/09/2026 13:06;;2221,0
47,21;50,01;69,25;24/09/2026 13:06;;2222,0
47,26;50,01;69,25;24/09/2026 13:06;;2223,0
47,31;50,01;69,24;24/09/2026 13:06;;2224,0
47,33;50,01;69,24;24/09/2026 13:06;;2225,0
47,39;50,01;69,24;24/09/2026 13:06;;2226,0
47,43;50,01;69,29;24/09/2026 13:06;;2227,0
47,45;50,01;69,24;24/09/2026 13:06;;2228,0
47,48;50,01;69,23;24/09/2026 13:06;;2229,0
47,53;50,01;69,23;24/09/2026 13:06;;2230,0
47,54;50,01;69,22;24/09/2026 13:06;;2231,0
47,58;50,01;69,23;24/09/2026 13:06;;2232,0
47,6;50,01;69,2;24/09/2026 13:06;;2233,0
47,62;50,01;69,2;24/09/2026 13:06;;2234,0
47,64;50,01;69,21;24/09/2026 13:07;;2235,0
47,67;50,01;69,21;24/09/2026 13:07;;2236,0
47,69;50,01;69,2;24/09/2026 13:07;;2237,0
47,7;50,01;69,18;24/09/2026 13:07;;2238,0
47,72;50,01;69,18;24/09/2026 13:07;;2239,0
47,73;50,01;69,19;24/09/2026 13:07;;2240,0
47,75;50,01;69,15;24/09/2026 13:07;;2241,0
47,77;50,01;69,14;24/09/2026 13:07;;2242,0
47,78;50,01;69,12;24/09/2026 13:07;;2243,0
47,79;50,01;69,12;24/09/2026 13:07;;2244,0
47,79;50,01;69,11;24/09/2026 13:07;;2245,0
47,82;50,01;69,09;24/09/2026 13:07;;2246,0
47,83;50,01;69,08;24/09/2026 13:07;;2247,0
47,83;50,01;69,07;24/09/2026 13:07;;2248,0
47,83;50,01;69,04;24/09/2026 13:07;;2249,0
47,84;50,01;69,04;24/09/2026 13:07;;2250,0
47,84;50,01;69,04;24/09/2026 13:07;;2251,0
47,85;50,01;69,02;24/09/2026 13:07;;2252,0
47,86;50,01;69,01;24/09/2026 13:07;;2253,0
47,84;50,01;69,0;24/09/2026 13:07;;2254,0
47,86;50,01;68,98;24/09/2026 13:07;;2255,0
47,86;50,01;68,97;24/09/2026 13:07;;2256,0
47,87;50,01;68,97;24/09/2026 13:07;;2257,0
47,86;50,01;68,96;24/09/2026 13:07;;2258,0
47,87;50,01;68,92;24/09/2026 13:07;;2259,0
47,87;50,01;68,92;24/09/2026 13:07;;2260,0
47,87;50,01;68,91;24/09/2026 13:07;;2261,0
47,87;50,01;68,88;24/09/2026 13:07;;2262,0
47,88;50,01;68,88;24/09/2026 13:07;;2263,0
47,86;50,01;68,86;24/09/2026 13:07;;2264,0
47,87;50,01;68,89;24/09/2026 13:07;;2265,0
47,87;50,01;69,01;24/09/2026 13:07;;2266,0
47,87;50,01;69,13;24/09/2026 13:07;;2267,0
47,89;50,01;69,35;24/09/2026 13:07;;2268,0
47,94;50,01;69,56;24/09/2026 13:07;;2269,0
47,96;50,01;69,74;24/09/2026 13:07;;2270,0
48,01;50,01;69,91;24/09/2026 13:07;;2271,0
48,05;50,01;70,07;24/09/2026 13:07;;2272,0
48,09;50,01;70,23;24/09/2026 13:07;;2273,0
48,16;50,01;70,31;24/09/2026 13:07;;2274,0
48,2;50,01;70,38;24/09/2026 13:07;;2275,0
48,27;50,01;70,45;24/09/2026 13:07;;2276,0
48,31;50,01;70,5;24/09/2026 13:07;;2277,0
48,35;50,01;70,58;24/09/2026 13:07;;2278,0
48,42;50,01;70,63;24/09/2026 13:07;;2279,0
48,45;50,01;70,68;24/09/2026 13:07;;2280,0
48,51;50,01;70,72;24/09/2026 13:07;;2281,0
48,55;50,01;70,78;24/09/2026 13:07;;2282,0
48,6;50,01;70,81;24/09/2026 13:07;;2283,0
48,63;50,01;70,83;24/09/2026 13:07;;2284,0
48,69;50,01;70,86;24/09/2026 13:07;;2285,0
48,73;50,01;70,88;24/09/2026 13:07;;2286,0
48,77;50,01;70,91;24/09/2026 13:07;;2287,0
48,81;50,01;70,89;24/09/2026 13:07;;2288,0
48,83;50,01;70,88;24/09/2026 13:07;;2289,0
48,85;50,01;70,91;24/09/2026 13:07;;2290,0
48,89;50,01;70,83;24/09/2026 13:07;;2291,0
48,92;50,01;70,77;24/09/2026 13:07;;2292,0
48,93;50,01;70,74;24/09/2026 13:07;;2293,0
48,95;50,01;70,69;24/09/2026 13:07;;2294,0
48,96;50,01;70,66;24/09/2026 13:08;;2295,0
48,96;50,01;70,62;24/09/2026 13:08;;2296,0
48,99;50,01;70,57;24/09/2026 13:08;;2297,0
49,0;50,01;70,56;24/09/2026 13:08;;2298,0
48,99;50,01;70,52;24/09/2026 13:08;;2299,0
49,0;50,01;70,48;24/09/2026 13:08;;2300,0
48,99;50,01;70,48;24/09/2026 13:08;;2301,0
49,01;50,01;70,41;24/09/2026 13:08;;2302,0
49,02;50,01;70,37;24/09/2026 13:08;;2303,0
48,99;50,01;70,33;24/09/2026 13:08;;2304,0
49,0;50,01;70,29;24/09/2026 13:08;;2305,0
49,0;50,01;70,31;24/09/2026 13:08;;2306,0
49,0;50,01;70,31;24/09/2026 13:08;;2307,0
48,99;50,01;70,24;24/09/2026 13:08;;2308,0
48,99;50,01;70,2;24/09/2026 13:08;;2309,0
48,98;50,01;70,16;24/09/2026 13:08;;2310,0
48,97;50,01;70,17;24/09/2026 13:08;;2311,0
48,96;50,01;70,1;24/09/2026 13:08;;2312,0
48,95;50,01;70,06;24/09/2026 13:08;;2313,0
48,95;50,01;70,02;24/09/2026 13:08;;2314,0
48,94;50,01;70,0;24/09/2026 13:08;;2315,0
48,92;50,01;69,95;24/09/2026 13:08;;2316,0
48,91;50,01;69,93;24/09/2026 13:08;;2317,0
48,89;50,01;69,89;24/09/2026 13:08;;2318,0
48,89;50,01;69,86;24/09/2026 13:08;;2319,0
48,87;50,01;69,83;24/09/2026 13:08;;2320,0
48,86;50,01;69,81;24/09/2026 13:08;;2321,0
48,84;50,01;69,76;24/09/2026 13:08;;2322,0
48,81;50,01;69,74;24/09/2026 13:08;;2323,0
48,81;50,01;69,71;24/09/2026 13:08;;2324,0
48,8;50,01;69,69;24/09/2026 13:08;;2325,0
48,78;50,01;69,65;24/09/2026 13:08;;2326,0
48,76;50,01;69,63;24/09/2026 13:08;;2327,0
48,75;50,01;69,61;24/09/2026 13:08;;2328,0
48,73;50,01;69,61;24/09/2026 13:08;;2329,0
48,72;50,01;69,58;24/09/2026 13:08;;2330,0
48,7;50,01;69,54;24/09/2026 13:08;;2331,0
48,69;50,01;69,53;24/09/2026 13:08;;2332,0
48,68;50,01;69,52;24/09/2026 13:08;;2333,0
48,67;50,01;69,5;24/09/2026 13:08;;2334,0
48,64;50,01;69,49;24/09/2026 13:08;;2335,0
48,64;50,01;69,46;24/09/2026 13:08;;2336,0
48,62;50,01;69,45;24/09/2026 13:08;;2337,0
48,61;50,01;69,43;24/09/2026 13:08;;2338,0
48,6;50,01;69,42;24/09/2026 13:08;;2339,0
48,58;50,01;69,42;24/09/2026 13:08;;2340,0
48,56;50,01;69,38;24/09/2026 13:08;;2341,0
48,55;50,01;69,37;24/09/2026 13:08;;2342,0
48,55;50,01;69,37;24/09/2026 13:08;;2343,0
48,53;50,01;69,34;24/09/2026 13:08;;2344,0
48,51;50,01;69,32;24/09/2026 13:08;;2345,0
48,5;50,01;69,31;24/09/2026 13:08;;2346,0
48,48;50,01;69,29;24/09/2026 13:08;;2347,0
48,48;50,01;69,27;24/09/2026 13:08;;2348,0
48,46;50,01;69,24;24/09/2026 13:08;;2349,0
48,44;50,01;69,24;24/09/2026 13:08;;2350,0
48,43;50,01;69,29;24/09/2026 13:08;;2351,0
48,43;50,01;69,23;24/09/2026 13:08;;2352,0
48,42;50,01;69,19;24/09/2026 13:08;;2353,0
48,41;50,01;69,18;24/09/2026 13:08;;2354,0
48,39;50,01;69,15;24/09/2026 13:09;;2355,0
48,38;50,01;69,13;24/09/2026 13:09;;2356,0
48,36;50,01;69,11;24/09/2026 13:09;;2357,0
48,33;50,01;69,09;24/09/2026 13:09;;2358,0
48,34;50,01;69,07;24/09/2026 13:09;;2359,0
48,31;50,01;69,06;24/09/2026 13:09;;2360,0
48,3;50,01;69,03;24/09/2026 13:09;;2361,0
48,28;50,01;69,04;24/09/2026 13:09;;2362,0
48,28;50,01;69,01;24/09/2026 13:09;;2363,0
48,26;50,01;68,97;24/09/2026 13:09;;2364,0
48,25;50,01;68,97;24/09/2026 13:09;;2365,0
48,23;50,01;68,93;24/09/2026 13:09;;2366,0
48,21;50,01;68,9;24/09/2026 13:09;;2367,0
48,22;50,01;68,9;24/09/2026 13:09;;2368,0
48,21;50,01;69,0;24/09/2026 13:09;;2369,0
48,2;50,01;69,13;24/09/2026 13:09;;2370,0
48,2;50,01;69,31;24/09/2026 13:09;;2371,0
48,2;50,01;69,46;24/09/2026 13:09;;2372,0
48,23;50,01;69,66;24/09/2026 13:09;;2373,0
48,26;50,01;69,86;24/09/2026 13:09;;2374,0
48,29;50,01;70,04;24/09/2026 13:09;;2375,0
48,34;50,01;70,18;24/09/2026 13:09;;2376,0
48,38;50,01;70,33;24/09/2026 13:09;;2377,0
48,38;50,01;70,33;24/09/2026 13:09;;2378,0
48,43;50,01;70,39;24/09/2026 13:09;;2379,0
48,47;50,01;70,48;24/09/2026 13:09;;2380,0
48,52;50,01;70,6;24/09/2026 13:09;;2381,0
48,56;50,01;70,59;24/09/2026 13:09;;2382,0
48,61;50,01;70,64;24/09/2026 13:09;;2383,0
48,66;50,01;70,69;24/09/2026 13:09;;2384,0
48,69;50,01;70,76;24/09/2026 13:09;;2385,0
48,73;50,01;70,78;24/09/2026 13:09;;2386,0
48,77;50,01;70,84;24/09/2026 13:09;;2387,0
48,84;60,0;70,28;24/09/2026 13:09;;2388,0
48,94;60,0;70,11;24/09/2026 13:09;;2389,0
49,05;60,0;70,01;24/09/2026 13:09;;2390,0
49,19;60,0;69,94;24/09/2026 13:09;;2391,0
49,3;60,0;70,0;24/09/2026 13:09;;2392,0
49,38;60,0;70,02;24/09/2026 13:09;;2393,0
49,5;60,0;70,03;24/09/2026 13:09;;2394,0
49,59;60,0;70,02;24/09/2026 13:09;;2395,0
49,66;60,0;70,03;24/09/2026 13:09;;2396,0
49,74;60,0;70,07;24/09/2026 13:09;;2397,0
49,8;60,0;70,01;24/09/2026 13:09;;2398,0
49,87;60,0;69,98;24/09/2026 13:09;;2399,0
49,93;60,0;69,97;24/09/2026 13:09;;2400,0
49,99;60,0;69,96;24/09/2026 13:09;;2401,0
50,04;60,0;69,94;24/09/2026 13:09;;2402,0
50,07;60,0;69,93;24/09/2026 13:09;;2403,0
50,11;60,0;69,92;24/09/2026 13:09;;2404,0
50,15;60,0;69,87;24/09/2026 13:09;;2405,0
50,18;60,0;69,84;24/09/2026 13:09;;2406,0
50,19;60,0;69,84;24/09/2026 13:09;;2407,0
50,23;60,0;69,82;24/09/2026 13:09;;2408,0
50,24;60,0;69,77;24/09/2026 13:09;;2409,0
50,27;60,0;69,76;24/09/2026 13:09;;2410,0
50,3;60,0;69,73;24/09/2026 13:09;;2411,0
50,31;60,0;69,7;24/09/2026 13:09;;2412,0
50,33;60,0;69,69;24/09/2026 13:09;;2413,0
50,34;60,0;69,67;24/09/2026 13:09;;2414,0
50,34;60,0;69,62;24/09/2026 13:10;;2415,0
50,36;60,0;69,6;24/09/2026 13:10;;2416,0
50,37;60,0;69,56;24/09/2026 13:10;;2417,0
50,38;60,0;69,53;24/09/2026 13:10;;2418,0
50,38;60,0;69,51;24/09/2026 13:10;;2419,0
50,38;60,0;69,5;24/09/2026 13:10;;2420,0
50,38;60,0;69,45;24/09/2026 13:10;;2421,0
50,38;60,0;69,43;24/09/2026 13:10;;2422,0
50,39;60,0;69,41;24/09/2026 13:10;;2423,0
50,38;60,0;69,39;24/09/2026 13:10;;2424,0
50,38;60,0;69,34;24/09/2026 13:10;;2425,0
50,37;60,0;69,37;24/09/2026 13:10;;2426,0
50,37;60,0;69,31;24/09/2026 13:10;;2427,0
50,38;60,0;69,27;24/09/2026 13:10;;2428,0
50,36;60,0;69,27;24/09/2026 13:10;;2429,0
50,36;60,0;69,23;24/09/2026 13:10;;2430,0
50,35;60,0;69,21;24/09/2026 13:10;;2431,0
50,35;60,0;69,2;24/09/2026 13:10;;2432,0
50,33;60,0;69,18;24/09/2026 13:10;;2433,0
50,33;60,0;69,14;24/09/2026 13:10;;2434,0
50,32;60,0;69,14;24/09/2026 13:10;;2435,0
50,31;60,0;69,12;24/09/2026 13:10;;2436,0
50,3;60,0;69,1;24/09/2026 13:10;;2437,0
50,3;60,0;69,09;24/09/2026 13:10;;2438,0
50,28;60,0;69,08;24/09/2026 13:10;;2439,0
50,28;60,0;69,06;24/09/2026 13:10;;2440,0
50,28;60,0;69,06;24/09/2026 13:10;;2441,0
50,27;60,0;69,04;24/09/2026 13:10;;2442,0
50,25;60,0;69,03;24/09/2026 13:10;;2443,0
50,25;60,0;69,01;24/09/2026 13:10;;2444,0
50,25;60,0;69,01;24/09/2026 13:10;;2445,0
50,25;60,0;69,0;24/09/2026 13:10;;2446,0
50,22;60,0;68,96;24/09/2026 13:10;;2447,0
50,22;60,0;68,94;24/09/2026 13:10;;2448,0
50,21;60,0;68,93;24/09/2026 13:10;;2449,0
50,19;60,0;68,92;24/09/2026 13:10;;2450,0
50,18;60,0;68,91;24/09/2026 13:10;;2451,0
50,18;60,0;68,89;24/09/2026 13:10;;2452,0
50,18;60,0;68,87;24/09/2026 13:10;;2453,0
50,14;60,0;68,86;24/09/2026 13:10;;2454,0
50,15;60,0;68,84;24/09/2026 13:10;;2455,0
50,14;60,0;68,82;24/09/2026 13:10;;2456,0
50,14;60,0;68,81;24/09/2026 13:10;;2457,0
50,12;60,0;68,79;24/09/2026 13:10;;2458,0
50,1;60,0;68,78;24/09/2026 13:10;;2459,0
50,08;60,0;68,76;24/09/2026 13:10;;2460,0
50,09;60,0;68,73;24/09/2026 13:10;;2461,0
50,06;60,0;68,71;24/09/2026 13:10;;2462,0
50,07;60,0;68,71;24/09/2026 13:10;;2463,0
50,06;60,0;68,69;24/09/2026 13:10;;2464,0
50,04;60,0;68,66;24/09/2026 13:10;;2465,0
50,04;60,0;68,65;24/09/2026 13:10;;2466,0
50,02;60,0;68,63;24/09/2026 13:10;;2467,0
50,0;60,0;68,61;24/09/2026 13:10;;2468,0
50,0;60,0;68,6;24/09/2026 13:10;;2469,0
49,99;60,0;68,57;24/09/2026 13:10;;2470,0
49,97;60,0;68,56;24/09/2026 13:10;;2471,0
49,96;60,0;68,55;24/09/2026 13:10;;2472,0
49,94;60,0;68,51;24/09/2026 13:10;;2473,0
49,95;60,0;68,61;24/09/2026 13:10;;2474,0
49,95;60,0;68,75;24/09/2026 13:11;;2475,0
49,96;60,0;68,91;24/09/2026 13:11;;2476,0
49,95;60,0;69,06;24/09/2026 13:11;;2477,0
49,99;60,0;69,31;24/09/2026 13:11;;2478,0
50,02;60,0;69,43;24/09/2026 13:11;;2479,0
50,06;60,0;69,62;24/09/2026 13:11;;2480,0
50,11;60,0;69,76;24/09/2026 13:11;;2481,0
50,17;60,0;69,91;24/09/2026 13:11;;2482,0
50,21;60,0;69,98;24/09/2026 13:11;;2483,0
50,27;60,0;70,06;24/09/2026 13:11;;2484,0
50,32;60,0;70,13;24/09/2026 13:11;;2485,0
50,35;60,0;70,2;24/09/2026 13:11;;2486,0
50,41;60,0;70,24;24/09/2026 13:11;;2487,0
50,46;60,0;70,28;24/09/2026 13:11;;2488,0
50,52;60,0;70,36;24/09/2026 13:11;;2489,0
50,55;60,0;70,38;24/09/2026 13:11;;2490,0
50,6;60,0;70,43;24/09/2026 13:11;;2491,0
50,65;60,0;70,48;24/09/2026 13:11;;2492,0
50,69;60,0;70,49;24/09/2026 13:11;;2493,0
50,72;60,0;70,52;24/09/2026 13:11;;2494,0
50,77;60,0;70,55;24/09/2026 13:11;;2495,0
50,8;60,0;70,54;24/09/2026 13:11;;2496,0
50,83;60,0;70,54;24/09/2026 13:11;;2497,0
50,87;60,0;70,53;24/09/2026 13:11;;2498,0
50,88;60,0;70,48;24/09/2026 13:11;;2499,0
50,93;60,0;70,47;24/09/2026 13:11;;2500,0
50,93;60,0;70,44;24/09/2026 13:11;;2501,0
50,95;60,0;70,38;24/09/2026 13:11;;2502,0
50,95;60,0;70,38;24/09/2026 13:11;;2503,0
50,98;60,0;70,37;24/09/2026 13:11;;2504,0
50,98;60,0;70,33;24/09/2026 13:11;;2505,0
50,99;60,0;70,35;24/09/2026 13:11;;2506,0
50,99;60,0;70,26;24/09/2026 13:11;;2507,0
51,01;60,0;70,24;24/09/2026 13:11;;2508,0
50,99;60,0;70,21;24/09/2026 13:11;;2509,0
50,99;60,0;70,16;24/09/2026 13:11;;2510,0
50,99;60,0;70,12;24/09/2026 13:11;;2511,0
50,99;60,0;70,08;24/09/2026 13:11;;2512,0
50,99;60,0;70,06;24/09/2026 13:11;;2513,0
50,99;60,0;70,01;24/09/2026 13:11;;2514,0
50,98;60,0;69,98;24/09/2026 13:11;;2515,0
50,96;60,0;69,95;24/09/2026 13:11;;2516,0
50,94;60,0;69,92;24/09/2026 13:11;;2517,0
50,95;60,0;69,86;24/09/2026 13:11;;2518,0
50,93;60,0;69,84;24/09/2026 13:11;;2519,0
50,93;60,0;69,81;24/09/2026 13:11;;2520,0
50,92;60,0;69,79;24/09/2026 13:11;;2521,0
50,89;60,0;69,73;24/09/2026 13:11;;2522,0
50,88;60,0;69,7;24/09/2026 13:11;;2523,0
50,86;60,0;69,66;24/09/2026 13:11;;2524,0
50,85;60,0;69,61;24/09/2026 13:11;;2525,0
50,83;60,0;69,59;24/09/2026 13:11;;2526,0
50,82;60,0;69,58;24/09/2026 13:11;;2527,0
50,79;60,0;69,54;24/09/2026 13:11;;2528,0
50,79;60,0;69,5;24/09/2026 13:11;;2529,0
50,76;60,0;69,46;24/09/2026 13:11;;2530,0
50,75;60,0;69,44;24/09/2026 13:11;;2531,0
50,72;60,0;69,41;24/09/2026 13:11;;2532,0
50,7;60,0;69,38;24/09/2026 13:11;;2533,0
50,69;60,0;69,34;24/09/2026 13:11;;2534,0
50,68;60,0;69,34;24/09/2026 13:12;;2535,0
50,65;60,0;69,29;24/09/2026 13:12;;2536,0
50,64;60,0;69,28;24/09/2026 13:12;;2537,0
50,62;60,0;69,27;24/09/2026 13:12;;2538,0
50,6;60,0;69,22;24/09/2026 13:12;;2539,0
50,58;60,0;69,21;24/09/2026 13:12;;2540,0
50,57;60,0;69,2;24/09/2026 13:12;;2541,0
50,54;60,0;69,18;24/09/2026 13:12;;2542,0
50,53;60,0;69,15;24/09/2026 13:12;;2543,0
50,52;60,0;69,14;24/09/2026 13:12;;2544,0
50,51;60,0;69,12;24/09/2026 13:12;;2545,0
50,47;60,0;69,1;24/09/2026 13:12;;2546,0
50,47;60,0;69,14;24/09/2026 13:12;;2547,0
50,44;60,0;69,11;24/09/2026 13:12;;2548,0
50,44;60,0;69,06;24/09/2026 13:12;;2549,0
50,43;60,0;69,02;24/09/2026 13:12;;2550,0
50,42;60,0;69,01;24/09/2026 13:12;;2551,0
50,38;60,0;69,01;24/09/2026 13:12;;2552,0
50,38;60,0;69,0;24/09/2026 13:12;;2553,0
50,36;60,0;68,97;24/09/2026 13:12;;2554,0
50,35;60,0;68,96;24/09/2026 13:12;;2555,0
50,34;60,0;68,91;24/09/2026 13:12;;2556,0
50,31;60,0;68,9;24/09/2026 13:12;;2557,0
50,31;60,0;68,9;24/09/2026 13:12;;2558,0
50,31;60,0;68,89;24/09/2026 13:12;;2559,0
50,3;60,0;68,88;24/09/2026 13:12;;2560,0
50,27;60,0;68,87;24/09/2026 13:12;;2561,0
50,25;60,0;68,83;24/09/2026 13:12;;2562,0
50,25;60,0;68,83;24/09/2026 13:12;;2563,0
50,23;60,0;68,82;24/09/2026 13:12;;2564,0
50,24;60,0;68,8;24/09/2026 13:12;;2565,0
50,19;60,0;68,76;24/09/2026 13:12;;2566,0
50,19;70,0;68,76;24/09/2026 13:12;;2567,0
50,2;70,0;68,75;24/09/2026 13:12;;2568,0
50,23;70,0;68,59;24/09/2026 13:12;;2569,0
50,25;70,0;68,47;24/09/2026 13:12;;2570,0
50,29;70,0;68,39;24/09/2026 13:12;;2571,0
50,31;70,0;68,32;24/09/2026 13:12;;2572,0
50,34;70,0;68,27;24/09/2026 13:12;;2573,0
50,36;70,0;68,24;24/09/2026 13:12;;2574,0
50,38;70,0;68,21;24/09/2026 13:12;;2575,0
50,39;70,0;68,19;24/09/2026 13:12;;2576,0
50,4;70,0;68,17;24/09/2026 13:12;;2577,0
50,43;70,0;68,23;24/09/2026 13:12;;2578,0
50,45;70,0;68,35;24/09/2026 13:12;;2579,0
50,49;70,0;68,48;24/09/2026 13:12;;2580,0
50,51;70,0;68,66;24/09/2026 13:12;;2581,0
50,57;70,0;68,82;24/09/2026 13:12;;2582,0
50,63;70,0;69,03;24/09/2026 13:12;;2583,0
50,69;70,0;69,13;24/09/2026 13:12;;2584,0
50,76;70,0;69,31;24/09/2026 13:12;;2585,0
50,83;70,0;69,43;24/09/2026 13:12;;2586,0
50,9;70,0;69,54;24/09/2026 13:12;;2587,0
51,0;70,0;69,61;24/09/2026 13:12;;2588,0
51,07;70,0;69,7;24/09/2026 13:12;;2589,0
51,13;70,0;69,77;24/09/2026 13:12;;2590,0
51,21;70,0;69,83;24/09/2026 13:12;;2591,0
51,28;70,0;69,9;24/09/2026 13:12;;2592,0
51,34;70,0;69,94;24/09/2026 13:12;;2593,0
51,39;70,0;70,0;24/09/2026 13:12;;2594,0
51,47;70,0;70,06;24/09/2026 13:13;;2595,0
51,53;70,0;70,11;24/09/2026 13:13;;2596,0
51,6;70,0;70,15;24/09/2026 13:13;;2597,0
51,63;70,0;70,18;24/09/2026 13:13;;2598,0
51,68;70,0;70,23;24/09/2026 13:13;;2599,0
51,74;70,0;70,21;24/09/2026 13:13;;2600,0
51,8;70,0;70,24;24/09/2026 13:13;;2601,0
51,84;70,0;70,22;24/09/2026 13:13;;2602,0
51,88;70,0;70,21;24/09/2026 13:13;;2603,0
51,91;70,0;70,2;24/09/2026 13:13;;2604,0
51,93;70,0;70,15;24/09/2026 13:13;;2605,0
51,97;70,0;70,13;24/09/2026 13:13;;2606,0
51,99;70,0;70,11;24/09/2026 13:13;;2607,0
52,01;70,0;70,06;24/09/2026 13:13;;2608,0
52,03;70,0;70,04;24/09/2026 13:13;;2609,0
52,04;70,0;70,01;24/09/2026 13:13;;2610,0
52,06;70,0;69,97;24/09/2026 13:13;;2611,0
52,06;70,0;69,94;24/09/2026 13:13;;2612,0
52,07;70,0;69,92;24/09/2026 13:13;;2613,0
52,07;70,0;69,89;24/09/2026 13:13;;2614,0
52,07;70,0;69,87;24/09/2026 13:13;;2615,0
52,09;70,0;69,83;24/09/2026 13:13;;2616,0
52,07;70,0;69,77;24/09/2026 13:13;;2617,0
52,06;70,0;69,75;24/09/2026 13:13;;2618,0
52,07;70,0;69,72;24/09/2026 13:13;;2619,0
52,06;70,0;69,7;24/09/2026 13:13;;2620,0
52,06;70,0;69,66;24/09/2026 13:13;;2621,0
52,06;70,0;69,62;24/09/2026 13:13;;2622,0
52,04;70,0;69,58;24/09/2026 13:13;;2623,0
52,04;70,0;69,56;24/09/2026 13:13;;2624,0
52,01;70,0;69,52;24/09/2026 13:13;;2625,0
52,01;70,0;69,5;24/09/2026 13:13;;2626,0
52,01;70,0;69,5;24/09/2026 13:13;;2627,0
51,99;70,0;69,44;24/09/2026 13:13;;2628,0
51,98;70,0;69,41;24/09/2026 13:13;;2629,0
51,97;70,0;69,38;24/09/2026 13:13;;2630,0
51,96;70,0;69,37;24/09/2026 13:13;;2631,0
51,95;70,0;69,33;24/09/2026 13:13;;2632,0
51,92;70,0;69,29;24/09/2026 13:13;;2633,0
51,91;70,0;69,27;24/09/2026 13:13;;2634,0
51,9;70,0;69,23;24/09/2026 13:13;;2635,0
51,87;70,0;69,22;24/09/2026 13:13;;2636,0
51,85;70,0;69,22;24/09/2026 13:13;;2637,0
51,85;70,0;69,2;24/09/2026 13:13;;2638,0
51,84;70,0;69,12;24/09/2026 13:13;;2639,0
51,82;70,0;69,12;24/09/2026 13:13;;2640,0
51,81;70,0;69,12;24/09/2026 13:13;;2641,0
51,79;70,0;69,06;24/09/2026 13:13;;2642,0
51,76;70,0;69,01;24/09/2026 13:13;;2643,0
51,74;70,0;68,99;24/09/2026 13:13;;2644,0
51,74;70,0;68,99;24/09/2026 13:13;;2645,0
51,71;70,0;68,96;24/09/2026 13:13;;2646,0
51,69;70,0;68,94;24/09/2026 13:13;;2647,0
51,68;70,0;68,92;24/09/2026 13:13;;2648,0
51,65;70,0;68,89;24/09/2026 13:13;;2649,0
51,64;70,0;68,89;24/09/2026 13:13;;2650,0
51,64;70,0;68,9;24/09/2026 13:13;;2651,0
51,63;70,0;68,84;24/09/2026 13:13;;2652,0
51,6;70,0;68,83;24/09/2026 13:13;;2653,0
51,58;70,0;68,8;24/09/2026 13:13;;2654,0
51,57;70,0;68,78;24/09/2026 13:14;;2655,0
51,56;70,0;68,76;24/09/2026 13:14;;2656,0
51,54;70,0;68,76;24/09/2026 13:14;;2657,0
51,54;70,0;68,76;24/09/2026 13:14;;2658,0
51,53;70,0;68,76;24/09/2026 13:14;;2659,0
51,51;70,0;68,72;24/09/2026 13:14;;2660,0
51,48;70,0;68,69;24/09/2026 13:14;;2661,0
51,47;70,0;68,68;24/09/2026 13:14;;2662,0
51,46;70,0;68,68;24/09/2026 13:14;;2663,0
51,46;70,0;68,66;24/09/2026 13:14;;2664,0
51,43;70,0;68,62;24/09/2026 13:14;;2665,0
51,41;70,0;68,61;24/09/2026 13:14;;2666,0
51,4;70,0;68,6;24/09/2026 13:14;;2667,0
51,38;70,0;68,58;24/09/2026 13:14;;2668,0
51,37;70,0;68,56;24/09/2026 13:14;;2669,0
51,37;70,0;68,54;24/09/2026 13:14;;2670,0
51,34;70,0;68,52;24/09/2026 13:14;;2671,0
51,34;70,0;68,52;24/09/2026 13:14;;2672,0
51,31;70,0;68,49;24/09/2026 13:14;;2673,0
51,3;70,0;68,47;24/09/2026 13:14;;2674,0
51,29;70,0;68,46;24/09/2026 13:14;;2675,0
51,27;70,0;68,42;24/09/2026 13:14;;2676,0
51,26;70,0;68,4;24/09/2026 13:14;;2677,0
51,24;70,0;68,39;24/09/2026 13:14;;2678,0
51,23;70,0;68,36;24/09/2026 13:14;;2679,0
51,22;70,0;68,34;24/09/2026 13:14;;2680,0
51,2;70,0;68,32;24/09/2026 13:14;;2681,0
51,18;70,0;68,35;24/09/2026 13:14;;2682,0
51,18;70,0;68,45;24/09/2026 13:14;;2683,0
51,17;70,0;68,6;24/09/2026 13:14;;2684,0
51,2;70,0;68,75;24/09/2026 13:14;;2685,0
51,2;70,0;68,75;24/09/2026 13:14;;2686,0
51,21;70,0;68,92;24/09/2026 13:14;;2687,0
51,24;70,0;69,09;24/09/2026 13:14;;2688,0
51,28;70,0;69,28;24/09/2026 13:14;;2689,0
51,33;70,0;69,44;24/09/2026 13:14;;2690,0
51,38;70,0;69,64;24/09/2026 13:14;;2691,0
51,43;70,0;69,69;24/09/2026 13:14;;2692,0
51,48;70,0;69,77;24/09/2026 13:14;;2693,0
51,54;70,0;69,84;24/09/2026 13:14;;2694,0
51,59;70,0;69,91;24/09/2026 13:14;;2695,0
51,65;70,0;69,97;24/09/2026 13:14;;2696,0
51,7;70,0;70,03;24/09/2026 13:14;;2697,0
51,76;70,0;70,07;24/09/2026 13:14;;2698,0
51,79;70,0;70,11;24/09/2026 13:14;;2699,0
51,85;70,0;70,22;24/09/2026 13:14;;2700,0
51,87;70,0;70,2;24/09/2026 13:14;;2701,0
51,92;70,0;70,25;24/09/2026 13:14;;2702,0
51,98;70,0;70,27;24/09/2026 13:14;;2703,0
52,01;70,0;70,29;24/09/2026 13:14;;2704,0
52,06;70,0;70,31;24/09/2026 13:14;;2705,0
52,09;70,0;70,32;24/09/2026 13:14;;2706,0
52,12;70,0;70,31;24/09/2026 13:14;;2707,0
52,15;70,0;70,29;24/09/2026 13:14;;2708,0
52,17;70,0;70,26;24/09/2026 13:14;;2709,0
52,19;70,0;70,24;24/09/2026 13:14;;2710,0
52,19;70,0;70,2;24/09/2026 13:14;;2711,0
52,23;70,0;70,15;24/09/2026 13:14;;2712,0
52,24;70,0;70,13;24/09/2026 13:14;;2713,0
52,25;70,0;70,16;24/09/2026 13:14;;2714,0
52,25;70,0;70,06;24/09/2026 13:14;;2715,0
52,25;70,0;70,03;24/09/2026 13:15;;2716,0
52,24;70,0;70,01;24/09/2026 13:15;;2717,0
52,25;70,0;69,96;24/09/2026 13:15;;2718,0
52,25;70,0;69,94;24/09/2026 13:15;;2719,0
52,25;70,0;69,94;24/09/2026 13:15;;2720,0
52,24;70,0;69,86;24/09/2026 13:15;;2721,0
52,23;70,0;69,84;24/09/2026 13:15;;2722,0
52,24;70,0;69,8;24/09/2026 13:15;;2723,0
52,23;70,0;69,76;24/09/2026 13:15;;2724,0
52,2;70,0;69,73;24/09/2026 13:15;;2725,0
52,18;70,0;69,7;24/09/2026 13:15;;2726,0
52,2;70,0;69,65;24/09/2026 13:15;;2727,0
52,17;70,0;69,62;24/09/2026 13:15;;2728,0
52,15;70,0;69,56;24/09/2026 13:15;;2729,0
52,14;70,0;69,53;24/09/2026 13:15;;2730,0
52,1;70,0;69,52;24/09/2026 13:15;;2731,0
52,11;70,0;69,49;24/09/2026 13:15;;2732,0
52,09;70,0;69,43;24/09/2026 13:15;;2733,0
52,08;70,0;69,4;24/09/2026 13:15;;2734,0
52,06;70,0;69,37;24/09/2026 13:15;;2735,0
52,03;70,0;69,33;24/09/2026 13:15;;2736,0
52,01;70,0;69,31;24/09/2026 13:15;;2737,0
52,01;70,0;69,28;24/09/2026 13:15;;2738,0
51,98;70,0;69,24;24/09/2026 13:15;;2739,0
51,98;70,0;69,24;24/09/2026 13:15;;2740,0
51,96;70,0;69,21;24/09/2026 13:15;;2741,0
51,94;70,0;69,18;24/09/2026 13:15;;2742,0
51,9;70,0;69,14;24/09/2026 13:15;;2743,0
51,9;70,0;69,13;24/09/2026 13:15;;2744,0
51,88;70,0;69,1;24/09/2026 13:15;;2745,0
51,87;70,0;69,08;24/09/2026 13:15;;2746,0
51,84;70,0;69,04;24/09/2026 13:15;;2747,0
51,82;70,0;69,02;24/09/2026 13:15;;2748,0
51,81;79,99;69,0;24/09/2026 13:15;;2749,0
51,81;79,99;68,93;24/09/2026 13:15;;2750,0
51,82;79,99;68,86;24/09/2026 13:15;;2751,0
51,84;79,99;68,8;24/09/2026 13:15;;2752,0
51,83;79,99;68,76;24/09/2026 13:15;;2753,0
51,84;79,99;68,72;24/09/2026 13:15;;2754,0
51,84;79,99;68,71;24/09/2026 13:15;;2755,0
51,84;79,99;68,69;24/09/2026 13:15;;2756,0
51,83;79,99;68,66;24/09/2026 13:15;;2757,0
51,84;79,99;68,65;24/09/2026 13:15;;2758,0
51,84;79,99;68,63;24/09/2026 13:15;;2759,0
51,83;79,99;68,62;24/09/2026 13:15;;2760,0
51,84;79,99;68,59;24/09/2026 13:15;;2761,0
51,84;79,99;68,58;24/09/2026 13:15;;2762,0
51,82;79,99;68,57;24/09/2026 13:15;;2763,0
51,82;79,99;68,56;24/09/2026 13:15;;2764,0
51,81;79,99;68,54;24/09/2026 13:15;;2765,0
51,8;79,99;68,51;24/09/2026 13:15;;2766,0
51,79;79,99;68,52;24/09/2026 13:15;;2767,0
51,79;79,99;68,5;24/09/2026 13:15;;2768,0
51,79;79,99;68,46;24/09/2026 13:15;;2769,0
51,77;79,99;68,46;24/09/2026 13:15;;2770,0
51,78;79,99;68,48;24/09/2026 13:15;;2771,0
51,76;79,99;68,45;24/09/2026 13:15;;2772,0
51,76;79,99;68,41;24/09/2026 13:15;;2773,0
51,74;79,99;68,39;24/09/2026 13:15;;2774,0
51,73;79,99;68,45;24/09/2026 13:15;;2775,0
51,73;79,99;68,39;24/09/2026 13:16;;2776,0
51,72;79,99;68,36;24/09/2026 13:16;;2777,0
51,71;79,99;68,34;24/09/2026 13:16;;2778,0
51,7;79,99;68,4;24/09/2026 13:16;;2779,0
51,68;79,99;68,31;24/09/2026 13:16;;2780,0
51,68;79,99;68,28;24/09/2026 13:16;;2781,0
51,66;79,99;68,26;24/09/2026 13:16;;2782,0
51,64;79,99;68,25;24/09/2026 13:16;;2783,0
51,65;79,99;68,23;24/09/2026 13:16;;2784,0
51,62;79,99;68,19;24/09/2026 13:16;;2785,0
51,61;79,99;68,25;24/09/2026 13:16;;2786,0
51,61;79,99;68,37;24/09/2026 13:16;;2787,0
51,6;79,99;68,5;24/09/2026 13:16;;2788,0
51,63;79,99;68,66;24/09/2026 13:16;;2789,0
51,66;79,99;68,82;24/09/2026 13:16;;2790,0
51,7;79,99;69,01;24/09/2026 13:16;;2791,0
51,76;79,99;69,14;24/09/2026 13:16;;2792,0
51,79;79,99;69,32;24/09/2026 13:16;;2793,0
51,87;79,99;69,42;24/09/2026 13:16;;2794,0
51,92;79,99;69,52;24/09/2026 13:16;;2795,0
51,98;79,99;69,61;24/09/2026 13:16;;2796,0
52,05;79,99;69,67;24/09/2026 13:16;;2797,0
52,12;79,99;69,73;24/09/2026 13:16;;2798,0
52,12;79,99;69,73;24/09/2026 13:16;;2799,0
52,23;79,99;69,84;24/09/2026 13:16;;2800,0
52,23;79,99;69,84;24/09/2026 13:16;;2801,0
52,3;79,99;69,9;24/09/2026 13:16;;2802,0
52,33;79,99;69,93;24/09/2026 13:16;;2803,0
52,4;79,99;69,98;24/09/2026 13:16;;2804,0
52,45;79,99;70,04;24/09/2026 13:16;;2805,0
52,52;79,99;70,07;24/09/2026 13:16;;2806,0
52,55;79,99;70,08;24/09/2026 13:16;;2807,0
52,6;79,99;70,12;24/09/2026 13:16;;2808,0
52,66;79,99;70,12;24/09/2026 13:16;;2809,0
52,7;79,99;70,12;24/09/2026 13:16;;2810,0
52,74;79,99;70,12;24/09/2026 13:16;;2811,0
52,78;79,99;70,11;24/09/2026 13:16;;2812,0
52,81;79,99;70,06;24/09/2026 13:16;;2813,0
52,82;79,99;70,04;24/09/2026 13:16;;2814,0
52,86;79,99;70,02;24/09/2026 13:16;;2815,0
52,87;79,99;69,98;24/09/2026 13:16;;2816,0
52,87;79,99;69,94;24/09/2026 13:16;;2817,0
52,89;79,99;69,92;24/09/2026 13:16;;2818,0
52,9;79,99;69,89;24/09/2026 13:16;;2819,0
52,91;79,99;69,91;24/09/2026 13:16;;2820,0
52,92;79,99;69,83;24/09/2026 13:16;;2821,0
52,92;79,99;69,8;24/09/2026 13:16;;2822,0
52,92;79,99;69,75;24/09/2026 13:16;;2823,0
52,9;79,99;69,77;24/09/2026 13:16;;2824,0
52,91;79,99;69,71;24/09/2026 13:16;;2825,0
52,91;79,99;69,71;24/09/2026 13:16;;2826,0
52,89;79,99;69,64;24/09/2026 13:16;;2827,0
52,89;79,99;69,6;24/09/2026 13:16;;2828,0
52,88;79,99;69,56;24/09/2026 13:16;;2829,0
52,86;79,99;69,52;24/09/2026 13:16;;2830,0
52,86;79,99;69,49;24/09/2026 13:16;;2831,0
52,85;79,99;69,46;24/09/2026 13:16;;2832,0
52,83;79,99;69,43;24/09/2026 13:16;;2833,0
52,82;79,99;69,39;24/09/2026 13:16;;2834,0
52,81;79,99;69,35;24/09/2026 13:16;;2835,0
52,79;79,99;69,32;24/09/2026 13:17;;2836,0
52,77;79,99;69,28;24/09/2026 13:17;;2837,0
52,75;79,99;69,25;24/09/2026 13:17;;2838,0
52,73;79,99;69,23;24/09/2026 13:17;;2839,0
52,71;79,99;69,19;24/09/2026 13:17;;2840,0
52,69;79,99;69,15;24/09/2026 13:17;;2841,0
52,68;79,99;69,11;24/09/2026 13:17;;2842,0
52,65;79,99;69,09;24/09/2026 13:17;;2843,0
52,62;79,99;69,08;24/09/2026 13:17;;2844,0
52,61;79,99;69,04;24/09/2026 13:17;;2845,0
52,59;79,99;69,01;24/09/2026 13:17;;2846,0
52,58;79,99;68,98;24/09/2026 13:17;;2847,0
52,54;79,99;68,94;24/09/2026 13:17;;2848,0
52,54;79,99;68,93;24/09/2026 13:17;;2849,0
52,53;79,99;68,91;24/09/2026 13:17;;2850,0
52,51;79,99;68,89;24/09/2026 13:17;;2851,0
52,48;79,99;68,88;24/09/2026 13:17;;2852,0
52,46;79,99;68,84;24/09/2026 13:17;;2853,0
52,44;79,99;68,82;24/09/2026 13:17;;2854,0
52,43;79,99;68,8;24/09/2026 13:17;;2855,0
52,4;79,99;68,8;24/09/2026 13:17;;2856,0
52,4;79,99;68,79;24/09/2026 13:17;;2857,0
52,37;79,99;68,76;24/09/2026 13:17;;2858,0
52,35;79,99;68,73;24/09/2026 13:17;;2859,0
52,35;79,99;68,7;24/09/2026 13:17;;2860,0
52,35;79,99;68,7;24/09/2026 13:17;;2861,0
52,32;79,99;68,7;24/09/2026 13:17;;2862,0
52,31;79,99;68,66;24/09/2026 13:17;;2863,0
52,29;79,99;68,66;24/09/2026 13:17;;2864,0
52,28;79,99;68,63;24/09/2026 13:17;;2865,0
52,28;79,99;68,62;24/09/2026 13:17;;2866,0
52,23;79,99;68,6;24/09/2026 13:17;;2867,0
52,23;79,99;68,57;24/09/2026 13:17;;2868,0
52,21;79,99;68,57;24/09/2026 13:17;;2869,0
52,2;79,99;68,56;24/09/2026 13:17;;2870,0
52,18;79,99;68,54;24/09/2026 13:17;;2871,0
52,17;79,99;68,51;24/09/2026 13:17;;2872,0
52,17;79,99;68,5;24/09/2026 13:17;;2873,0
52,14;79,99;68,49;24/09/2026 13:17;;2874,0
52,12;79,99;68,46;24/09/2026 13:17;;2875,0
52,1;79,99;68,45;24/09/2026 13:17;;2876,0
52,09;79,99;68,42;24/09/2026 13:17;;2877,0
52,08;79,99;68,4;24/09/2026 13:17;;2878,0
52,06;79,99;68,38;24/09/2026 13:17;;2879,0
52,04;79,99;68,36;24/09/2026 13:17;;2880,0
52,03;79,99;68,36;24/09/2026 13:17;;2881,0
52,01;79,99;68,32;24/09/2026 13:17;;2882,0
51,99;79,99;68,3;24/09/2026 13:17;;2883,0
51,97;79,99;68,29;24/09/2026 13:17;;2884,0
51,97;79,99;68,26;24/09/2026 13:17;;2885,0
51,95;79,99;68,26;24/09/2026 13:17;;2886,0
51,93;79,99;68,24;24/09/2026 13:17;;2887,0
51,9;79,99;68,19;24/09/2026 13:17;;2888,0
51,9;79,99;68,19;24/09/2026 13:17;;2889,0
51,87;79,99;68,28;24/09/2026 13:17;;2890,0
51,87;79,99;68,39;24/09/2026 13:17;;2891,0
51,88;79,99;68,55;24/09/2026 13:17;;2892,0
51,9;79,99;68,69;24/09/2026 13:17;;2893,0
51,93;79,99;68,88;24/09/2026 13:17;;2894,0
51,97;79,99;69,04;24/09/2026 13:17;;2895,0
52,02;79,99;69,21;24/09/2026 13:18;;2896,0
52,08;79,99;69,35;24/09/2026 13:18;;2897,0
52,12;79,99;69,49;24/09/2026 13:18;;2898,0
52,18;79,99;69,58;24/09/2026 13:18;;2899,0
52,23;79,99;69,64;24/09/2026 13:18;;2900,0
52,28;79,99;69,71;24/09/2026 13:18;;2901,0
52,35;79,99;69,77;24/09/2026 13:18;;2902,0
52,4;79,99;69,83;24/09/2026 13:18;;2903,0
52,44;79,99;69,89;24/09/2026 13:18;;2904,0
52,51;79,99;69,92;24/09/2026 13:18;;2905,0
52,56;79,99;69,96;24/09/2026 13:18;;2906,0
52,6;79,99;70,02;24/09/2026 13:18;;2907,0
52,65;79,99;70,07;24/09/2026 13:18;;2908,0
52,7;79,99;70,1;24/09/2026 13:18;;2909,0
52,76;79,99;70,14;24/09/2026 13:18;;2910,0
52,79;79,99;70,13;24/09/2026 13:18;;2911,0
52,83;79,99;70,13;24/09/2026 13:18;;2912,0
52,87;79,99;70,14;24/09/2026 13:18;;2913,0
52,9;79,99;70,14;24/09/2026 13:18;;2914,0
52,94;79,99;70,11;24/09/2026 13:18;;2915,0
52,95;79,99;70,08;24/09/2026 13:18;;2916,0
52,99;79,99;70,05;24/09/2026 13:18;;2917,0
53,0;79,99;70,05;24/09/2026 13:18;;2918,0
53,0;79,99;70,0;24/09/2026 13:18;;2919,0
53,0;79,99;70,0;24/09/2026 13:18;;2920,0
53,02;79,99;69,97;24/09/2026 13:18;;2921,0
53,04;79,99;69,9;24/09/2026 13:18;;2922,0
53,04;79,99;69,9;24/09/2026 13:18;;2923,0
53,04;79,99;69,86;24/09/2026 13:18;;2924,0
53,04;79,99;69,9;24/09/2026 13:18;;2925,0
53,05;79,99;69,8;24/09/2026 13:18;;2926,0
53,04;79,99;69,76;24/09/2026 13:18;;2927,0
53,04;90,0;69,73;24/09/2026 13:18;;2928,0
53,03;90,0;69,54;24/09/2026 13:18;;2929,0
53,04;90,0;69,51;24/09/2026 13:18;;2930,0
53,04;90,0;69,45;24/09/2026 13:18;;2931,0
53,03;90,0;69,45;24/09/2026 13:18;;2932,0
53,04;90,0;69,37;24/09/2026 13:18;;2933,0
53,04;90,0;69,33;24/09/2026 13:18;;2934,0
53,04;90,0;69,3;24/09/2026 13:18;;2935,0
53,04;90,0;69,27;24/09/2026 13:18;;2936,0
53,02;90,0;69,24;24/09/2026 13:18;;2937,0
53,02;90,0;69,21;24/09/2026 13:18;;2938,0
53,01;90,0;69,17;24/09/2026 13:18;;2939,0
52,99;90,0;69,17;24/09/2026 13:18;;2940,0
52,98;90,0;69,12;24/09/2026 13:18;;2941,0
52,97;90,0;69,09;24/09/2026 13:18;;2942,0
52,97;90,0;69,07;24/09/2026 13:18;;2943,0
52,95;90,0;69,03;24/09/2026 13:18;;2944,0
52,92;90,0;69,0;24/09/2026 13:18;;2945,0
52,92;90,0;68,98;24/09/2026 13:18;;2946,0
52,9;90,0;68,96;24/09/2026 13:18;;2947,0
52,89;90,0;68,98;24/09/2026 13:18;;2948,0
52,87;90,0;68,91;24/09/2026 13:18;;2949,0
52,86;90,0;68,89;24/09/2026 13:18;;2950,0
52,84;90,0;68,86;24/09/2026 13:18;;2951,0
52,83;90,0;68,83;24/09/2026 13:18;;2952,0
52,82;90,0;68,82;24/09/2026 13:18;;2953,0
52,8;90,0;68,81;24/09/2026 13:18;;2954,0
52,77;90,0;68,77;24/09/2026 13:18;;2955,0
52,77;90,0;68,77;24/09/2026 13:19;;2956,0
52,75;90,0;68,75;24/09/2026 13:19;;2957,0
52,73;90,0;68,71;24/09/2026 13:19;;2958,0
52,71;90,0;68,7;24/09/2026 13:19;;2959,0
52,69;90,0;68,68;24/09/2026 13:19;;2960,0
52,69;90,0;68,68;24/09/2026 13:19;;2961,0
52,67;90,0;68,66;24/09/2026 13:19;;2962,0
52,67;90,0;68,62;24/09/2026 13:19;;2963,0
52,64;90,0;68,6;24/09/2026 13:19;;2964,0
52,62;90,0;68,59;24/09/2026 13:19;;2965,0
52,6;90,0;68,58;24/09/2026 13:19;;2966,0
52,6;90,0;68,56;24/09/2026 13:19;;2967,0
52,59;90,0;68,54;24/09/2026 13:19;;2968,0
52,58;90,0;68,52;24/09/2026 13:19;;2969,0
52,56;90,0;68,51;24/09/2026 13:19;;2970,0
52,54;90,0;68,49;24/09/2026 13:19;;2971,0
52,53;90,0;68,48;24/09/2026 13:19;;2972,0
52,53;90,0;68,47;24/09/2026 13:19;;2973,0
52,51;90,0;68,44;24/09/2026 13:19;;2974,0
52,49;90,0;68,42;24/09/2026 13:19;;2975,0
52,48;90,0;68,4;24/09/2026 13:19;;2976,0
52,46;90,0;68,38;24/09/2026 13:19;;2977,0
52,45;90,0;68,38;24/09/2026 13:19;;2978,0
52,43;90,0;68,36;24/09/2026 13:19;;2979,0
52,42;90,0;68,32;24/09/2026 13:19;;2980,0
52,4;90,0;68,39;24/09/2026 13:19;;2981,0
52,39;90,0;68,38;24/09/2026 13:19;;2982,0
52,39;90,0;68,38;24/09/2026 13:19;;2983,0
52,37;90,0;68,25;24/09/2026 13:19;;2984,0
52,35;90,0;68,23;24/09/2026 13:19;;2985,0
52,35;90,0;68,23;24/09/2026 13:19;;2986,0
52,33;90,0;68,2;24/09/2026 13:19;;2987,0
52,34;90,0;68,2;24/09/2026 13:19;;2988,0
52,31;90,0;68,17;24/09/2026 13:19;;2989,0
52,28;90,0;68,15;24/09/2026 13:19;;2990,0
52,28;90,0;68,13;24/09/2026 13:19;;2991,0
52,25;90,0;68,11;24/09/2026 13:19;;2992,0
52,25;90,0;68,13;24/09/2026 13:19;;2993,0
52,24;90,0;68,2;24/09/2026 13:19;;2994,0
52,25;90,0;68,35;24/09/2026 13:19;;2995,0
52,24;90,0;68,51;24/09/2026 13:19;;2996,0
52,26;90,0;68,67;24/09/2026 13:19;;2997,0
52,31;90,0;68,86;24/09/2026 13:19;;2998,0
52,35;90,0;69,0;24/09/2026 13:19;;2999,0
52,4;90,0;69,18;24/09/2026 13:19;;3000,0
52,44;90,0;69,3;24/09/2026 13:19;;3001,0
52,51;90,0;69,42;24/09/2026 13:19;;3002,0
52,57;90,0;69,49;24/09/2026 13:19;;3003,0
52,63;90,0;69,54;24/09/2026 13:19;;3004,0
52,69;90,0;69,61;24/09/2026 13:19;;3005,0
52,74;90,0;69,66;24/09/2026 13:19;;3006,0
52,79;90,0;69,73;24/09/2026 13:19;;3007,0
52,85;90,0;69,8;24/09/2026 13:19;;3008,0
52,91;90,0;69,84;24/09/2026 13:19;;3009,0
52,98;90,0;69,87;24/09/2026 13:19;;3010,0
53,02;90,0;69,92;24/09/2026 13:19;;3011,0
53,04;90,0;70,0;24/09/2026 13:19;;3012,0
53,14;90,0;70,0;24/09/2026 13:19;;3013,0
53,15;90,0;70,03;24/09/2026 13:19;;3014,0
53,2;90,0;70,04;24/09/2026 13:19;;3015,0
53,25;90,0;70,05;24/09/2026 13:20;;3016,0
53,28;90,0;70,04;24/09/2026 13:20;;3017,0
53,32;90,0;70,07;24/09/2026 13:20;;3018,0
53,36;90,0;70,05;24/09/2026 13:20;;3019,0
53,38;90,0;69,98;24/09/2026 13:20;;3020,0
53,4;90,0;69,94;24/09/2026 13:20;;3021,0
53,42;90,0;69,92;24/09/2026 13:20;;3022,0
53,42;90,0;69,9;24/09/2026 13:20;;3023,0
53,44;90,0;69,87;24/09/2026 13:20;;3024,0
53,45;90,0;69,84;24/09/2026 13:20;;3025,0
53,46;90,0;69,81;24/09/2026 13:20;;3026,0
53,45;90,0;69,79;24/09/2026 13:20;;3027,0
53,47;90,0;69,75;24/09/2026 13:20;;3028,0
53,46;90,0;69,71;24/09/2026 13:20;;3029,0
53,45;90,0;69,67;24/09/2026 13:20;;3030,0
53,44;90,0;69,64;24/09/2026 13:20;;3031,0
53,44;90,0;69,62;24/09/2026 13:20;;3032,0
53,44;90,0;69,58;24/09/2026 13:20;;3033,0
53,43;90,0;69,55;24/09/2026 13:20;;3034,0
53,4;90,0;69,5;24/09/2026 13:20;;3035,0
53,39;90,0;69,46;24/09/2026 13:20;;3036,0
53,39;90,0;69,43;24/09/2026 13:20;;3037,0
53,37;90,0;69,39;24/09/2026 13:20;;3038,0
53,37;90,0;69,34;24/09/2026 13:20;;3039,0
53,34;90,0;69,31;24/09/2026 13:20;;3040,0
53,32;90,0;69,27;24/09/2026 13:20;;3041,0
53,3;90,0;69,23;24/09/2026 13:20;;3042,0
53,29;90,0;69,23;24/09/2026 13:20;;3043,0
53,29;90,0;69,23;24/09/2026 13:20;;3044,0
53,28;90,0;69,17;24/09/2026 13:20;;3045,0
53,25;90,0;69,14;24/09/2026 13:20;;3046,0
53,23;90,0;69,17;24/09/2026 13:20;;3047,0
53,21;90,0;69,08;24/09/2026 13:20;;3048,0
53,2;90,0;69,04;24/09/2026 13:20;;3049,0
53,17;90,0;69,01;24/09/2026 13:20;;3050,0
53,15;90,0;69,01;24/09/2026 13:20;;3051,0
53,12;90,0;68,93;24/09/2026 13:20;;3052,0
53,11;90,0;68,9;24/09/2026 13:20;;3053,0
53,07;90,0;68,89;24/09/2026 13:20;;3054,0
53,06;90,0;68,84;24/09/2026 13:20;;3055,0
53,03;90,0;68,83;24/09/2026 13:20;;3056,0
53,01;90,0;68,82;24/09/2026 13:20;;3057,0
53,0;90,0;68,79;24/09/2026 13:20;;3058,0
52,96;90,0;68,77;24/09/2026 13:20;;3059,0
52,97;90,0;68,75;24/09/2026 13:20;;3060,0
52,93;90,0;68,71;24/09/2026 13:20;;3061,0
52,9;90,0;68,72;24/09/2026 13:20;;3062,0
52,89;90,0;68,69;24/09/2026 13:20;;3063,0
52,89;90,0;68,68;24/09/2026 13:20;;3064,0
52,85;90,0;68,66;24/09/2026 13:20;;3065,0
52,84;90,0;68,63;24/09/2026 13:20;;3066,0
52,82;90,0;68,62;24/09/2026 13:20;;3067,0
52,78;90,0;68,6;24/09/2026 13:20;;3068,0
52,78;90,0;68,63;24/09/2026 13:20;;3069,0
52,78;90,0;68,56;24/09/2026 13:20;;3070,0
52,77;90,0;68,62;24/09/2026 13:20;;3071,0
52,75;90,0;68,55;24/09/2026 13:20;;3072,0
52,72;90,0;68,51;24/09/2026 13:20;;3073,0
52,71;90,0;68,51;24/09/2026 13:20;;3074,0
52,7;90,0;68,48;24/09/2026 13:20;;3075,0
52,67;90,0;68,48;24/09/2026 13:21;;3076,0
52,65;90,0;68,44;24/09/2026 13:21;;3077,0
52,64;90,0;68,44;24/09/2026 13:21;;3078,0
52,64;90,0;68,4;24/09/2026 13:21;;3079,0
52,61;90,0;68,38;24/09/2026 13:21;;3080,0
52,59;90,0;68,36;24/09/2026 13:21;;3081,0
52,58;90,0;68,35;24/09/2026 13:21;;3082,0
52,56;90,0;68,34;24/09/2026 13:21;;3083,0
52,56;90,0;68,31;24/09/2026 13:21;;3084,0
52,54;90,0;68,29;24/09/2026 13:21;;3085,0
52,51;90,0;68,27;24/09/2026 13:21;;3086,0
52,48;90,0;68,25;24/09/2026 13:21;;3087,0
52,48;90,0;68,23;24/09/2026 13:21;;3088,0
52,45;90,0;68,2;24/09/2026 13:21;;3089,0
52,45;90,0;68,18;24/09/2026 13:21;;3090,0
52,42;90,0;68,17;24/09/2026 13:21;;3091,0
52,41;90,0;68,14;24/09/2026 13:21;;3092,0
52,4;90,0;68,11;24/09/2026 13:21;;3093,0
52,38;90,0;68,1;24/09/2026 13:21;;3094,0
52,35;90,0;68,1;24/09/2026 13:21;;3095,0
52,35;90,0;68,17;24/09/2026 13:21;;3096,0
52,34;90,0;68,31;24/09/2026 13:21;;3097,0
52,36;90,0;68,46;24/09/2026 13:21;;3098,0
52,36;90,0;68,46;24/09/2026 13:21;;3099,0
52,4;90,0;68,79;24/09/2026 13:21;;3100,0
52,45;90,0;68,96;24/09/2026 13:21;;3101,0
52,45;90,0;68,96;24/09/2026 13:21;;3102,0
52,48;90,0;69,12;24/09/2026 13:21;;3103,0
52,54;90,0;69,25;24/09/2026 13:21;;3104,0
52,67;90,0;69,46;24/09/2026 13:21;;3105,0
52,71;90,0;69,55;24/09/2026 13:21;;3106,0
52,71;90,0;69,55;24/09/2026 13:21;;3107,0
52,78;100,0;69,61;24/09/2026 13:21;;3108,0
52,84;100,0;69,4;24/09/2026 13:21;;3109,0
52,93;100,0;69,51;24/09/2026 13:21;;3110,0
53,03;100,0;69,55;24/09/2026 13:21;;3111,0
53,1;100,0;69,61;24/09/2026 13:21;;3112,0
53,15;100,0;69,67;24/09/2026 13:21;;3113,0
53,23;100,0;69,73;24/09/2026 13:21;;3114,0
53,27;100,0;69,8;24/09/2026 13:21;;3115,0
53,36;100,0;69,83;24/09/2026 13:21;;3116,0
53,42;100,0;69,85;24/09/2026 13:21;;3117,0
53,47;100,0;69,89;24/09/2026 13:21;;3118,0
53,51;100,0;69,9;24/09/2026 13:21;;3119,0
53,58;100,0;69,89;24/09/2026 13:21;;3120,0
53,61;100,0;69,89;24/09/2026 13:21;;3121,0
53,65;100,0;69,94;24/09/2026 13:21;;3122,0
53,68;100,0;69,92;24/09/2026 13:21;;3123,0
53,73;100,0;69,84;24/09/2026 13:21;;3124,0
53,73;100,0;69,81;24/09/2026 13:21;;3125,0
53,76;100,0;69,8;24/09/2026 13:21;;3126,0
53,76;100,0;69,76;24/09/2026 13:21;;3127,0
53,8;100,0;69,79;24/09/2026 13:21;;3128,0
53,81;100,0;69,71;24/09/2026 13:21;;3129,0
53,81;100,0;69,69;24/09/2026 13:21;;3130,0
53,8;100,0;69,65;24/09/2026 13:21;;3131,0
53,82;100,0;69,63;24/09/2026 13:21;;3132,0
53,82;100,0;69,6;24/09/2026 13:21;;3133,0
53,82;100,0;69,55;24/09/2026 13:21;;3134,0
53,83;100,0;69,52;24/09/2026 13:21;;3135,0
53,82;100,0;69,49;24/09/2026 13:22;;3136,0
53,81;100,0;69,45;24/09/2026 13:22;;3137,0
53,8;100,0;69,42;24/09/2026 13:22;;3138,0
53,8;100,0;69,39;24/09/2026 13:22;;3139,0
53,78;100,0;69,37;24/09/2026 13:22;;3140,0
53,77;100,0;69,32;24/09/2026 13:22;;3141,0
53,75;100,0;69,28;24/09/2026 13:22;;3142,0
53,76;100,0;69,27;24/09/2026 13:22;;3143,0
53,72;100,0;69,22;24/09/2026 13:22;;3144,0
53,71;100,0;69,18;24/09/2026 13:22;;3145,0
53,69;100,0;69,15;24/09/2026 13:22;;3146,0
53,67;100,0;69,12;24/09/2026 13:22;;3147,0
53,65;100,0;69,07;24/09/2026 13:22;;3148,0
53,64;100,0;69,03;24/09/2026 13:22;;3149,0
53,61;100,0;68,99;24/09/2026 13:22;;3150,0
53,59;100,0;68,96;24/09/2026 13:22;;3151,0
53,58;100,0;68,96;24/09/2026 13:22;;3152,0
53,55;100,0;68,91;24/09/2026 13:22;;3153,0
53,52;100,0;68,87;24/09/2026 13:22;;3154,0
53,53;100,0;68,88;24/09/2026 13:22;;3155,0
53,5;100,0;68,86;24/09/2026 13:22;;3156,0
53,48;100,0;68,79;24/09/2026 13:22;;3157,0
53,47;100,0;68,76;24/09/2026 13:22;;3158,0
53,47;100,0;68,76;24/09/2026 13:22;;3159,0
53,44;100,0;68,72;24/09/2026 13:22;;3160,0
53,42;100,0;68,7;24/09/2026 13:22;;3161,0
53,39;100,0;68,68;24/09/2026 13:22;;3162,0
53,38;100,0;68,66;24/09/2026 13:22;;3163,0
53,33;100,0;68,61;24/09/2026 13:22;;3164,0
53,33;100,0;68,61;24/09/2026 13:22;;3165,0
53,32;100,0;68,6;24/09/2026 13:22;;3166,0
53,3;100,0;68,59;24/09/2026 13:22;;3167,0
53,29;100,0;68,57;24/09/2026 13:22;;3168,0
53,28;100,0;68,54;24/09/2026 13:22;;3169,0
53,24;100,0;68,51;24/09/2026 13:22;;3170,0
53,23;100,0;68,49;24/09/2026 13:22;;3171,0
53,21;100,0;68,5;24/09/2026 13:22;;3172,0
53,2;100,0;68,47;24/09/2026 13:22;;3173,0
53,18;100,0;68,44;24/09/2026 13:22;;3174,0
53,17;100,0;68,44;24/09/2026 13:22;;3175,0
53,15;100,0;68,41;24/09/2026 13:22;;3176,0
53,12;100,0;68,39;24/09/2026 13:22;;3177,0
53,11;100,0;68,38;24/09/2026 13:22;;3178,0
53,09;100,0;68,36;24/09/2026 13:22;;3179,0
53,07;100,0;68,34;24/09/2026 13:22;;3180,0
53,06;100,0;68,31;24/09/2026 13:22;;3181,0
53,04;100,0;68,3;24/09/2026 13:22;;3182,0
53,03;100,0;68,29;24/09/2026 13:22;;3183,0
53,02;100,0;68,26;24/09/2026 13:22;;3184,0
53,0;100,0;68,25;24/09/2026 13:22;;3185,0
52,99;100,0;68,21;24/09/2026 13:22;;3186,0
52,99;100,0;68,2;24/09/2026 13:22;;3187,0
52,95;100,0;68,18;24/09/2026 13:22;;3188,0
52,94;100,0;68,17;24/09/2026 13:22;;3189,0
52,92;100,0;68,15;24/09/2026 13:22;;3190,0
52,92;100,0;68,1;24/09/2026 13:22;;3191,0
52,88;100,0;68,11;24/09/2026 13:22;;3192,0
52,87;100,0;68,08;24/09/2026 13:22;;3193,0
52,86;100,0;68,06;24/09/2026 13:22;;3194,0
52,85;100,0;68,04;24/09/2026 13:22;;3195,0
52,82;100,0;67,99;24/09/2026 13:23;;3196,0
52,8;100,0;67,98;24/09/2026 13:23;;3197,0
52,78;100,0;67,96;24/09/2026 13:23;;3198,0
52,77;100,0;68,03;24/09/2026 13:23;;3199,0
52,78;100,0;68,16;24/09/2026 13:23;;3200,0
52,78;100,0;68,3;24/09/2026 13:23;;3201,0
52,79;100,0;68,46;24/09/2026 13:23;;3202,0
52,82;100,0;68,61;24/09/2026 13:23;;3203,0
52,87;100,0;68,79;24/09/2026 13:23;;3204,0
52,92;100,0;68,96;24/09/2026 13:23;;3205,0
52,97;100,0;69,1;24/09/2026 13:23;;3206,0
53,03;100,0;69,24;24/09/2026 13:23;;3207,0
53,09;100,0;69,33;24/09/2026 13:23;;3208,0
53,14;100,0;69,43;24/09/2026 13:23;;3209,0
53,2;100,0;69,5;24/09/2026 13:23;;3210,0
53,27;100,0;69,54;24/09/2026 13:23;;3211,0
53,31;100,0;69,61;24/09/2026 13:23;;3212,0
53,38;100,0;69,67;24/09/2026 13:23;;3213,0
53,39;100,0;69,73;24/09/2026 13:23;;3214,0
53,48;100,0;69,77;24/09/2026 13:23;;3215,0
53,52;100,0;69,81;24/09/2026 13:23;;3216,0
53,57;100,0;69,86;24/09/2026 13:23;;3217,0
53,63;100,0;69,92;24/09/2026 13:23;;3218,0
53,63;100,0;69,92;24/09/2026 13:23;;3219,0
53,67;100,0;69,95;24/09/2026 13:23;;3220,0
53,72;100,0;69,97;24/09/2026 13:23;;3221,0
53,76;100,0;69,96;24/09/2026 13:23;;3222,0
53,79;100,0;69,96;24/09/2026 13:23;;3223,0
53,81;100,0;69,96;24/09/2026 13:23;;3224,0
53,84;100,0;69,94;24/09/2026 13:23;;3225,0
53,87;100,0;69,92;24/09/2026 13:23;;3226,0
53,88;100,0;69,93;24/09/2026 13:23;;3227,0
53,91;100,0;69,86;24/09/2026 13:23;;3228,0
53,93;100,0;69,84;24/09/2026 13:23;;3229,0
53,93;100,0;69,81;24/09/2026 13:23;;3230,0
53,94;100,0;69,79;24/09/2026 13:23;;3231,0
53,93;100,0;69,74;24/09/2026 13:23;;3232,0
53,94;100,0;69,73;24/09/2026 13:23;;3233,0
53,93;100,0;69,69;24/09/2026 13:23;;3234,0
53,95;100,0;69,65;24/09/2026 13:23;;3235,0
53,92;100,0;69,62;24/09/2026 13:23;;3236,0
53,91;100,0;69,59;24/09/2026 13:23;;3237,0
53,91;100,0;69,54;24/09/2026 13:23;;3238,0
53,91;100,0;69,51;24/09/2026 13:23;;3239,0
53,89;100,0;69,49;24/09/2026 13:23;;3240,0
53,88;100,0;69,46;24/09/2026 13:23;;3241,0
53,86;100,0;69,41;24/09/2026 13:23;;3242,0
53,86;100,0;69,38;24/09/2026 13:23;;3243,0
53,83;100,0;69,34;24/09/2026 13:23;;3244,0
53,81;100,0;69,3;24/09/2026 13:23;;3245,0
53,8;100,0;69,25;24/09/2026 13:23;;3246,0
53,78;100,0;69,22;24/09/2026 13:23;;3247,0
53,78;100,0;69,19;24/09/2026 13:23;;3248,0
53,75;100,0;69,2;24/09/2026 13:23;;3249,0
53,74;100,0;69,17;24/09/2026 13:23;;3250,0
53,7;100,0;69,09;24/09/2026 13:23;;3251,0
53,69;100,0;69,06;24/09/2026 13:23;;3252,0
53,67;100,0;69,02;24/09/2026 13:23;;3253,0
53,65;100,0;68,93;24/09/2026 13:23;;3254,0
53,63;100,0;68,94;24/09/2026 13:23;;3255,0
53,61;100,0;68,91;24/09/2026 13:24;;3256,0
53,58;100,0;68,88;24/09/2026 13:24;;3257,0
53,55;100,0;68,84;24/09/2026 13:24;;3258,0
53,53;100,0;68,83;24/09/2026 13:24;;3259,0
53,52;100,0;68,79;24/09/2026 13:24;;3260,0
53,5;100,0;68,76;24/09/2026 13:24;;3261,0
53,47;100,0;68,73;24/09/2026 13:24;;3262,0
53,44;100,0;68,73;24/09/2026 13:24;;3263,0
53,42;100,0;68,7;24/09/2026 13:24;;3264,0
53,4;100,0;68,73;24/09/2026 13:24;;3265,0
53,4;100,0;68,67;24/09/2026 13:24;;3266,0
53,37;100,0;68,69;24/09/2026 13:24;;3267,0
53,36;100,0;68,63;24/09/2026 13:24;;3268,0
53,34;100,0;68,6;24/09/2026 13:24;;3269,0
53,33;100,0;68,62;24/09/2026 13:24;;3270,0
53,3;100,0;68,57;24/09/2026 13:24;;3271,0
53,29;100,0;68,55;24/09/2026 13:24;;3272,0
53,28;100,0;68,51;24/09/2026 13:24;;3273,0
53,25;100,0;68,49;24/09/2026 13:24;;3274,0
53,22;100,0;68,47;24/09/2026 13:24;;3275,0
53,22;100,0;68,46;24/09/2026 13:24;;3276,0
53,2;100,0;68,44;24/09/2026 13:24;;3277,0
53,16;100,0;68,42;24/09/2026 13:24;;3278,0
53,16;100,0;68,42;24/09/2026 13:24;;3279,0
53,16;100,0;68,4;24/09/2026 13:24;;3280,0
53,14;100,0;68,39;24/09/2026 13:24;;3281,0
53,12;100,0;68,37;24/09/2026 13:24;;3282,0
53,09;100,0;68,35;24/09/2026 13:24;;3283,0
53,08;100,0;68,34;24/09/2026 13:24;;3284,0
53,07;100,0;68,31;24/09/2026 13:24;;3285,0
53,06;100,0;68,29;24/09/2026 13:24;;3286,0
53,04;100,0;68,26;24/09/2026 13:24;;3287,0
53,02;100,0;68,25;24/09/2026 13:24;;3288,0
53,01;100,0;68,21;24/09/2026 13:24;;3289,0
53,0;100,0;68,21;24/09/2026 13:24;;3290,0
52,97;100,0;68,18;24/09/2026 13:24;;3291,0
52,96;100,0;68,16;24/09/2026 13:24;;3292,0
52,95;100,0;68,21;24/09/2026 13:24;;3293,0
52,94;100,0;68,19;24/09/2026 13:24;;3294,0
52,93;100,0;68,13;24/09/2026 13:24;;3295,0
52,91;100,0;68,16;24/09/2026 13:24;;3296,0
52,89;100,0;68,06;24/09/2026 13:24;;3297,0
52,87;100,0;68,04;24/09/2026 13:24;;3298,0
52,86;100,0;68,01;24/09/2026 13:24;;3299,0
52,84;100,0;68,0;24/09/2026 13:24;;3300,0
52,81;100,0;67,97;24/09/2026 13:24;;3301,0
52,79;100,0;68,04;24/09/2026 13:24;;3302,0
52,8;100,0;68,19;24/09/2026 13:24;;3303,0
52,81;100,0;68,27;24/09/2026 13:24;;3304,0
52,81;100,0;68,44;24/09/2026 13:24;;3305,0
52,84;100,0;68,59;24/09/2026 13:24;;3306,0
52,87;100,0;68,77;24/09/2026 13:24;;3307,0
52,92;100,0;68,9;24/09/2026 13:24;;3308,0
52,97;100,0;69,08;24/09/2026 13:24;;3309,0
53,04;100,0;69,22;24/09/2026 13:24;;3310,0
53,08;100,0;69,31;24/09/2026 13:24;;3311,0
53,16;100,0;69,41;24/09/2026 13:24;;3312,0
53,22;100,0;69,46;24/09/2026 13:24;;3313,0
53,28;100,0;69,54;24/09/2026 13:24;;3314,0
53,34;100,0;69,61;24/09/2026 13:24;;3315,0
53,39;100,0;69,67;24/09/2026 13:25;;3316,0
53,42;100,0;69,73;24/09/2026 13:25;;3317,0
53,49;100,0;69,77;24/09/2026 13:25;;3318,0
53,55;100,0;69,82;24/09/2026 13:25;;3319,0
53,59;100,0;69,87;24/09/2026 13:25;;3320,0
53,63;100,0;69,92;24/09/2026 13:25;;3321,0
53,69;100,0;69,94;24/09/2026 13:25;;3322,0
53,71;100,0;69,96;24/09/2026 13:25;;3323,0
53,76;100,0;69,96;24/09/2026 13:25;;3324,0
53,81;100,0;69,97;24/09/2026 13:25;;3325,0
53,84;100,0;69,97;24/09/2026 13:25;;3326,0
53,86;100,0;69,95;24/09/2026 13:25;;3327,0
53,88;100,0;69,92;24/09/2026 13:25;;3328,0
53,91;100,0;69,92;24/09/2026 13:25;;3329,0
53,92;100,0;69,87;24/09/2026 13:25;;3330,0
53,92;100,0;69,85;24/09/2026 13:25;;3331,0
53,93;100,0;69,82;24/09/2026 13:25;;3332,0
53,94;100,0;69,79;24/09/2026 13:25;;3333,0
53,95;100,0;69,75;24/09/2026 13:25;;3334,0
53,94;100,0;69,72;24/09/2026 13:25;;3335,0
53,95;100,0;69,71;24/09/2026 13:25;;3336,0
53,95;100,0;69,65;24/09/2026 13:25;;3337,0
53,95;100,0;69,62;24/09/2026 13:25;;3338,0
53,92;100,0;69,61;24/09/2026 13:25;;3339,0
53,92;100,0;69,55;24/09/2026 13:25;;3340,0
53,92;100,0;69,52;24/09/2026 13:25;;3341,0
53,91;100,0;69,51;24/09/2026 13:25;;3342,0
53,91;100,0;69,46;24/09/2026 13:25;;3343,0
53,88;100,0;69,42;24/09/2026 13:25;;3344,0
53,88;100,0;69,42;24/09/2026 13:25;;3345,0
53,86;100,0;69,38;24/09/2026 13:25;;3346,0
53,86;100,0;69,34;24/09/2026 13:25;;3347,0
53,84;100,0;69,33;24/09/2026 13:25;;3348,0
53,81;100,0;69,28;24/09/2026 13:25;;3349,0
53,8;100,0;69,23;24/09/2026 13:25;;3350,0
53,78;100,0;69,19;24/09/2026 13:25;;3351,0
53,76;100,0;69,17;24/09/2026 13:25;;3352,0
53,75;100,0;69,19;24/09/2026 13:25;;3353,0
53,73;100,0;69,15;24/09/2026 13:25;;3354,0
53,7;100,0;69,07;24/09/2026 13:25;;3355,0
53,7;100,0;69,02;24/09/2026 13:25;;3356,0
53,67;100,0;68,99;24/09/2026 13:25;;3357,0
53,65;100,0;69,01;24/09/2026 13:25;;3358,0
53,62;100,0;68,93;24/09/2026 13:25;;3359,0
53,59;100,0;68,89;24/09/2026 13:25;;3360,0
53,58;100,0;68,91;24/09/2026 13:25;;3361,0
53,56;100,0;68,83;24/09/2026 13:25;;3362,0
53,55;100,0;68,82;24/09/2026 13:25;;3363,0
53,51;100,0;68,83;24/09/2026 13:25;;3364,0
53,5;100,0;68,76;24/09/2026 13:25;;3365,0
53,48;100,0;68,73;24/09/2026 13:25;;3366,0
53,45;100,0;68,71;24/09/2026 13:25;;3367,0
53,42;100,0;68,69;24/09/2026 13:25;;3368,0
53,41;100,0;68,73;24/09/2026 13:25;;3369,0
53,39;100,0;68,67;24/09/2026 13:25;;3370,0
53,37;100,0;68,63;24/09/2026 13:25;;3371,0
53,36;100,0;68,61;24/09/2026 13:25;;3372,0
53,33;100,0;68,59;24/09/2026 13:25;;3373,0
53,31;100,0;68,57;24/09/2026 13:25;;3374,0
53,3;100,0;68,56;24/09/2026 13:25;;3375,0
53,28;100,0;68,52;24/09/2026 13:26;;3376,0
53,25;100,0;68,51;24/09/2026 13:26;;3377,0
53,23;100,0;68,48;24/09/2026 13:26;;3378,0
53,22;100,0;68,47;24/09/2026 13:26;;3379,0
53,21;100,0;68,45;24/09/2026 13:26;;3380,0
53,17;100,0;68,41;24/09/2026 13:26;;3381,0
53,15;100,0;68,4;24/09/2026 13:26;;3382,0
53,14;100,0;68,45;24/09/2026 13:26;;3383,0
53,14;100,0;68,38;24/09/2026 13:26;;3384,0
53,12;100,0;68,36;24/09/2026 13:26;;3385,0
53,09;100,0;68,31;24/09/2026 13:26;;3386,0
53,08;100,0;68,3;24/09/2026 13:26;;3387,0
53,05;100,0;68,36;24/09/2026 13:26;;3388,0
53,06;100,0;68,29;24/09/2026 13:26;;3389,0
53,04;100,0;68,25;24/09/2026 13:26;;3390,0
53,03;100,0;68,21;24/09/2026 13:26;;3391,0
53,0;100,0;68,2;24/09/2026 13:26;;3392,0
52,98;100,0;68,19;24/09/2026 13:26;;3393,0
52,97;100,0;68,16;24/09/2026 13:26;;3394,0
52,95;100,0;68,15;24/09/2026 13:26;;3395,0
52,93;100,0;68,13;24/09/2026 13:26;;3396,0
52,9;100,0;68,1;24/09/2026 13:26;;3397,0
52,9;100,0;68,09;24/09/2026 13:26;;3398,0
52,9;100,0;68,09;24/09/2026 13:26;;3399,0
52,86;100,0;68,03;24/09/2026 13:26;;3400,0
52,85;100,0;68,01;24/09/2026 13:26;;3401,0
52,84;100,0;68,06;24/09/2026 13:26;;3402,0
52,84;100,0;68,06;24/09/2026 13:26;;3403,0
52,82;100,0;67,98;24/09/2026 13:26;;3404,0
52,81;100,0;68,03;24/09/2026 13:26;;3405,0
52,79;100,0;68,17;24/09/2026 13:26;;3406,0
52,81;100,0;68,29;24/09/2026 13:26;;3407,0
52,82;100,0;68,45;24/09/2026 13:26;;3408,0
52,84;100,0;68,6;24/09/2026 13:26;;3409,0
52,87;100,0;68,78;24/09/2026 13:26;;3410,0
52,91;100,0;68,93;24/09/2026 13:26;;3411,0
52,98;100,0;69,1;24/09/2026 13:26;;3412,0
53,04;100,0;69,22;24/09/2026 13:26;;3413,0
53,11;100,0;69,32;24/09/2026 13:26;;3414,0
53,15;100,0;69,41;24/09/2026 13:26;;3415,0
53,2;100,0;69,49;24/09/2026 13:26;;3416,0
53,28;100,0;69,61;24/09/2026 13:26;;3417,0
53,35;100,0;69,6;24/09/2026 13:26;;3418,0
53,4;100,0;69,65;24/09/2026 13:26;;3419,0
53,45;100,0;69,72;24/09/2026 13:26;;3420,0
53,48;100,0;69,77;24/09/2026 13:26;;3421,0
53,54;100,0;69,84;24/09/2026 13:26;;3422,0
53,59;100,0;69,87;24/09/2026 13:26;;3423,0
53,63;100,0;69,92;24/09/2026 13:26;;3424,0
53,69;100,0;69,93;24/09/2026 13:26;;3425,0
53,73;100,0;69,97;24/09/2026 13:26;;3426,0
53,77;100,0;69,98;24/09/2026 13:26;;3427,0
53,8;100,0;69,98;24/09/2026 13:26;;3428,0
53,84;100,0;69,96;24/09/2026 13:26;;3429,0
53,85;100,0;69,93;24/09/2026 13:26;;3430,0
53,89;100,0;69,92;24/09/2026 13:26;;3431,0
53,91;100,0;69,9;24/09/2026 13:26;;3432,0
53,92;100,0;69,87;24/09/2026 13:26;;3433,0
53,91;100,0;69,84;24/09/2026 13:26;;3434,0
53,93;100,0;69,82;24/09/2026 13:26;;3435,0
53,94;100,0;69,79;24/09/2026 13:27;;3436,0
53,94;100,0;69,77;24/09/2026 13:27;;3437,0
53,96;100,0;69,72;24/09/2026 13:27;;3438,0
53,95;100,0;69,67;24/09/2026 13:27;;3439,0
53,95;100,0;69,64;24/09/2026 13:27;;3440,0
53,95;100,0;69,61;24/09/2026 13:27;;3441,0
53,93;100,0;69,59;24/09/2026 13:27;;3442,0
53,92;100,0;69,56;24/09/2026 13:27;;3443,0
53,93;100,0;69,51;24/09/2026 13:27;;3444,0
53,91;100,0;69,52;24/09/2026 13:27;;3445,0
53,91;100,0;69,49;24/09/2026 13:27;;3446,0
53,88;100,0;69,41;24/09/2026 13:27;;3447,0
53,86;100,0;69,38;24/09/2026 13:27;;3448,0
53,87;100,0;69,38;24/09/2026 13:27;;3449,0
53,84;100,0;69,32;24/09/2026 13:27;;3450,0
53,83;100,0;69,32;24/09/2026 13:27;;3451,0
53,81;100,0;69,23;24/09/2026 13:27;;3452,0
53,8;100,0;69,2;24/09/2026 13:27;;3453,0
53,76;100,0;69,14;24/09/2026 13:27;;3454,0
53,74;100,0;69,11;24/09/2026 13:27;;3455,0
53,74;100,0;69,11;24/09/2026 13:27;;3456,0
53,72;100,0;69,09;24/09/2026 13:27;;3457,0
53,68;100,0;69,02;24/09/2026 13:27;;3458,0
53,68;100,0;69,02;24/09/2026 13:27;;3459,0
53,66;100,0;68,98;24/09/2026 13:27;;3460,0
53,63;100,0;68,94;24/09/2026 13:27;;3461,0
53,61;100,0;68,92;24/09/2026 13:27;;3462,0
53,6;100,0;68,89;24/09/2026 13:27;;3463,0
53,56;100,0;68,84;24/09/2026 13:27;;3464,0
53,56;100,0;68,83;24/09/2026 13:27;;3465,0
53,53;100,0;68,81;24/09/2026 13:27;;3466,0
53,51;100,0;68,77;24/09/2026 13:27;;3467,0
53,48;100,0;68,75;24/09/2026 13:27;;3468,0
53,45;100,0;68,71;24/09/2026 13:27;;3469,0
53,44;100,0;68,7;24/09/2026 13:27;;3470,0
53,42;100,0;68,69;24/09/2026 13:27;;3471,0
53,39;100,0;68,65;24/09/2026 13:27;;3472,0
53,38;100,0;68,63;24/09/2026 13:27;;3473,0
53,36;100,0;68,61;24/09/2026 13:27;;3474,0
53,33;100,0;68,59;24/09/2026 13:27;;3475,0
53,31;100,0;68,59;24/09/2026 13:27;;3476,0
53,3;100,0;68,59;24/09/2026 13:27;;3477,0
53,29;100,0;68,54;24/09/2026 13:27;;3478,0
53,26;100,0;68,54;24/09/2026 13:27;;3479,0
53,25;100,0;68,49;24/09/2026 13:27;;3480,0
53,23;100,0;68,49;24/09/2026 13:27;;3481,0
53,2;100,0;68,45;24/09/2026 13:27;;3482,0
53,19;100,0;68,42;24/09/2026 13:27;;3483,0
53,18;100,0;68,42;24/09/2026 13:27;;3484,0
53,17;100,0;68,39;24/09/2026 13:27;;3485,0
53,14;100,0;68,38;24/09/2026 13:27;;3486,0
53,14;100,0;68,36;24/09/2026 13:27;;3487,0
53,11;100,0;68,34;24/09/2026 13:27;;3488,0
53,09;100,0;68,32;24/09/2026 13:27;;3489,0
53,07;100,0;68,31;24/09/2026 13:27;;3490,0
53,06;100,0;68,3;24/09/2026 13:27;;3491,0
53,05;100,0;68,26;24/09/2026 13:27;;3492,0
53,02;100,0;68,25;24/09/2026 13:27;;3493,0
53,01;100,0;68,23;24/09/2026 13:27;;3494,0
52,98;100,0;68,18;24/09/2026 13:27;;3495,0
52,98;100,0;68,17;24/09/2026 13:28;;3496,0
52,96;100,0;68,16;24/09/2026 13:28;;3497,0
52,94;100,0;68,14;24/09/2026 13:28;;3498,0
52,91;100,0;68,11;24/09/2026 13:28;;3499,0
52,9;100,0;68,09;24/09/2026 13:28;;3500,0
52,89;100,0;68,06;24/09/2026 13:28;;3501,0
52,88;100,0;68,04;24/09/2026 13:28;;3502,0
52,84;100,0;68,01;24/09/2026 13:28;;3503,0
52,84;100,0;68,01;24/09/2026 13:28;;3504,0
52,82;100,0;67,99;24/09/2026 13:28;;3505,0
52,81;100,0;67,98;24/09/2026 13:28;;3506,0
52,79;100,0;68,06;24/09/2026 13:28;;3507,0
52,8;100,0;68,18;24/09/2026 13:28;;3508,0
52,79;100,0;68,34;24/09/2026 13:28;;3509,0
52,83;100,0;68,49;24/09/2026 13:28;;3510,0
52,86;100,0;68,66;24/09/2026 13:28;;3511,0
52,88;100,0;68,81;24/09/2026 13:28;;3512,0
52,93;100,0;68,99;24/09/2026 13:28;;3513,0
53,0;100,0;69,13;24/09/2026 13:28;;3514,0
53,0;100,0;69,13;24/09/2026 13:28;;3515,0
53,06;100,0;69,28;24/09/2026 13:28;;3516,0
53,13;100,0;69,35;24/09/2026 13:28;;3517,0
53,18;100,0;69,43;24/09/2026 13:28;;3518,0
53,25;100,0;69,5;24/09/2026 13:28;;3519,0
53,3;100,0;69,56;24/09/2026 13:28;;3520,0
53,36;100,0;69,61;24/09/2026 13:28;;3521,0
53,4;100,0;69,69;24/09/2026 13:28;;3522,0
53,47;100,0;69,76;24/09/2026 13:28;;3523,0
53,51;100,0;69,8;24/09/2026 13:28;;3524,0
53,55;100,0;69,85;24/09/2026 13:28;;3525,0
53,61;100,0;69,9;24/09/2026 13:28;;3526,0
53,65;100,0;69,94;24/09/2026 13:28;;3527,0
53,7;100,0;69,96;24/09/2026 13:28;;3528,0
53,74;100,0;69,98;24/09/2026 13:28;;3529,0
53,78;100,0;70,0;24/09/2026 13:28;;3530,0
53,81;100,0;70,0;24/09/2026 13:28;;3531,0
53,85;100,0;69,97;24/09/2026 13:28;;3532,0
53,87;100,0;69,96;24/09/2026 13:28;;3533,0
53,89;100,0;69,92;24/09/2026 13:28;;3534,0
53,91;100,0;69,91;24/09/2026 13:28;;3535,0
53,92;100,0;69,89;24/09/2026 13:28;;3536,0
53,94;100,0;69,84;24/09/2026 13:28;;3537,0
53,94;100,0;69,82;24/09/2026 13:28;;3538,0
53,95;100,0;69,8;24/09/2026 13:28;;3539,0
53,95;100,0;69,82;24/09/2026 13:28;;3540,0
53,95;100,0;69,72;24/09/2026 13:28;;3541,0
53,95;100,0;69,7;24/09/2026 13:28;;3542,0
53,95;100,0;69,65;24/09/2026 13:28;;3543,0
53,95;100,0;69,62;24/09/2026 13:28;;3544,0
53,93;100,0;69,58;24/09/2026 13:28;;3545,0
53,94;100,0;69,54;24/09/2026 13:28;;3546,0
53,92;100,0;69,52;24/09/2026 13:28;;3547,0
53,89;100,0;69,49;24/09/2026 13:28;;3548,0
53,91;100,0;69,44;24/09/2026 13:28;;3549,0
53,89;100,0;69,39;24/09/2026 13:28;;3550,0
53,86;100,0;69,38;24/09/2026 13:28;;3551,0
53,85;100,0;69,34;24/09/2026 13:28;;3552,0
53,84;100,0;69,3;24/09/2026 13:28;;3553,0
53,83;100,0;69,25;24/09/2026 13:28;;3554,0
53,8;100,0;69,2;24/09/2026 13:28;;3555,0
53,76;100,0;69,21;24/09/2026 13:29;;3556,0
53,76;100,0;69,15;24/09/2026 13:29;;3557,0
53,75;100,0;69,1;24/09/2026 13:29;;3558,0
53,73;100,0;69,09;24/09/2026 13:29;;3559,0
53,72;100,0;69,04;24/09/2026 13:29;;3560,0
53,68;100,0;69,02;24/09/2026 13:29;;3561,0
53,65;100,0;68,98;24/09/2026 13:29;;3562,0
53,64;100,0;68,96;24/09/2026 13:29;;3563,0
53,62;100,0;68,91;24/09/2026 13:29;;3564,0
53,59;100,0;68,88;24/09/2026 13:29;;3565,0
53,58;100,0;68,86;24/09/2026 13:29;;3566,0
53,55;100,0;68,83;24/09/2026 13:29;;3567,0
53,53;100,0;68,8;24/09/2026 13:29;;3568,0
53,5;100,0;68,78;24/09/2026 13:29;;3569,0
53,47;100,0;68,76;24/09/2026 13:29;;3570,0
53,47;100,0;68,8;24/09/2026 13:29;;3571,0
53,44;100,0;68,71;24/09/2026 13:29;;3572,0
53,44;100,0;68,69;24/09/2026 13:29;;3573,0
53,4;100,0;68,65;24/09/2026 13:29;;3574,0
53,39;100,0;68,63;24/09/2026 13:29;;3575,0
53,36;100,0;68,62;24/09/2026 13:29;;3576,0
53,34;100,0;68,67;24/09/2026 13:29;;3577,0
53,34;100,0;68,67;24/09/2026 13:29;;3578,0
53,33;100,0;68,6;24/09/2026 13:29;;3579,0
53,31;100,0;68,57;24/09/2026 13:29;;3580,0
53,29;100,0;68,54;24/09/2026 13:29;;3581,0
53,27;100,0;68,51;24/09/2026 13:29;;3582,0
53,27;100,0;68,51;24/09/2026 13:29;;3583,0
53,24;100,0;68,5;24/09/2026 13:29;;3584,0
53,24;100,0;68,49;24/09/2026 13:29;;3585,0
53,22;100,0;68,46;24/09/2026 13:29;;3586,0
53,18;100,0;68,44;24/09/2026 13:29;;3587,0
53,17;90,0;68,4;24/09/2026 13:29;;3588,0
53,16;90,0;68,46;24/09/2026 13:29;;3589,0
53,14;90,0;68,46;24/09/2026 13:29;;3590,0
53,11;90,0;68,45;24/09/2026 13:29;;3591,0
53,1;90,0;68,49;24/09/2026 13:29;;3592,0
53,07;90,0;68,42;24/09/2026 13:29;;3593,0
53,03;90,0;68,41;24/09/2026 13:29;;3594,0
53,02;90,0;68,39;24/09/2026 13:29;;3595,0
53,0;90,0;68,37;24/09/2026 13:29;;3596,0
52,96;90,0;68,35;24/09/2026 13:29;;3597,0
52,93;90,0;68,35;24/09/2026 13:29;;3598,0
52,91;90,0;68,31;24/09/2026 13:29;;3599,0
52,9;90,0;68,29;24/09/2026 13:29;;3600,0
52,87;90,0;68,26;24/09/2026 13:29;;3601,0
52,84;90,0;68,25;24/09/2026 13:29;;3602,0
52,82;90,0;68,23;24/09/2026 13:29;;3603,0
52,77;90,0;68,19;24/09/2026 13:29;;3604,0
52,76;90,0;68,15;24/09/2026 13:29;;3605,0
52,75;90,0;68,15;24/09/2026 13:29;;3606,0
52,7;90,0;68,13;24/09/2026 13:29;;3607,0
52,71;90,0;68,09;24/09/2026 13:29;;3608,0
52,67;90,0;68,07;24/09/2026 13:29;;3609,0
52,65;90,0;68,13;24/09/2026 13:29;;3610,0
52,64;90,0;68,24;24/09/2026 13:29;;3611,0
52,64;90,0;68,38;24/09/2026 13:29;;3612,0
52,64;90,0;68,57;24/09/2026 13:29;;3613,0
52,68;90,0;68,69;24/09/2026 13:29;;3614,0
52,71;90,0;68,86;24/09/2026 13:29;;3615,0
52,76;90,0;69,02;24/09/2026 13:30;;3616,0
52,79;90,0;69,18;24/09/2026 13:30;;3617,0
52,87;90,0;69,38;24/09/2026 13:30;;3618,0
52,92;90,0;69,41;24/09/2026 13:30;;3619,0
52,98;90,0;69,49;24/09/2026 13:30;;3620,0
53,03;90,0;69,56;24/09/2026 13:30;;3621,0
53,09;90,0;69,63;24/09/2026 13:30;;3622,0
53,14;90,0;69,69;24/09/2026 13:30;;3623,0
53,18;90,0;69,75;24/09/2026 13:30;;3624,0
53,24;90,0;69,79;24/09/2026 13:30;;3625,0
53,27;90,0;69,85;24/09/2026 13:30;;3626,0
53,35;90,0;69,9;24/09/2026 13:30;;3627,0
53,37;90,0;69,96;24/09/2026 13:30;;3628,0
53,44;90,0;69,97;24/09/2026 13:30;;3629,0
53,48;90,0;70,02;24/09/2026 13:30;;3630,0
53,51;90,0;70,03;24/09/2026 13:30;;3631,0
53,54;90,0;70,04;24/09/2026 13:30;;3632,0
53,6;90,0;70,04;24/09/2026 13:30;;3633,0
53,62;90,0;70,04;24/09/2026 13:30;;3634,0
53,65;90,0;70,02;24/09/2026 13:30;;3635,0
53,65;90,0;70,02;24/09/2026 13:30;;3636,0
53,69;90,0;69,96;24/09/2026 13:30;;3637,0
53,71;90,0;69,93;24/09/2026 13:30;;3638,0
53,7;90,0;69,92;24/09/2026 13:30;;3639,0
53,7;90,0;69,92;24/09/2026 13:30;;3640,0
53,73;90,0;69,87;24/09/2026 13:30;;3641,0
53,74;90,0;69,84;24/09/2026 13:30;;3642,0
53,73;90,0;69,81;24/09/2026 13:30;;3643,0
53,74;90,0;69,77;24/09/2026 13:30;;3644,0
53,73;90,0;69,75;24/09/2026 13:30;;3645,0
53,74;90,0;69,7;24/09/2026 13:30;;3646,0
53,73;90,0;69,7;24/09/2026 13:30;;3647,0
53,73;90,0;69,64;24/09/2026 13:30;;3648,0
53,7;90,0;69,61;24/09/2026 13:30;;3649,0
53,71;90,0;69,58;24/09/2026 13:30;;3650,0
53,69;90,0;69,54;24/09/2026 13:30;;3651,0
53,69;90,0;69,51;24/09/2026 13:30;;3652,0
53,65;90,0;69,48;24/09/2026 13:30;;3653,0
53,65;90,0;69,43;24/09/2026 13:30;;3654,0
53,64;90,0;69,39;24/09/2026 13:30;;3655,0
53,62;90,0;69,35;24/09/2026 13:30;;3656,0
53,61;90,0;69,32;24/09/2026 13:30;;3657,0
53,59;90,0;69,29;24/09/2026 13:30;;3658,0
53,58;90,0;69,24;24/09/2026 13:30;;3659,0
53,56;90,0;69,22;24/09/2026 13:30;;3660,0
53,53;90,0;69,19;24/09/2026 13:30;;3661,0
53,51;90,0;69,14;24/09/2026 13:30;;3662,0
53,49;90,0;69,11;24/09/2026 13:30;;3663,0
53,47;90,0;69,08;24/09/2026 13:30;;3664,0
53,44;90,0;69,09;24/09/2026 13:30;;3665,0
53,44;90,0;69,09;24/09/2026 13:30;;3666,0
53,41;90,0;69,0;24/09/2026 13:30;;3667,0
53,39;90,0;68,96;24/09/2026 13:30;;3668,0
53,36;90,0;68,93;24/09/2026 13:30;;3669,0
53,35;90,0;68,9;24/09/2026 13:30;;3670,0
53,29;90,0;68,86;24/09/2026 13:30;;3671,0
53,29;90,0;68,83;24/09/2026 13:30;;3672,0
53,28;90,0;68,81;24/09/2026 13:30;;3673,0
53,25;90,0;68,79;24/09/2026 13:30;;3674,0
53,23;90,0;68,78;24/09/2026 13:30;;3675,0
53,22;90,0;68,75;24/09/2026 13:31;;3676,0
53,18;90,0;68,73;24/09/2026 13:31;;3677,0
53,17;90,0;68,7;24/09/2026 13:31;;3678,0
53,15;90,0;68,7;24/09/2026 13:31;;3679,0
53,13;90,0;68,68;24/09/2026 13:31;;3680,0
53,1;90,0;68,66;24/09/2026 13:31;;3681,0
53,09;90,0;68,65;24/09/2026 13:31;;3682,0
53,07;90,0;68,6;24/09/2026 13:31;;3683,0
53,06;90,0;68,6;24/09/2026 13:31;;3684,0
53,04;90,0;68,59;24/09/2026 13:31;;3685,0
53,01;90,0;68,55;24/09/2026 13:31;;3686,0
53,0;90,0;68,54;24/09/2026 13:31;;3687,0
52,99;90,0;68,51;24/09/2026 13:31;;3688,0
52,97;90,0;68,49;24/09/2026 13:31;;3689,0
52,94;90,0;68,49;24/09/2026 13:31;;3690,0
52,93;90,0;68,46;24/09/2026 13:31;;3691,0
52,92;90,0;68,45;24/09/2026 13:31;;3692,0
52,89;90,0;68,44;24/09/2026 13:31;;3693,0
52,89;90,0;68,4;24/09/2026 13:31;;3694,0
52,87;90,0;68,39;24/09/2026 13:31;;3695,0
52,85;90,0;68,38;24/09/2026 13:31;;3696,0
52,83;90,0;68,44;24/09/2026 13:31;;3697,0
52,82;90,0;68,39;24/09/2026 13:31;;3698,0
52,82;90,0;68,39;24/09/2026 13:31;;3699,0
52,81;90,0;68,31;24/09/2026 13:31;;3700,0
52,79;90,0;68,29;24/09/2026 13:31;;3701,0
52,76;90,0;68,28;24/09/2026 13:31;;3702,0
52,76;90,0;68,28;24/09/2026 13:31;;3703,0
52,73;90,0;68,23;24/09/2026 13:31;;3704,0
52,71;90,0;68,21;24/09/2026 13:31;;3705,0
52,7;90,0;68,18;24/09/2026 13:31;;3706,0
52,68;90,0;68,15;24/09/2026 13:31;;3707,0
52,67;90,0;68,14;24/09/2026 13:31;;3708,0
52,65;90,0;68,13;24/09/2026 13:31;;3709,0
52,63;90,0;68,09;24/09/2026 13:31;;3710,0
52,6;90,0;68,09;24/09/2026 13:31;;3711,0
52,59;90,0;68,05;24/09/2026 13:31;;3712,0
52,58;90,0;68,09;24/09/2026 13:31;;3713,0
52,57;90,0;68,16;24/09/2026 13:31;;3714,0
52,56;90,0;68,29;24/09/2026 13:31;;3715,0
52,57;90,0;68,45;24/09/2026 13:31;;3716,0
52,57;90,0;68,6;24/09/2026 13:31;;3717,0
52,62;90,0;68,77;24/09/2026 13:31;;3718,0
52,67;90,0;68,94;24/09/2026 13:31;;3719,0
52,71;90,0;69,09;24/09/2026 13:31;;3720,0
52,78;90,0;69,23;24/09/2026 13:31;;3721,0
52,83;90,0;69,34;24/09/2026 13:31;;3722,0
52,89;90,0;69,42;24/09/2026 13:31;;3723,0
52,94;90,0;69,51;24/09/2026 13:31;;3724,0
53,01;90,0;69,59;24/09/2026 13:31;;3725,0
53,07;90,0;69,64;24/09/2026 13:31;;3726,0
53,12;90,0;69,7;24/09/2026 13:31;;3727,0
53,17;90,0;69,75;24/09/2026 13:31;;3728,0
53,21;90,0;69,81;24/09/2026 13:31;;3729,0
53,28;90,0;69,85;24/09/2026 13:31;;3730,0
53,33;90,0;69,92;24/09/2026 13:31;;3731,0
53,37;90,0;69,96;24/09/2026 13:31;;3732,0
53,42;90,0;69,98;24/09/2026 13:31;;3733,0
53,46;90,0;70,02;24/09/2026 13:31;;3734,0
53,51;90,0;70,04;24/09/2026 13:31;;3735,0
53,52;90,0;70,03;24/09/2026 13:32;;3736,0
53,58;90,0;70,02;24/09/2026 13:32;;3737,0
53,61;90,0;70,02;24/09/2026 13:32;;3738,0
53,63;90,0;69,98;24/09/2026 13:32;;3739,0
53,65;90,0;69,95;24/09/2026 13:32;;3740,0
53,69;90,0;70,0;24/09/2026 13:32;;3741,0
53,69;90,0;69,9;24/09/2026 13:32;;3742,0
53,71;90,0;69,87;24/09/2026 13:32;;3743,0
53,7;90,0;69,85;24/09/2026 13:32;;3744,0
53,7;90,0;69,81;24/09/2026 13:32;;3745,0
53,71;90,0;69,79;24/09/2026 13:32;;3746,0
53,71;90,0;69,75;24/09/2026 13:32;;3747,0
53,72;90,0;69,72;24/09/2026 13:32;;3748,0
53,72;90,0;69,67;24/09/2026 13:32;;3749,0
53,72;90,0;69,66;24/09/2026 13:32;;3750,0
53,72;90,0;69,62;24/09/2026 13:32;;3751,0
53,7;90,0;69,6;24/09/2026 13:32;;3752,0
53,67;90,0;69,55;24/09/2026 13:32;;3753,0
53,68;90,0;69,52;24/09/2026 13:32;;3754,0
53,67;90,0;69,49;24/09/2026 13:32;;3755,0
53,67;90,0;69,45;24/09/2026 13:32;;3756,0
53,64;90,0;69,43;24/09/2026 13:32;;3757,0
53,64;90,0;69,42;24/09/2026 13:32;;3758,0
53,62;90,0;69,35;24/09/2026 13:32;;3759,0
53,59;90,0;69,32;24/09/2026 13:32;;3760,0
53,59;90,0;69,32;24/09/2026 13:32;;3761,0
53,58;90,0;69,27;24/09/2026 13:32;;3762,0
53,56;90,0;69,23;24/09/2026 13:32;;3763,0
53,53;90,0;69,21;24/09/2026 13:32;;3764,0
53,51;90,0;69,17;24/09/2026 13:32;;3765,0
53,51;90,0;69,12;24/09/2026 13:32;;3766,0
53,49;90,0;69,09;24/09/2026 13:32;;3767,0
53,45;79,99;69,07;24/09/2026 13:32;;3768,0
53,43;79,99;69,2;24/09/2026 13:32;;3769,0
53,39;79,99;69,15;24/09/2026 13:32;;3770,0
53,36;79,99;69,12;24/09/2026 13:32;;3771,0
53,32;79,99;69,08;24/09/2026 13:32;;3772,0
53,28;79,99;69,04;24/09/2026 13:32;;3773,0
53,25;79,99;69,09;24/09/2026 13:32;;3774,0
53,23;79,99;69,0;24/09/2026 13:32;;3775,0
53,2;79,99;68,97;24/09/2026 13:32;;3776,0
53,17;79,99;68,94;24/09/2026 13:32;;3777,0
53,14;79,99;68,91;24/09/2026 13:32;;3778,0
53,09;79,99;68,9;24/09/2026 13:32;;3779,0
53,06;79,99;68,87;24/09/2026 13:32;;3780,0
53,05;79,99;68,84;24/09/2026 13:32;;3781,0
53,01;79,99;68,83;24/09/2026 13:32;;3782,0
52,98;79,99;68,81;24/09/2026 13:32;;3783,0
52,95;79,99;68,79;24/09/2026 13:32;;3784,0
52,93;79,99;68,77;24/09/2026 13:32;;3785,0
52,92;79,99;68,8;24/09/2026 13:32;;3786,0
52,89;79,99;68,8;24/09/2026 13:32;;3787,0
52,87;79,99;68,76;24/09/2026 13:32;;3788,0
52,84;79,99;68,69;24/09/2026 13:32;;3789,0
52,81;79,99;68,67;24/09/2026 13:32;;3790,0
52,79;79,99;68,65;24/09/2026 13:32;;3791,0
52,76;79,99;68,63;24/09/2026 13:32;;3792,0
52,74;79,99;68,6;24/09/2026 13:32;;3793,0
52,72;79,99;68,58;24/09/2026 13:32;;3794,0
52,69;79,99;68,56;24/09/2026 13:32;;3795,0
52,68;79,99;68,52;24/09/2026 13:33;;3796,0
52,65;79,99;68,52;24/09/2026 13:33;;3797,0
52,62;79,99;68,5;24/09/2026 13:33;;3798,0
52,6;79,99;68,48;24/09/2026 13:33;;3799,0
52,58;79,99;68,47;24/09/2026 13:33;;3800,0
52,57;79,99;68,44;24/09/2026 13:33;;3801,0
52,55;79,99;68,41;24/09/2026 13:33;;3802,0
52,53;79,99;68,4;24/09/2026 13:33;;3803,0
52,5;79,99;68,38;24/09/2026 13:33;;3804,0
52,5;79,99;68,37;24/09/2026 13:33;;3805,0
52,45;79,99;68,35;24/09/2026 13:33;;3806,0
52,45;79,99;68,32;24/09/2026 13:33;;3807,0
52,45;79,99;68,32;24/09/2026 13:33;;3808,0
52,4;79,99;68,35;24/09/2026 13:33;;3809,0
52,4;79,99;68,35;24/09/2026 13:33;;3810,0
52,39;79,99;68,32;24/09/2026 13:33;;3811,0
52,37;79,99;68,25;24/09/2026 13:33;;3812,0
52,35;79,99;68,23;24/09/2026 13:33;;3813,0
52,32;79,99;68,19;24/09/2026 13:33;;3814,0
52,31;79,99;68,17;24/09/2026 13:33;;3815,0
52,26;79,99;68,27;24/09/2026 13:33;;3816,0
52,26;79,99;68,39;24/09/2026 13:33;;3817,0
52,26;79,99;68,39;24/09/2026 13:33;;3818,0
52,27;79,99;68,54;24/09/2026 13:33;;3819,0
52,28;79,99;68,69;24/09/2026 13:33;;3820,0
52,31;79,99;68,86;24/09/2026 13:33;;3821,0
52,34;79,99;69,03;24/09/2026 13:33;;3822,0
52,4;79,99;69,19;24/09/2026 13:33;;3823,0
52,44;79,99;69,33;24/09/2026 13:33;;3824,0
52,5;79,99;69,46;24/09/2026 13:33;;3825,0
52,57;79,99;69,55;24/09/2026 13:33;;3826,0
52,6;79,99;69,61;24/09/2026 13:33;;3827,0
52,68;79,99;69,67;24/09/2026 13:33;;3828,0
52,73;79,99;69,74;24/09/2026 13:33;;3829,0
52,78;79,99;69,8;24/09/2026 13:33;;3830,0
52,8;79,99;69,84;24/09/2026 13:33;;3831,0
52,87;79,99;69,9;24/09/2026 13:33;;3832,0
52,94;79,99;69,95;24/09/2026 13:33;;3833,0
52,97;79,99;70,01;24/09/2026 13:33;;3834,0
53,03;79,99;70,05;24/09/2026 13:33;;3835,0
53,07;79,99;70,1;24/09/2026 13:33;;3836,0
53,12;79,99;70,12;24/09/2026 13:33;;3837,0
53,13;79,99;70,12;24/09/2026 13:33;;3838,0
53,18;79,99;70,14;24/09/2026 13:33;;3839,0
53,23;79,99;70,14;24/09/2026 13:33;;3840,0
53,25;79,99;70,12;24/09/2026 13:33;;3841,0
53,28;79,99;70,11;24/09/2026 13:33;;3842,0
53,29;79,99;70,06;24/09/2026 13:33;;3843,0
53,31;79,99;70,04;24/09/2026 13:33;;3844,0
53,33;79,99;70,01;24/09/2026 13:33;;3845,0
53,31;79,99;69,98;24/09/2026 13:33;;3846,0
53,35;79,99;69,96;24/09/2026 13:33;;3847,0
53,34;79,99;69,92;24/09/2026 13:33;;3848,0
53,36;79,99;69,87;24/09/2026 13:33;;3849,0
53,36;79,99;69,85;24/09/2026 13:33;;3850,0
53,35;79,99;69,82;24/09/2026 13:33;;3851,0
53,34;79,99;69,8;24/09/2026 13:33;;3852,0
53,34;79,99;69,76;24/09/2026 13:33;;3853,0
53,33;79,99;69,73;24/09/2026 13:33;;3854,0
53,33;79,99;69,67;24/09/2026 13:33;;3855,0
53,31;79,99;69,65;24/09/2026 13:34;;3856,0
53,31;79,99;69,62;24/09/2026 13:34;;3857,0
53,29;79,99;69,62;24/09/2026 13:34;;3858,0
53,29;79,99;69,54;24/09/2026 13:34;;3859,0
53,26;79,99;69,51;24/09/2026 13:34;;3860,0
53,26;79,99;69,48;24/09/2026 13:34;;3861,0
53,25;79,99;69,44;24/09/2026 13:34;;3862,0
53,22;79,99;69,4;24/09/2026 13:34;;3863,0
53,2;79,99;69,37;24/09/2026 13:34;;3864,0
53,18;79,99;69,32;24/09/2026 13:34;;3865,0
53,17;79,99;69,29;24/09/2026 13:34;;3866,0
53,14;79,99;69,24;24/09/2026 13:34;;3867,0
53,14;79,99;69,22;24/09/2026 13:34;;3868,0
53,12;79,99;69,18;24/09/2026 13:34;;3869,0
53,08;79,99;69,14;24/09/2026 13:34;;3870,0
53,06;79,99;69,12;24/09/2026 13:34;;3871,0
53,06;79,99;69,09;24/09/2026 13:34;;3872,0
53,04;79,99;69,07;24/09/2026 13:34;;3873,0
53,0;79,99;69,03;24/09/2026 13:34;;3874,0
52,98;79,99;69,03;24/09/2026 13:34;;3875,0
52,97;79,99;68,97;24/09/2026 13:34;;3876,0
52,94;79,99;69,0;24/09/2026 13:34;;3877,0
52,93;79,99;69,0;24/09/2026 13:34;;3878,0
52,91;79,99;68,93;24/09/2026 13:34;;3879,0
52,89;79,99;68,9;24/09/2026 13:34;;3880,0
52,86;79,99;68,87;24/09/2026 13:34;;3881,0
52,84;79,99;68,84;24/09/2026 13:34;;3882,0
52,83;79,99;68,89;24/09/2026 13:34;;3883,0
52,81;79,99;68,81;24/09/2026 13:34;;3884,0
52,79;79,99;68,8;24/09/2026 13:34;;3885,0
52,77;79,99;68,78;24/09/2026 13:34;;3886,0
52,75;79,99;68,77;24/09/2026 13:34;;3887,0
52,74;79,99;68,73;24/09/2026 13:34;;3888,0
52,71;79,99;68,72;24/09/2026 13:34;;3889,0
52,7;79,99;68,69;24/09/2026 13:34;;3890,0
52,67;79,99;68,68;24/09/2026 13:34;;3891,0
52,65;79,99;68,66;24/09/2026 13:34;;3892,0
52,64;79,99;68,63;24/09/2026 13:34;;3893,0
52,64;79,99;68,61;24/09/2026 13:34;;3894,0
52,61;79,99;68,6;24/09/2026 13:34;;3895,0
52,57;79,99;68,57;24/09/2026 13:34;;3896,0
52,57;79,99;68,56;24/09/2026 13:34;;3897,0
52,56;79,99;68,55;24/09/2026 13:34;;3898,0
52,53;79,99;68,51;24/09/2026 13:34;;3899,0
52,54;79,99;68,5;24/09/2026 13:34;;3900,0
52,51;79,99;68,5;24/09/2026 13:34;;3901,0
52,48;79,99;68,46;24/09/2026 13:34;;3902,0
52,48;79,99;68,46;24/09/2026 13:34;;3903,0
52,46;79,99;68,42;24/09/2026 13:34;;3904,0
52,43;79,99;68,41;24/09/2026 13:34;;3905,0
52,42;79,99;68,39;24/09/2026 13:34;;3906,0
52,41;79,99;68,38;24/09/2026 13:34;;3907,0
52,39;79,99;68,37;24/09/2026 13:34;;3908,0
52,37;79,99;68,34;24/09/2026 13:34;;3909,0
52,35;79,99;68,3;24/09/2026 13:34;;3910,0
52,34;79,99;68,28;24/09/2026 13:34;;3911,0
52,33;79,99;68,27;24/09/2026 13:34;;3912,0
52,31;79,99;68,25;24/09/2026 13:34;;3913,0
52,29;79,99;68,23;24/09/2026 13:34;;3914,0
52,26;79,99;68,19;24/09/2026 13:34;;3915,0
52,25;79,99;68,18;24/09/2026 13:35;;3916,0
52,24;79,99;68,16;24/09/2026 13:35;;3917,0
52,22;79,99;68,14;24/09/2026 13:35;;3918,0
52,19;79,99;68,19;24/09/2026 13:35;;3919,0
52,18;79,99;68,3;24/09/2026 13:35;;3920,0
52,21;79,99;68,42;24/09/2026 13:35;;3921,0
52,21;79,99;68,6;24/09/2026 13:35;;3922,0
52,24;79,99;68,78;24/09/2026 13:35;;3923,0
52,27;79,99;68,94;24/09/2026 13:35;;3924,0
52,31;79,99;69,09;24/09/2026 13:35;;3925,0
52,35;79,99;69,27;24/09/2026 13:35;;3926,0
52,41;79,99;69,4;24/09/2026 13:35;;3927,0
52,46;79,99;69,48;24/09/2026 13:35;;3928,0
52,54;79,99;69,56;24/09/2026 13:35;;3929,0
52,6;79,99;69,63;24/09/2026 13:35;;3930,0
52,65;79,99;69,7;24/09/2026 13:35;;3931,0
52,7;79,99;69,76;24/09/2026 13:35;;3932,0
52,7;79,99;69,83;24/09/2026 13:35;;3933,0
52,76;79,99;69,86;24/09/2026 13:35;;3934,0
52,81;79,99;69,92;24/09/2026 13:35;;3935,0
52,84;79,99;69,92;24/09/2026 13:35;;3936,0
52,9;79,99;69,96;24/09/2026 13:35;;3937,0
52,96;79,99;70,02;24/09/2026 13:35;;3938,0
53,0;79,99;70,06;24/09/2026 13:35;;3939,0
53,05;79,99;70,08;24/09/2026 13:35;;3940,0
53,08;79,99;70,11;24/09/2026 13:35;;3941,0
53,13;79,99;70,13;24/09/2026 13:35;;3942,0
53,16;79,99;70,12;24/09/2026 13:35;;3943,0
53,2;79,99;70,11;24/09/2026 13:35;;3944,0
53,21;79,99;70,1;24/09/2026 13:35;;3945,0
53,24;79,99;70,06;24/09/2026 13:35;;3946,0
53,27;79,99;70,03;24/09/2026 13:35;;3947,0
53,29;70,0;70,02;24/09/2026 13:35;;3948,0
53,27;70,0;70,46;24/09/2026 13:35;;3949,0
53,24;70,0;70,44;24/09/2026 13:35;;3950,0
53,23;70,0;70,38;24/09/2026 13:35;;3951,0
53,22;70,0;70,38;24/09/2026 13:35;;3952,0
53,2;70,0;70,27;24/09/2026 13:35;;3953,0
53,17;70,0;70,24;24/09/2026 13:35;;3954,0
53,15;70,0;70,18;24/09/2026 13:35;;3955,0
53,12;70,0;70,14;24/09/2026 13:35;;3956,0
53,11;70,0;70,08;24/09/2026 13:35;;3957,0
53,09;70,0;70,05;24/09/2026 13:35;;3958,0
53,06;70,0;70,01;24/09/2026 13:35;;3959,0
53,03;70,0;69,96;24/09/2026 13:35;;3960,0
53,02;70,0;69,92;24/09/2026 13:35;;3961,0
52,98;70,0;69,89;24/09/2026 13:35;;3962,0
52,97;70,0;69,83;24/09/2026 13:35;;3963,0
52,93;70,0;69,8;24/09/2026 13:35;;3964,0
52,92;70,0;69,75;24/09/2026 13:35;;3965,0
52,89;70,0;69,71;24/09/2026 13:35;;3966,0
52,85;70,0;69,66;24/09/2026 13:35;;3967,0
52,82;70,0;69,61;24/09/2026 13:35;;3968,0
52,79;70,0;69,58;24/09/2026 13:35;;3969,0
52,77;70,0;69,53;24/09/2026 13:35;;3970,0
52,75;70,0;69,5;24/09/2026 13:35;;3971,0
52,69;70,0;69,46;24/09/2026 13:35;;3972,0
52,7;70,0;69,41;24/09/2026 13:35;;3973,0
52,65;70,0;69,42;24/09/2026 13:35;;3974,0
52,64;70,0;69,33;24/09/2026 13:35;;3975,0
52,6;70,0;69,29;24/09/2026 13:36;;3976,0
52,57;70,0;69,27;24/09/2026 13:36;;3977,0
52,53;70,0;69,22;24/09/2026 13:36;;3978,0
52,52;70,0;69,19;24/09/2026 13:36;;3979,0
52,5;70,0;69,15;24/09/2026 13:36;;3980,0
52,46;70,0;69,12;24/09/2026 13:36;;3981,0
52,43;70,0;69,1;24/09/2026 13:36;;3982,0
52,4;70,0;69,06;24/09/2026 13:36;;3983,0
52,38;70,0;69,03;24/09/2026 13:36;;3984,0
52,35;70,0;69,01;24/09/2026 13:36;;3985,0
52,33;70,0;68,99;24/09/2026 13:36;;3986,0
52,31;70,0;68,96;24/09/2026 13:36;;3987,0
52,28;70,0;68,94;24/09/2026 13:36;;3988,0
52,27;70,0;68,92;24/09/2026 13:36;;3989,0
52,24;70,0;68,89;24/09/2026 13:36;;3990,0
52,22;70,0;68,87;24/09/2026 13:36;;3991,0
52,19;70,0;68,84;24/09/2026 13:36;;3992,0
52,17;70,0;68,83;24/09/2026 13:36;;3993,0
52,15;70,0;68,8;24/09/2026 13:36;;3994,0
52,13;70,0;68,79;24/09/2026 13:36;;3995,0
52,09;70,0;68,77;24/09/2026 13:36;;3996,0
52,08;70,0;68,75;24/09/2026 13:36;;3997,0
52,07;70,0;68,73;24/09/2026 13:36;;3998,0
52,07;70,0;68,73;24/09/2026 13:36;;3999,0
52,04;70,0;68,71;24/09/2026 13:36;;4000,0
52,02;70,0;68,7;24/09/2026 13:36;;4001,0
52,01;70,0;68,66;24/09/2026 13:36;;4002,0
51,99;70,0;68,66;24/09/2026 13:36;;4003,0
51,96;70,0;68,61;24/09/2026 13:36;;4004,0
51,93;70,0;68,61;24/09/2026 13:36;;4005,0
51,93;70,0;68,6;24/09/2026 13:36;;4006,0
51,92;70,0;68,58;24/09/2026 13:36;;4007,0
51,9;70,0;68,55;24/09/2026 13:36;;4008,0
51,86;70,0;68,59;24/09/2026 13:36;;4009,0
51,88;70,0;68,52;24/09/2026 13:36;;4010,0
51,85;70,0;68,49;24/09/2026 13:36;;4011,0
51,83;70,0;68,46;24/09/2026 13:36;;4012,0
51,81;70,0;68,45;24/09/2026 13:36;;4013,0
51,79;70,0;68,44;24/09/2026 13:36;;4014,0
51,77;70,0;68,4;24/09/2026 13:36;;4015,0
51,74;70,0;68,38;24/09/2026 13:36;;4016,0
51,74;70,0;68,37;24/09/2026 13:36;;4017,0
51,71;70,0;68,35;24/09/2026 13:36;;4018,0
51,71;70,0;68,3;24/09/2026 13:36;;4019,0
51,68;70,0;68,28;24/09/2026 13:36;;4020,0
51,66;70,0;68,26;24/09/2026 13:36;;4021,0
51,65;70,0;68,35;24/09/2026 13:36;;4022,0
51,64;70,0;68,47;24/09/2026 13:36;;4023,0
51,64;70,0;68,61;24/09/2026 13:36;;4024,0
51,66;70,0;68,78;24/09/2026 13:36;;4025,0
51,68;70,0;68,94;24/09/2026 13:36;;4026,0
51,71;70,0;69,13;24/09/2026 13:36;;4027,0
51,76;70,0;69,31;24/09/2026 13:36;;4028,0
51,81;70,0;69,46;24/09/2026 13:36;;4029,0
51,85;70,0;69,56;24/09/2026 13:36;;4030,0
51,93;70,0;69,67;24/09/2026 13:36;;4031,0
51,97;70,0;69,73;24/09/2026 13:36;;4032,0
52,04;70,0;69,82;24/09/2026 13:36;;4033,0
52,1;70,0;69,86;24/09/2026 13:36;;4034,0
52,11;70,0;69,94;24/09/2026 13:36;;4035,0
52,18;70,0;70,0;24/09/2026 13:37;;4036,0
52,23;70,0;70,05;24/09/2026 13:37;;4037,0
52,28;70,0;70,1;24/09/2026 13:37;;4038,0
52,33;70,0;70,16;24/09/2026 13:37;;4039,0
52,38;70,0;70,21;24/09/2026 13:37;;4040,0
52,42;70,0;70,24;24/09/2026 13:37;;4041,0
52,45;70,0;70,26;24/09/2026 13:37;;4042,0
52,5;70,0;70,26;24/09/2026 13:37;;4043,0
52,53;70,0;70,27;24/09/2026 13:37;;4044,0
52,56;70,0;70,27;24/09/2026 13:37;;4045,0
52,6;70,0;70,26;24/09/2026 13:37;;4046,0
52,62;70,0;70,25;24/09/2026 13:37;;4047,0
52,62;70,0;70,21;24/09/2026 13:37;;4048,0
52,67;70,0;70,2;24/09/2026 13:37;;4049,0
52,67;70,0;70,16;24/09/2026 13:37;;4050,0
52,68;70,0;70,13;24/09/2026 13:37;;4051,0
52,68;70,0;70,08;24/09/2026 13:37;;4052,0
52,7;70,0;70,05;24/09/2026 13:37;;4053,0
52,7;70,0;70,02;24/09/2026 13:37;;4054,0
52,7;70,0;69,98;24/09/2026 13:37;;4055,0
52,7;70,0;69,94;24/09/2026 13:37;;4056,0
52,7;70,0;69,9;24/09/2026 13:37;;4057,0
52,7;70,0;69,86;24/09/2026 13:37;;4058,0
52,68;70,0;69,84;24/09/2026 13:37;;4059,0
52,68;70,0;69,79;24/09/2026 13:37;;4060,0
52,68;70,0;69,76;24/09/2026 13:37;;4061,0
52,66;70,0;69,76;24/09/2026 13:37;;4062,0
52,65;70,0;69,72;24/09/2026 13:37;;4063,0
52,64;70,0;69,7;24/09/2026 13:37;;4064,0
52,63;70,0;69,67;24/09/2026 13:37;;4065,0
52,62;70,0;69,59;24/09/2026 13:37;;4066,0
52,6;70,0;69,59;24/09/2026 13:37;;4067,0
52,59;70,0;69,51;24/09/2026 13:37;;4068,0
52,57;70,0;69,51;24/09/2026 13:37;;4069,0
52,56;70,0;69,46;24/09/2026 13:37;;4070,0
52,53;70,0;69,42;24/09/2026 13:37;;4071,0
52,53;70,0;69,41;24/09/2026 13:37;;4072,0
52,51;70,0;69,37;24/09/2026 13:37;;4073,0
52,48;70,0;69,33;24/09/2026 13:37;;4074,0
52,46;70,0;69,3;24/09/2026 13:37;;4075,0
52,44;70,0;69,25;24/09/2026 13:37;;4076,0
52,42;70,0;69,23;24/09/2026 13:37;;4077,0
52,4;70,0;69,21;24/09/2026 13:37;;4078,0
52,39;70,0;69,17;24/09/2026 13:37;;4079,0
52,35;70,0;69,14;24/09/2026 13:37;;4080,0
52,34;70,0;69,11;24/09/2026 13:37;;4081,0
52,33;70,0;69,08;24/09/2026 13:37;;4082,0
52,3;70,0;69,07;24/09/2026 13:37;;4083,0
52,29;70,0;69,04;24/09/2026 13:37;;4084,0
52,27;70,0;69,02;24/09/2026 13:37;;4085,0
52,25;70,0;69,07;24/09/2026 13:37;;4086,0
52,24;70,0;69,0;24/09/2026 13:37;;4087,0
52,21;70,0;68,97;24/09/2026 13:37;;4088,0
52,2;70,0;68,93;24/09/2026 13:37;;4089,0
52,18;70,0;68,99;24/09/2026 13:37;;4090,0
52,16;70,0;68,91;24/09/2026 13:37;;4091,0
52,15;70,0;68,88;24/09/2026 13:37;;4092,0
52,11;70,0;68,86;24/09/2026 13:37;;4093,0
52,1;70,0;68,83;24/09/2026 13:37;;4094,0
52,09;70,0;68,81;24/09/2026 13:37;;4095,0
52,08;70,0;68,8;24/09/2026 13:38;;4096,0
52,05;70,0;68,79;24/09/2026 13:38;;4097,0
52,04;70,0;68,78;24/09/2026 13:38;;4098,0
52,03;70,0;68,73;24/09/2026 13:38;;4099,0
52,0;70,0;68,73;24/09/2026 13:38;;4100,0
51,98;70,0;68,71;24/09/2026 13:38;;4101,0
51,97;70,0;68,69;24/09/2026 13:38;;4102,0
51,96;70,0;68,68;24/09/2026 13:38;;4103,0
51,92;70,0;68,66;24/09/2026 13:38;;4104,0
51,93;70,0;68,62;24/09/2026 13:38;;4105,0
51,9;70,0;68,61;24/09/2026 13:38;;4106,0
51,89;70,0;68,6;24/09/2026 13:38;;4107,0
51,87;70,0;68,59;24/09/2026 13:38;;4108,0
51,85;70,0;68,57;24/09/2026 13:38;;4109,0
51,84;70,0;68,52;24/09/2026 13:38;;4110,0
51,84;70,0;68,51;24/09/2026 13:38;;4111,0
51,82;70,0;68,49;24/09/2026 13:38;;4112,0
51,79;70,0;68,47;24/09/2026 13:38;;4113,0
51,79;70,0;68,45;24/09/2026 13:38;;4114,0
51,77;70,0;68,45;24/09/2026 13:38;;4115,0
51,74;70,0;68,46;24/09/2026 13:38;;4116,0
51,74;70,0;68,41;24/09/2026 13:38;;4117,0
51,71;70,0;68,37;24/09/2026 13:38;;4118,0
51,7;70,0;68,35;24/09/2026 13:38;;4119,0
51,68;70,0;68,34;24/09/2026 13:38;;4120,0
51,66;70,0;68,31;24/09/2026 13:38;;4121,0
51,66;70,0;68,31;24/09/2026 13:38;;4122,0
51,64;70,0;68,29;24/09/2026 13:38;;4123,0
51,63;70,0;68,25;24/09/2026 13:38;;4124,0
51,63;70,0;68,3;24/09/2026 13:38;;4125,0
51,62;70,0;68,44;24/09/2026 13:38;;4126,0
51,62;70,0;68,57;24/09/2026 13:38;;4127,0
51,63;60,0;68,75;24/09/2026 13:38;;4128,0
51,62;60,0;69,61;24/09/2026 13:38;;4129,0
51,59;60,0;69,75;24/09/2026 13:38;;4130,0
51,59;60,0;69,89;24/09/2026 13:38;;4131,0
51,6;60,0;69,97;24/09/2026 13:38;;4132,0
51,6;60,0;70,06;24/09/2026 13:38;;4133,0
51,62;60,0;70,13;24/09/2026 13:38;;4134,0
51,62;60,0;70,16;24/09/2026 13:38;;4135,0
51,63;60,0;70,23;24/09/2026 13:38;;4136,0
51,65;60,0;70,29;24/09/2026 13:38;;4137,0
51,65;60,0;70,33;24/09/2026 13:38;;4138,0
51,69;60,0;70,38;24/09/2026 13:38;;4139,0
51,71;60,0;70,43;24/09/2026 13:38;;4140,0
51,73;60,0;70,49;24/09/2026 13:38;;4141,0
51,74;60,0;70,53;24/09/2026 13:38;;4142,0
51,77;60,0;70,57;24/09/2026 13:38;;4143,0
51,79;60,0;70,6;24/09/2026 13:38;;4144,0
51,81;60,0;70,65;24/09/2026 13:38;;4145,0
51,82;60,0;70,63;24/09/2026 13:38;;4146,0
51,85;60,0;70,6;24/09/2026 13:38;;4147,0
51,87;60,0;70,62;24/09/2026 13:38;;4148,0
51,87;60,0;70,59;24/09/2026 13:38;;4149,0
51,88;60,0;70,56;24/09/2026 13:38;;4150,0
51,9;60,0;70,53;24/09/2026 13:38;;4151,0
51,9;60,0;70,48;24/09/2026 13:38;;4152,0
51,9;60,0;70,44;24/09/2026 13:38;;4153,0
51,91;60,0;70,41;24/09/2026 13:38;;4154,0
51,9;60,0;70,36;24/09/2026 13:38;;4155,0
51,89;60,0;70,35;24/09/2026 13:39;;4156,0
51,88;60,0;70,28;24/09/2026 13:39;;4157,0
51,88;60,0;70,26;24/09/2026 13:39;;4158,0
51,86;60,0;70,21;24/09/2026 13:39;;4159,0
51,85;60,0;70,18;24/09/2026 13:39;;4160,0
51,84;60,0;70,13;24/09/2026 13:39;;4161,0
51,82;60,0;70,1;24/09/2026 13:39;;4162,0
51,81;60,0;70,05;24/09/2026 13:39;;4163,0
51,79;60,0;70,01;24/09/2026 13:39;;4164,0
51,79;60,0;69,96;24/09/2026 13:39;;4165,0
51,77;60,0;69,92;24/09/2026 13:39;;4166,0
51,75;60,0;69,89;24/09/2026 13:39;;4167,0
51,71;60,0;69,84;24/09/2026 13:39;;4168,0
51,71;60,0;69,86;24/09/2026 13:39;;4169,0
51,69;60,0;69,77;24/09/2026 13:39;;4170,0
51,68;60,0;69,72;24/09/2026 13:39;;4171,0
51,65;60,0;69,67;24/09/2026 13:39;;4172,0
51,62;60,0;69,66;24/09/2026 13:39;;4173,0
51,6;60,0;69,62;24/09/2026 13:39;;4174,0
51,6;60,0;69,62;24/09/2026 13:39;;4175,0
51,56;60,0;69,54;24/09/2026 13:39;;4176,0
51,54;60,0;69,52;24/09/2026 13:39;;4177,0
51,54;60,0;69,52;24/09/2026 13:39;;4178,0
51,51;60,0;69,48;24/09/2026 13:39;;4179,0
51,48;60,0;69,45;24/09/2026 13:39;;4180,0
51,48;60,0;69,45;24/09/2026 13:39;;4181,0
51,43;60,0;69,41;24/09/2026 13:39;;4182,0
51,42;60,0;69,37;24/09/2026 13:39;;4183,0
51,4;60,0;69,34;24/09/2026 13:39;;4184,0
51,36;60,0;69,31;24/09/2026 13:39;;4185,0
51,35;60,0;69,29;24/09/2026 13:39;;4186,0
51,33;60,0;69,28;24/09/2026 13:39;;4187,0
51,3;60,0;69,24;24/09/2026 13:39;;4188,0
51,29;60,0;69,23;24/09/2026 13:39;;4189,0
51,26;60,0;69,2;24/09/2026 13:39;;4190,0
51,25;60,0;69,19;24/09/2026 13:39;;4191,0
51,22;60,0;69,17;24/09/2026 13:39;;4192,0
51,21;60,0;69,15;24/09/2026 13:39;;4193,0
51,19;60,0;69,12;24/09/2026 13:39;;4194,0
51,17;60,0;69,1;24/09/2026 13:39;;4195,0
51,16;60,0;69,1;24/09/2026 13:39;;4196,0
51,13;60,0;69,07;24/09/2026 13:39;;4197,0
51,12;60,0;69,04;24/09/2026 13:39;;4198,0
51,1;60,0;69,03;24/09/2026 13:39;;4199,0
51,08;60,0;69,01;24/09/2026 13:39;;4200,0
51,06;60,0;68,99;24/09/2026 13:39;;4201,0
51,05;60,0;68,99;24/09/2026 13:39;;4202,0
51,02;60,0;68,97;24/09/2026 13:39;;4203,0
51,02;60,0;68,94;24/09/2026 13:39;;4204,0
51,01;60,0;68,92;24/09/2026 13:39;;4205,0
50,98;60,0;68,91;24/09/2026 13:39;;4206,0
50,96;60,0;68,89;24/09/2026 13:39;;4207,0
50,93;60,0;68,87;24/09/2026 13:39;;4208,0
50,91;60,0;68,86;24/09/2026 13:39;;4209,0
50,91;60,0;68,82;24/09/2026 13:39;;4210,0
50,9;60,0;68,8;24/09/2026 13:39;;4211,0
50,88;60,0;68,78;24/09/2026 13:39;;4212,0
50,87;60,0;68,78;24/09/2026 13:39;;4213,0
50,85;60,0;68,75;24/09/2026 13:39;;4214,0
50,83;60,0;68,73;24/09/2026 13:39;;4215,0
50,82;60,0;68,71;24/09/2026 13:40;;4216,0
50,8;60,0;68,68;24/09/2026 13:40;;4217,0
50,79;60,0;68,66;24/09/2026 13:40;;4218,0
50,76;60,0;68,63;24/09/2026 13:40;;4219,0
50,76;60,0;68,69;24/09/2026 13:40;;4220,0
50,74;60,0;68,61;24/09/2026 13:40;;4221,0
50,71;60,0;68,58;24/09/2026 13:40;;4222,0
50,69;60,0;68,56;24/09/2026 13:40;;4223,0
50,69;60,0;68,54;24/09/2026 13:40;;4224,0
50,65;60,0;68,59;24/09/2026 13:40;;4225,0
50,66;60,0;68,51;24/09/2026 13:40;;4226,0
50,62;60,0;68,51;24/09/2026 13:40;;4227,0
50,63;60,0;68,6;24/09/2026 13:40;;4228,0
50,61;60,0;68,75;24/09/2026 13:40;;4229,0
50,65;60,0;68,91;24/09/2026 13:40;;4230,0
50,66;60,0;69,09;24/09/2026 13:40;;4231,0
50,68;60,0;69,27;24/09/2026 13:40;;4232,0
50,7;60,0;69,45;24/09/2026 13:40;;4233,0
50,76;60,0;69,6;24/09/2026 13:40;;4234,0
50,81;60,0;69,75;24/09/2026 13:40;;4235,0
50,83;60,0;69,86;24/09/2026 13:40;;4236,0
50,9;60,0;69,94;24/09/2026 13:40;;4237,0
50,94;60,0;70,0;24/09/2026 13:40;;4238,0
51,02;60,0;70,07;24/09/2026 13:40;;4239,0
51,06;60,0;70,14;24/09/2026 13:40;;4240,0
51,09;60,0;70,21;24/09/2026 13:40;;4241,0
51,15;60,0;70,26;24/09/2026 13:40;;4242,0
51,15;60,0;70,26;24/09/2026 13:40;;4243,0
51,26;60,0;70,36;24/09/2026 13:40;;4244,0
51,29;60,0;70,41;24/09/2026 13:40;;4245,0
51,29;60,0;70,41;24/09/2026 13:40;;4246,0
51,33;60,0;70,47;24/09/2026 13:40;;4247,0
51,35;60,0;70,49;24/09/2026 13:40;;4248,0
51,4;60,0;70,5;24/09/2026 13:40;;4249,0
51,45;60,0;70,53;24/09/2026 13:40;;4250,0
51,48;60,0;70,53;24/09/2026 13:40;;4251,0
51,52;60,0;70,49;24/09/2026 13:40;;4252,0
51,56;60,0;70,49;24/09/2026 13:40;;4253,0
51,57;60,0;70,47;24/09/2026 13:40;;4254,0
51,58;60,0;70,43;24/09/2026 13:40;;4255,0
51,59;60,0;70,41;24/09/2026 13:40;;4256,0
51,63;60,0;70,37;24/09/2026 13:40;;4257,0
51,63;60,0;70,33;24/09/2026 13:40;;4258,0
51,64;60,0;70,29;24/09/2026 13:40;;4259,0
51,64;60,0;70,32;24/09/2026 13:40;;4260,0
51,64;60,0;70,23;24/09/2026 13:40;;4261,0
51,64;60,0;70,2;24/09/2026 13:40;;4262,0
51,66;60,0;70,15;24/09/2026 13:40;;4263,0
51,64;60,0;70,12;24/09/2026 13:40;;4264,0
51,64;60,0;70,1;24/09/2026 13:40;;4265,0
51,63;60,0;70,06;24/09/2026 13:40;;4266,0
51,65;60,0;70,01;24/09/2026 13:40;;4267,0
51,63;60,0;69,97;24/09/2026 13:40;;4268,0
51,62;60,0;69,95;24/09/2026 13:40;;4269,0
51,6;60,0;69,91;24/09/2026 13:40;;4270,0
51,6;60,0;69,87;24/09/2026 13:40;;4271,0
51,59;60,0;69,83;24/09/2026 13:40;;4272,0
51,57;60,0;69,79;24/09/2026 13:40;;4273,0
51,55;60,0;69,76;24/09/2026 13:40;;4274,0
51,53;60,0;69,71;24/09/2026 13:40;;4275,0
51,52;60,0;69,67;24/09/2026 13:41;;4276,0
51,51;60,0;69,64;24/09/2026 13:41;;4277,0
51,46;60,0;69,61;24/09/2026 13:41;;4278,0
51,47;60,0;69,58;24/09/2026 13:41;;4279,0
51,46;60,0;69,55;24/09/2026 13:41;;4280,0
51,42;60,0;69,5;24/09/2026 13:41;;4281,0
51,42;60,0;69,48;24/09/2026 13:41;;4282,0
51,4;60,0;69,43;24/09/2026 13:41;;4283,0
51,37;60,0;69,39;24/09/2026 13:41;;4284,0
51,34;60,0;69,37;24/09/2026 13:41;;4285,0
51,33;60,0;69,34;24/09/2026 13:41;;4286,0
51,3;60,0;69,31;24/09/2026 13:41;;4287,0
51,3;60,0;69,3;24/09/2026 13:41;;4288,0
51,28;60,0;69,27;24/09/2026 13:41;;4289,0
51,25;60,0;69,25;24/09/2026 13:41;;4290,0
51,23;60,0;69,23;24/09/2026 13:41;;4291,0
51,22;60,0;69,19;24/09/2026 13:41;;4292,0
51,19;60,0;69,19;24/09/2026 13:41;;4293,0
51,18;60,0;69,17;24/09/2026 13:41;;4294,0
51,16;60,0;69,14;24/09/2026 13:41;;4295,0
51,13;60,0;69,12;24/09/2026 13:41;;4296,0
51,13;60,0;69,1;24/09/2026 13:41;;4297,0
51,12;60,0;69,08;24/09/2026 13:41;;4298,0
51,1;60,0;69,06;24/09/2026 13:41;;4299,0
51,08;60,0;69,04;24/09/2026 13:41;;4300,0
51,08;60,0;69,04;24/09/2026 13:41;;4301,0
51,06;60,0;69,02;24/09/2026 13:41;;4302,0
51,06;60,0;69,0;24/09/2026 13:41;;4303,0
51,02;60,0;69,0;24/09/2026 13:41;;4304,0
51,02;60,0;68,99;24/09/2026 13:41;;4305,0
51,0;60,0;68,96;24/09/2026 13:41;;4306,0
50,99;60,0;68,94;24/09/2026 13:41;;4307,0
50,98;50,01;68,93;24/09/2026 13:41;;4308,0
50,9;50,01;69,9;24/09/2026 13:41;;4309,0
50,81;50,01;69,84;24/09/2026 13:41;;4310,0
50,72;50,01;69,75;24/09/2026 13:41;;4311,0
50,66;50,01;69,69;24/09/2026 13:41;;4312,0
50,6;50,01;69,62;24/09/2026 13:41;;4313,0
50,51;50,01;69,54;24/09/2026 13:41;;4314,0
50,43;50,01;69,5;24/09/2026 13:41;;4315,0
50,35;50,01;69,4;24/09/2026 13:41;;4316,0
50,3;50,01;69,34;24/09/2026 13:41;;4317,0
50,22;50,01;69,29;24/09/2026 13:41;;4318,0
50,17;50,01;69,27;24/09/2026 13:41;;4319,0
50,12;50,01;69,31;24/09/2026 13:41;;4320,0
50,06;50,01;69,23;24/09/2026 13:41;;4321,0
49,99;50,01;69,18;24/09/2026 13:41;;4322,0
49,95;50,01;69,14;24/09/2026 13:41;;4323,0
49,92;50,01;69,13;24/09/2026 13:41;;4324,0
49,88;50,01;69,09;24/09/2026 13:41;;4325,0
49,82;50,01;69,07;24/09/2026 13:41;;4326,0
49,78;50,01;69,04;24/09/2026 13:41;;4327,0
49,74;50,01;68,99;24/09/2026 13:41;;4328,0
49,71;50,01;68,98;24/09/2026 13:41;;4329,0
49,66;50,01;68,94;24/09/2026 13:41;;4330,0
49,62;50,01;69,07;24/09/2026 13:41;;4331,0
49,59;50,01;69,13;24/09/2026 13:41;;4332,0
49,56;50,01;69,29;24/09/2026 13:41;;4333,0
49,57;50,01;69,46;24/09/2026 13:41;;4334,0
49,58;50,01;69,63;24/09/2026 13:41;;4335,0
49,59;50,01;69,81;24/09/2026 13:42;;4336,0
49,61;50,01;69,98;24/09/2026 13:42;;4337,0
49,64;50,01;70,14;24/09/2026 13:42;;4338,0
49,66;50,01;70,26;24/09/2026 13:42;;4339,0
49,69;50,01;70,36;24/09/2026 13:42;;4340,0
49,72;50,01;70,44;24/09/2026 13:42;;4341,0
49,75;50,01;70,5;24/09/2026 13:42;;4342,0
49,78;50,01;70,57;24/09/2026 13:42;;4343,0
49,83;50,01;70,63;24/09/2026 13:42;;4344,0
49,86;50,01;70,67;24/09/2026 13:42;;4345,0
49,89;50,01;70,72;24/09/2026 13:42;;4346,0
49,91;50,01;70,78;24/09/2026 13:42;;4347,0
49,96;50,01;70,81;24/09/2026 13:42;;4348,0
49,99;50,01;70,85;24/09/2026 13:42;;4349,0
50,0;50,01;70,9;24/09/2026 13:42;;4350,0
50,04;50,01;70,91;24/09/2026 13:42;;4351,0
50,07;50,01;70,93;24/09/2026 13:42;;4352,0
50,1;50,01;70,91;24/09/2026 13:42;;4353,0
50,12;50,01;70,93;24/09/2026 13:42;;4354,0
50,14;50,01;70,87;24/09/2026 13:42;;4355,0
50,14;50,01;70,84;24/09/2026 13:42;;4356,0
50,17;50,01;70,8;24/09/2026 13:42;;4357,0
50,18;50,01;70,76;24/09/2026 13:42;;4358,0
50,19;50,01;70,74;24/09/2026 13:42;;4359,0
50,18;50,01;70,7;24/09/2026 13:42;;4360,0
50,18;50,01;70,7;24/09/2026 13:42;;4361,0
50,19;50,01;70,67;24/09/2026 13:42;;4362,0
50,19;50,01;70,65;24/09/2026 13:42;;4363,0
50,18;50,01;70,59;24/09/2026 13:42;;4364,0
50,18;50,01;70,54;24/09/2026 13:42;;4365,0
50,19;50,01;70,56;24/09/2026 13:42;;4366,0
50,18;50,01;70,48;24/09/2026 13:42;;4367,0
50,18;50,01;70,44;24/09/2026 13:42;;4368,0
50,16;50,01;70,41;24/09/2026 13:42;;4369,0
50,14;50,01;70,36;24/09/2026 13:42;;4370,0
50,14;50,01;70,32;24/09/2026 13:42;;4371,0
50,13;50,01;70,27;24/09/2026 13:42;;4372,0
50,11;50,01;70,24;24/09/2026 13:42;;4373,0
50,1;50,01;70,2;24/09/2026 13:42;;4374,0
50,1;50,01;70,15;24/09/2026 13:42;;4375,0
50,07;50,01;70,12;24/09/2026 13:42;;4376,0
50,05;50,01;70,07;24/09/2026 13:42;;4377,0
50,04;50,01;70,02;24/09/2026 13:42;;4378,0
50,02;50,01;70,01;24/09/2026 13:42;;4379,0
49,99;50,01;69,97;24/09/2026 13:42;;4380,0
49,97;50,01;69,93;24/09/2026 13:42;;4381,0
49,97;50,01;69,87;24/09/2026 13:42;;4382,0
49,94;50,01;69,86;24/09/2026 13:42;;4383,0
49,93;50,01;69,82;24/09/2026 13:42;;4384,0
49,91;50,01;69,81;24/09/2026 13:42;;4385,0
49,88;50,01;69,77;24/09/2026 13:42;;4386,0
49,88;50,01;69,73;24/09/2026 13:42;;4387,0
49,85;50,01;69,71;24/09/2026 13:42;;4388,0
49,84;50,01;69,7;24/09/2026 13:42;;4389,0
49,8;50,01;69,66;24/09/2026 13:42;;4390,0
49,79;50,01;69,62;24/09/2026 13:42;;4391,0
49,77;50,01;69,61;24/09/2026 13:42;;4392,0
49,75;50,01;69,59;24/09/2026 13:42;;4393,0
49,74;50,01;69,55;24/09/2026 13:42;;4394,0
49,72;50,01;69,55;24/09/2026 13:42;;4395,0
49,7;50,01;69,53;24/09/2026 13:43;;4396,0
49,68;50,01;69,52;24/09/2026 13:43;;4397,0
49,66;50,01;69,48;24/09/2026 13:43;;4398,0
49,66;50,01;69,45;24/09/2026 13:43;;4399,0
49,63;50,01;69,44;24/09/2026 13:43;;4400,0
49,6;50,01;69,43;24/09/2026 13:43;;4401,0
49,58;50,01;69,41;24/09/2026 13:43;;4402,0
49,58;50,01;69,38;24/09/2026 13:43;;4403,0
49,57;50,01;69,35;24/09/2026 13:43;;4404,0
49,53;50,01;69,33;24/09/2026 13:43;;4405,0
49,53;50,01;69,33;24/09/2026 13:43;;4406,0
49,51;50,01;69,31;24/09/2026 13:43;;4407,0
49,49;50,01;69,29;24/09/2026 13:43;;4408,0
49,47;50,01;69,27;24/09/2026 13:43;;4409,0
49,45;50,01;69,27;24/09/2026 13:43;;4410,0
49,42;50,01;69,24;24/09/2026 13:43;;4411,0
49,44;50,01;69,22;24/09/2026 13:43;;4412,0
49,42;50,01;69,3;24/09/2026 13:43;;4413,0
49,41;50,01;69,19;24/09/2026 13:43;;4414,0
49,4;50,01;69,18;24/09/2026 13:43;;4415,0
49,38;50,01;69,14;24/09/2026 13:43;;4416,0
49,36;50,01;69,13;24/09/2026 13:43;;4417,0
49,35;50,01;69,12;24/09/2026 13:43;;4418,0
49,33;50,01;69,1;24/09/2026 13:43;;4419,0
49,31;50,01;69,08;24/09/2026 13:43;;4420,0
49,29;50,01;69,06;24/09/2026 13:43;;4421,0
49,29;50,01;69,06;24/09/2026 13:43;;4422,0
49,29;50,01;69,02;24/09/2026 13:43;;4423,0
49,27;50,01;69,01;24/09/2026 13:43;;4424,0
49,25;50,01;68,98;24/09/2026 13:43;;4425,0
49,24;50,01;68,98;24/09/2026 13:43;;4426,0
49,22;50,01;68,96;24/09/2026 13:43;;4427,0
49,2;50,01;68,94;24/09/2026 13:43;;4428,0
49,2;50,01;68,91;24/09/2026 13:43;;4429,0
49,17;50,01;68,87;24/09/2026 13:43;;4430,0
49,14;50,01;68,84;24/09/2026 13:43;;4431,0
49,13;50,01;68,84;24/09/2026 13:43;;4432,0
49,13;50,01;68,82;24/09/2026 13:43;;4433,0
49,11;50,01;68,84;24/09/2026 13:43;;4434,0
49,1;50,01;68,96;24/09/2026 13:43;;4435,0
49,08;50,01;69,12;24/09/2026 13:43;;4436,0
49,1;50,01;69,34;24/09/2026 13:43;;4437,0
49,13;50,01;69,46;24/09/2026 13:43;;4438,0
49,14;50,01;69,64;24/09/2026 13:43;;4439,0
49,17;50,01;69,82;24/09/2026 13:43;;4440,0
49,22;50,01;69,98;24/09/2026 13:43;;4441,0
49,26;50,01;70,13;24/09/2026 13:43;;4442,0
49,3;50,01;70,24;24/09/2026 13:43;;4443,0
49,34;50,01;70,29;24/09/2026 13:43;;4444,0
49,39;50,01;70,38;24/09/2026 13:43;;4445,0
49,45;50,01;70,48;24/09/2026 13:43;;4446,0
49,5;50,01;70,52;24/09/2026 13:43;;4447,0
49,53;50,01;70,57;24/09/2026 13:43;;4448,0
49,57;50,01;70,64;24/09/2026 13:43;;4449,0
49,62;50,01;70,68;24/09/2026 13:43;;4450,0
49,66;50,01;70,75;24/09/2026 13:43;;4451,0
49,71;50,01;70,78;24/09/2026 13:43;;4452,0
49,74;50,01;70,81;24/09/2026 13:43;;4453,0
49,78;50,01;70,84;24/09/2026 13:43;;4454,0
49,81;50,01;70,86;24/09/2026 13:43;;4455,0
49,85;50,01;70,88;24/09/2026 13:44;;4456,0
49,86;50,01;70,87;24/09/2026 13:44;;4457,0
49,91;50,01;70,86;24/09/2026 13:44;;4458,0
49,94;50,01;70,8;24/09/2026 13:44;;4459,0
49,96;50,01;70,78;24/09/2026 13:44;;4460,0
49,98;50,01;70,76;24/09/2026 13:44;;4461,0
50,0;50,01;70,73;24/09/2026 13:44;;4462,0
50,0;50,01;70,7;24/09/2026 13:44;;4463,0
50,01;50,01;70,66;24/09/2026 13:44;;4464,0
50,02;50,01;70,62;24/09/2026 13:44;;4465,0
50,04;50,01;70,58;24/09/2026 13:44;;4466,0
50,02;50,01;70,53;24/09/2026 13:44;;4467,0
50,03;50,01;70,47;24/09/2026 13:44;;4468,0
50,04;50,01;70,46;24/09/2026 13:44;;4469,0
50,02;50,01;70,41;24/09/2026 13:44;;4470,0
50,02;50,01;70,39;24/09/2026 13:44;;4471,0
50,02;50,01;70,37;24/09/2026 13:44;;4472,0
50,01;50,01;70,33;24/09/2026 13:44;;4473,0
50,0;50,01;70,28;24/09/2026 13:44;;4474,0
50,0;50,01;70,26;24/09/2026 13:44;;4475,0
49,99;50,01;70,21;24/09/2026 13:44;;4476,0
49,97;50,01;70,15;24/09/2026 13:44;;4477,0
49,96;50,01;70,12;24/09/2026 13:44;;4478,0
49,96;50,01;70,1;24/09/2026 13:44;;4479,0
49,94;50,01;70,05;24/09/2026 13:44;;4480,0
49,94;50,01;70,05;24/09/2026 13:44;;4481,0
49,93;50,01;70,02;24/09/2026 13:44;;4482,0
49,92;50,01;69,98;24/09/2026 13:44;;4483,0
49,89;50,01;69,95;24/09/2026 13:44;;4484,0
49,91;50,01;69,92;24/09/2026 13:44;;4485,0
49,88;50,01;69,87;24/09/2026 13:44;;4486,0
49,86;50,01;69,85;24/09/2026 13:44;;4487,0
49,85;40,0;69,81;24/09/2026 13:44;;4488,0
49,74;40,0;71,32;24/09/2026 13:44;;4489,0
49,64;40,0;71,22;24/09/2026 13:44;;4490,0
49,52;40,0;71,15;24/09/2026 13:44;;4491,0
49,41;40,0;71,07;24/09/2026 13:44;;4492,0
49,31;40,0;71,01;24/09/2026 13:44;;4493,0
49,22;40,0;70,93;24/09/2026 13:44;;4494,0
49,13;40,0;70,86;24/09/2026 13:44;;4495,0
49,05;40,0;70,79;24/09/2026 13:44;;4496,0
48,97;40,0;70,72;24/09/2026 13:44;;4497,0
48,88;40,0;70,65;24/09/2026 13:44;;4498,0
48,8;40,0;70,58;24/09/2026 13:44;;4499,0
48,72;40,0;70,53;24/09/2026 13:44;;4500,0
48,66;40,0;70,46;24/09/2026 13:44;;4501,0
48,59;40,0;70,38;24/09/2026 13:44;;4502,0
48,52;40,0;70,34;24/09/2026 13:44;;4503,0
48,44;40,0;70,28;24/09/2026 13:44;;4504,0
48,37;40,0;70,24;24/09/2026 13:44;;4505,0
48,31;40,0;70,18;24/09/2026 13:44;;4506,0
48,26;40,0;70,15;24/09/2026 13:44;;4507,0
48,2;40,0;70,12;24/09/2026 13:44;;4508,0
48,14;40,0;70,06;24/09/2026 13:44;;4509,0
48,09;40,0;70,05;24/09/2026 13:44;;4510,0
48,03;40,0;70,01;24/09/2026 13:44;;4511,0
47,98;40,0;70,0;24/09/2026 13:44;;4512,0
47,93;40,0;69,96;24/09/2026 13:44;;4513,0
47,89;40,0;69,93;24/09/2026 13:44;;4514,0
47,84;40,0;69,92;24/09/2026 13:44;;4515,0
47,79;40,0;69,87;24/09/2026 13:45;;4516,0
47,76;40,0;69,85;24/09/2026 13:45;;4517,0
47,7;40,0;69,85;24/09/2026 13:45;;4518,0
47,65;40,0;69,81;24/09/2026 13:45;;4519,0
47,61;40,0;69,77;24/09/2026 13:45;;4520,0
47,59;40,0;69,76;24/09/2026 13:45;;4521,0
47,55;40,0;69,73;24/09/2026 13:45;;4522,0
47,51;40,0;69,72;24/09/2026 13:45;;4523,0
47,47;40,0;69,69;24/09/2026 13:45;;4524,0
47,45;40,0;69,66;24/09/2026 13:45;;4525,0
47,41;40,0;69,64;24/09/2026 13:45;;4526,0
47,38;40,0;69,62;24/09/2026 13:45;;4527,0
47,34;40,0;69,6;24/09/2026 13:45;;4528,0
47,31;40,0;69,58;24/09/2026 13:45;;4529,0
47,28;40,0;69,55;24/09/2026 13:45;;4530,0
47,23;40,0;69,52;24/09/2026 13:45;;4531,0
47,2;40,0;69,51;24/09/2026 13:45;;4532,0
47,17;40,0;69,48;24/09/2026 13:45;;4533,0
47,15;40,0;69,48;24/09/2026 13:45;;4534,0
47,13;40,0;69,42;24/09/2026 13:45;;4535,0
47,08;40,0;69,39;24/09/2026 13:45;;4536,0
47,07;40,0;69,42;24/09/2026 13:45;;4537,0
47,04;40,0;69,52;24/09/2026 13:45;;4538,0
47,02;40,0;69,69;24/09/2026 13:45;;4539,0
47,03;40,0;69,87;24/09/2026 13:45;;4540,0
47,03;40,0;69,87;24/09/2026 13:45;;4541,0
47,03;40,0;70,26;24/09/2026 13:45;;4542,0
47,03;40,0;70,26;24/09/2026 13:45;;4543,0
47,04;40,0;70,47;24/09/2026 13:45;;4544,0
47,07;40,0;70,63;24/09/2026 13:45;;4545,0
47,1;40,0;70,79;24/09/2026 13:45;;4546,0
47,14;40,0;70,87;24/09/2026 13:45;;4547,0
47,17;40,0;70,95;24/09/2026 13:45;;4548,0
47,2;40,0;71,03;24/09/2026 13:45;;4549,0
47,24;40,0;71,06;24/09/2026 13:45;;4550,0
47,26;40,0;71,15;24/09/2026 13:45;;4551,0
47,29;40,0;71,19;24/09/2026 13:45;;4552,0
47,32;40,0;71,26;24/09/2026 13:45;;4553,0
47,35;40,0;71,31;24/09/2026 13:45;;4554,0
47,37;40,0;71,36;24/09/2026 13:45;;4555,0
47,41;40,0;71,39;24/09/2026 13:45;;4556,0
47,44;40,0;71,42;24/09/2026 13:45;;4557,0
47,47;40,0;71,43;24/09/2026 13:45;;4558,0
47,48;40,0;71,46;24/09/2026 13:45;;4559,0
47,52;40,0;71,47;24/09/2026 13:45;;4560,0
47,54;40,0;71,45;24/09/2026 13:45;;4561,0
47,56;40,0;71,45;24/09/2026 13:45;;4562,0
47,57;40,0;71,39;24/09/2026 13:45;;4563,0
47,6;40,0;71,36;24/09/2026 13:45;;4564,0
47,6;40,0;71,3;24/09/2026 13:45;;4565,0
47,61;40,0;71,27;24/09/2026 13:45;;4566,0
47,62;40,0;71,24;24/09/2026 13:45;;4567,0
47,62;40,0;71,19;24/09/2026 13:45;;4568,0
47,62;40,0;71,15;24/09/2026 13:45;;4569,0
47,62;40,0;71,1;24/09/2026 13:45;;4570,0
47,62;40,0;71,05;24/09/2026 13:45;;4571,0
47,62;40,0;71,03;24/09/2026 13:45;;4572,0
47,62;40,0;70,98;24/09/2026 13:45;;4573,0
47,62;40,0;70,95;24/09/2026 13:45;;4574,0
47,61;40,0;70,91;24/09/2026 13:45;;4575,0
47,61;40,0;70,86;24/09/2026 13:46;;4576,0
47,6;40,0;70,81;24/09/2026 13:46;;4577,0
47,59;40,0;70,79;24/09/2026 13:46;;4578,0
47,59;40,0;70,76;24/09/2026 13:46;;4579,0
47,58;40,0;70,73;24/09/2026 13:46;;4580,0
47,56;40,0;70,68;24/09/2026 13:46;;4581,0
47,54;40,0;70,64;24/09/2026 13:46;;4582,0
47,53;40,0;70,59;24/09/2026 13:46;;4583,0
47,52;40,0;70,54;24/09/2026 13:46;;4584,0
47,52;40,0;70,5;24/09/2026 13:46;;4585,0
47,5;40,0;70,44;24/09/2026 13:46;;4586,0
47,48;40,0;70,42;24/09/2026 13:46;;4587,0
47,46;40,0;70,39;24/09/2026 13:46;;4588,0
47,45;40,0;70,36;24/09/2026 13:46;;4589,0
47,43;40,0;70,33;24/09/2026 13:46;;4590,0
47,4;40,0;70,29;24/09/2026 13:46;;4591,0
47,39;40,0;70,27;24/09/2026 13:46;;4592,0
47,37;40,0;70,24;24/09/2026 13:46;;4593,0
47,37;40,0;70,2;24/09/2026 13:46;;4594,0
47,34;40,0;70,18;24/09/2026 13:46;;4595,0
47,32;40,0;70,15;24/09/2026 13:46;;4596,0
47,3;40,0;70,14;24/09/2026 13:46;;4597,0
47,3;40,0;70,14;24/09/2026 13:46;;4598,0
47,29;40,0;70,1;24/09/2026 13:46;;4599,0
47,28;40,0;70,1;24/09/2026 13:46;;4600,0
47,25;40,0;70,06;24/09/2026 13:46;;4601,0
47,23;40,0;70,04;24/09/2026 13:46;;4602,0
47,22;40,0;70,02;24/09/2026 13:46;;4603,0
47,22;40,0;70,01;24/09/2026 13:46;;4604,0
47,19;40,0;69,98;24/09/2026 13:46;;4605,0
47,17;40,0;69,96;24/09/2026 13:46;;4606,0
47,15;40,0;69,98;24/09/2026 13:46;;4607,0
47,13;40,0;69,93;24/09/2026 13:46;;4608,0
47,14;40,0;69,91;24/09/2026 13:46;;4609,0
47,1;40,0;69,91;24/09/2026 13:46;;4610,0
47,09;40,0;69,87;24/09/2026 13:46;;4611,0
47,09;40,0;69,86;24/09/2026 13:46;;4612,0
47,06;40,0;69,85;24/09/2026 13:46;;4613,0
47,05;40,0;69,83;24/09/2026 13:46;;4614,0
47,04;40,0;69,79;24/09/2026 13:46;;4615,0
47,02;40,0;69,8;24/09/2026 13:46;;4616,0
47,0;40,0;69,77;24/09/2026 13:46;;4617,0
47,0;40,0;69,75;24/09/2026 13:46;;4618,0
46,99;40,0;69,72;24/09/2026 13:46;;4619,0
46,96;40,0;69,71;24/09/2026 13:46;;4620,0
46,95;40,0;69,67;24/09/2026 13:46;;4621,0
46,93;40,0;69,66;24/09/2026 13:46;;4622,0
46,92;40,0;69,66;24/09/2026 13:46;;4623,0
46,91;40,0;69,62;24/09/2026 13:46;;4624,0
46,89;40,0;69,62;24/09/2026 13:46;;4625,0
46,88;40,0;69,58;24/09/2026 13:46;;4626,0
46,87;40,0;69,58;24/09/2026 13:46;;4627,0
46,86;40,0;69,56;24/09/2026 13:46;;4628,0
46,84;40,0;69,52;24/09/2026 13:46;;4629,0
46,82;40,0;69,52;24/09/2026 13:46;;4630,0
46,8;40,0;69,5;24/09/2026 13:46;;4631,0
46,8;40,0;69,49;24/09/2026 13:46;;4632,0
46,76;40,0;69,46;24/09/2026 13:46;;4633,0
46,76;40,0;69,43;24/09/2026 13:46;;4634,0
46,75;40,0;69,42;24/09/2026 13:46;;4635,0
46,73;40,0;69,39;24/09/2026 13:47;;4636,0
46,7;40,0;69,37;24/09/2026 13:47;;4637,0
46,7;40,0;69,34;24/09/2026 13:47;;4638,0
46,68;40,0;69,32;24/09/2026 13:47;;4639,0
46,68;40,0;69,32;24/09/2026 13:47;;4640,0
46,65;40,0;69,41;24/09/2026 13:47;;4641,0
46,65;40,0;69,56;24/09/2026 13:47;;4642,0
46,66;40,0;69,73;24/09/2026 13:47;;4643,0
46,67;40,0;69,94;24/09/2026 13:47;;4644,0
46,69;40,0;70,13;24/09/2026 13:47;;4645,0
46,7;40,0;70,38;24/09/2026 13:47;;4646,0
46,75;40,0;70,56;24/09/2026 13:47;;4647,0
46,78;40,0;70,66;24/09/2026 13:47;;4648,0
46,8;40,0;70,78;24/09/2026 13:47;;4649,0
46,87;40,0;70,93;24/09/2026 13:47;;4650,0
46,91;40,0;70,96;24/09/2026 13:47;;4651,0
46,93;40,0;70,99;24/09/2026 13:47;;4652,0
46,98;40,0;71,05;24/09/2026 13:47;;4653,0
47,02;40,0;71,11;24/09/2026 13:47;;4654,0
47,06;40,0;71,18;24/09/2026 13:47;;4655,0
47,09;40,0;71,22;24/09/2026 13:47;;4656,0
47,13;40,0;71,28;24/09/2026 13:47;;4657,0
47,17;40,0;71,35;24/09/2026 13:47;;4658,0
47,17;40,0;71,35;24/09/2026 13:47;;4659,0
47,22;40,0;71,39;24/09/2026 13:47;;4660,0
47,25;40,0;71,41;24/09/2026 13:47;;4661,0
47,28;40,0;71,43;24/09/2026 13:47;;4662,0
47,31;40,0;71,43;24/09/2026 13:47;;4663,0
47,32;40,0;71,43;24/09/2026 13:47;;4664,0
47,37;40,0;71,42;24/09/2026 13:47;;4665,0
47,39;40,0;71,39;24/09/2026 13:47;;4666,0
47,42;40,0;71,36;24/09/2026 13:47;;4667,0
47,43;30,0;71,31;24/09/2026 13:47;;4668,0
47,34;30,0;72,94;24/09/2026 13:47;;4669,0
47,15;30,0;72,83;24/09/2026 13:47;;4670,0
46,96;30,0;72,75;24/09/2026 13:47;;4671,0
46,82;30,0;72,64;24/09/2026 13:47;;4672,0
46,71;30,0;72,57;24/09/2026 13:47;;4673,0
46,55;30,0;72,5;24/09/2026 13:47;;4674,0
46,42;30,0;72,42;24/09/2026 13:47;;4675,0
46,31;30,0;72,36;24/09/2026 13:47;;4676,0
46,19;30,0;72,29;24/09/2026 13:47;;4677,0
46,07;30,0;72,22;24/09/2026 13:47;;4678,0
45,99;30,0;72,15;24/09/2026 13:47;;4679,0
45,86;30,0;72,1;24/09/2026 13:47;;4680,0
45,76;30,0;72,03;24/09/2026 13:47;;4681,0
45,67;30,0;71,98;24/09/2026 13:47;;4682,0
45,59;30,0;71,91;24/09/2026 13:47;;4683,0
45,51;30,0;71,86;24/09/2026 13:47;;4684,0
45,42;30,0;71,79;24/09/2026 13:47;;4685,0
45,33;30,0;71,76;24/09/2026 13:47;;4686,0
45,26;30,0;71,69;24/09/2026 13:47;;4687,0
45,18;30,0;71,71;24/09/2026 13:47;;4688,0
45,11;30,0;71,66;24/09/2026 13:47;;4689,0
45,03;30,0;71,56;24/09/2026 13:47;;4690,0
44,95;30,0;71,51;24/09/2026 13:47;;4691,0
44,88;30,0;71,47;24/09/2026 13:47;;4692,0
44,82;30,0;71,41;24/09/2026 13:47;;4693,0
44,76;30,0;71,39;24/09/2026 13:47;;4694,0
44,71;30,0;71,37;24/09/2026 13:47;;4695,0
44,63;30,0;71,37;24/09/2026 13:48;;4696,0
44,56;30,0;71,31;24/09/2026 13:48;;4697,0
44,5;30,0;71,26;24/09/2026 13:48;;4698,0
44,45;30,0;71,24;24/09/2026 13:48;;4699,0
44,41;30,0;71,19;24/09/2026 13:48;;4700,0
44,36;30,0;71,18;24/09/2026 13:48;;4701,0
44,3;30,0;71,15;24/09/2026 13:48;;4702,0
44,24;30,0;71,12;24/09/2026 13:48;;4703,0
44,19;30,0;71,17;24/09/2026 13:48;;4704,0
44,14;30,0;71,08;24/09/2026 13:48;;4705,0
44,1;30,0;71,07;24/09/2026 13:48;;4706,0
44,05;30,0;71,03;24/09/2026 13:48;;4707,0
44,0;30,0;71,01;24/09/2026 13:48;;4708,0
43,97;30,0;71,04;24/09/2026 13:48;;4709,0
43,91;30,0;70,96;24/09/2026 13:48;;4710,0
43,87;30,0;70,95;24/09/2026 13:48;;4711,0
43,83;30,0;70,91;24/09/2026 13:48;;4712,0
43,8;30,0;70,88;24/09/2026 13:48;;4713,0
43,76;30,0;70,85;24/09/2026 13:48;;4714,0
43,71;30,0;70,84;24/09/2026 13:48;;4715,0
43,67;30,0;70,83;24/09/2026 13:48;;4716,0
43,64;30,0;70,8;24/09/2026 13:48;;4717,0
43,61;30,0;70,77;24/09/2026 13:48;;4718,0
43,58;30,0;70,76;24/09/2026 13:48;;4719,0
43,54;30,0;70,74;24/09/2026 13:48;;4720,0
43,5;30,0;70,73;24/09/2026 13:48;;4721,0
43,47;30,0;70,69;24/09/2026 13:48;;4722,0
43,47;30,0;70,69;24/09/2026 13:48;;4723,0
43,44;30,0;70,68;24/09/2026 13:48;;4724,0
43,4;30,0;70,65;24/09/2026 13:48;;4725,0
43,38;30,0;70,65;24/09/2026 13:48;;4726,0
43,34;30,0;70,62;24/09/2026 13:48;;4727,0
43,31;30,0;70,58;24/09/2026 13:48;;4728,0
43,28;30,0;70,57;24/09/2026 13:48;;4729,0
43,25;30,0;70,54;24/09/2026 13:48;;4730,0
43,22;30,0;70,53;24/09/2026 13:48;;4731,0
43,2;30,0;70,49;24/09/2026 13:48;;4732,0
43,16;30,0;70,47;24/09/2026 13:48;;4733,0
43,13;30,0;70,45;24/09/2026 13:48;;4734,0
43,11;30,0;70,44;24/09/2026 13:48;;4735,0
43,08;30,0;70,41;24/09/2026 13:48;;4736,0
43,05;30,0;70,38;24/09/2026 13:48;;4737,0
43,04;30,0;70,36;24/09/2026 13:48;;4738,0
43,0;30,0;70,35;24/09/2026 13:48;;4739,0
42,98;30,0;70,37;24/09/2026 13:48;;4740,0
42,96;30,0;70,35;24/09/2026 13:48;;4741,0
42,92;30,0;70,33;24/09/2026 13:48;;4742,0
42,91;30,0;70,26;24/09/2026 13:48;;4743,0
42,88;30,0;70,25;24/09/2026 13:48;;4744,0
42,85;30,0;70,24;24/09/2026 13:48;;4745,0
42,83;30,0;70,34;24/09/2026 13:48;;4746,0
42,81;30,0;70,53;24/09/2026 13:48;;4747,0
42,81;30,0;70,73;24/09/2026 13:48;;4748,0
42,81;30,0;70,95;24/09/2026 13:48;;4749,0
42,81;30,0;71,16;24/09/2026 13:48;;4750,0
42,81;30,0;71,36;24/09/2026 13:48;;4751,0
42,83;30,0;71,53;24/09/2026 13:48;;4752,0
42,86;30,0;71,68;24/09/2026 13:48;;4753,0
42,89;30,0;71,78;24/09/2026 13:48;;4754,0
42,91;30,0;71,87;24/09/2026 13:48;;4755,0
42,92;30,0;71,9;24/09/2026 13:49;;4756,0
42,95;30,0;71,99;24/09/2026 13:49;;4757,0
42,98;30,0;72,04;24/09/2026 13:49;;4758,0
43,0;30,0;72,12;24/09/2026 13:49;;4759,0
43,02;30,0;72,18;24/09/2026 13:49;;4760,0
43,05;30,0;72,2;24/09/2026 13:49;;4761,0
43,07;30,0;72,25;24/09/2026 13:49;;4762,0
43,09;30,0;72,3;24/09/2026 13:49;;4763,0
43,12;30,0;72,34;24/09/2026 13:49;;4764,0
43,14;30,0;72,35;24/09/2026 13:49;;4765,0
43,16;30,0;72,4;24/09/2026 13:49;;4766,0
43,17;30,0;72,41;24/09/2026 13:49;;4767,0
43,2;30,0;72,38;24/09/2026 13:49;;4768,0
43,21;30,0;72,36;24/09/2026 13:49;;4769,0
43,22;30,0;72,32;24/09/2026 13:49;;4770,0
43,22;30,0;72,32;24/09/2026 13:49;;4771,0
43,24;30,0;72,29;24/09/2026 13:49;;4772,0
43,26;30,0;72,22;24/09/2026 13:49;;4773,0
43,27;30,0;72,19;24/09/2026 13:49;;4774,0
43,27;30,0;72,13;24/09/2026 13:49;;4775,0
43,27;30,0;72,09;24/09/2026 13:49;;4776,0
43,28;30,0;72,03;24/09/2026 13:49;;4777,0
43,29;30,0;72,0;24/09/2026 13:49;;4778,0
43,28;30,0;71,95;24/09/2026 13:49;;4779,0
43,28;30,0;71,9;24/09/2026 13:49;;4780,0
43,27;30,0;71,88;24/09/2026 13:49;;4781,0
43,29;30,0;71,83;24/09/2026 13:49;;4782,0
43,27;30,0;71,78;24/09/2026 13:49;;4783,0
43,27;30,0;71,74;24/09/2026 13:49;;4784,0
43,25;30,0;71,7;24/09/2026 13:49;;4785,0
43,26;30,0;71,66;24/09/2026 13:49;;4786,0
43,25;30,0;71,62;24/09/2026 13:49;;4787,0
43,24;30,0;71,58;24/09/2026 13:49;;4788,0
43,24;30,0;71,55;24/09/2026 13:49;;4789,0
43,23;30,0;71,49;24/09/2026 13:49;;4790,0
43,22;30,0;71,46;24/09/2026 13:49;;4791,0
43,21;30,0;71,42;24/09/2026 13:49;;4792,0
43,19;30,0;71,38;24/09/2026 13:49;;4793,0
43,19;30,0;71,33;24/09/2026 13:49;;4794,0
43,17;30,0;71,3;24/09/2026 13:49;;4795,0
43,16;30,0;71,26;24/09/2026 13:49;;4796,0
43,15;30,0;71,24;24/09/2026 13:49;;4797,0
43,13;30,0;71,22;24/09/2026 13:49;;4798,0
43,11;30,0;71,18;24/09/2026 13:49;;4799,0
43,11;30,0;71,15;24/09/2026 13:49;;4800,0
43,09;30,0;71,12;24/09/2026 13:49;;4801,0
43,08;30,0;71,09;24/09/2026 13:49;;4802,0
43,06;30,0;71,06;24/09/2026 13:49;;4803,0
43,06;30,0;71,03;24/09/2026 13:49;;4804,0
43,04;30,0;71,01;24/09/2026 13:49;;4805,0
43,03;30,0;70,98;24/09/2026 13:49;;4806,0
43,02;30,0;70,96;24/09/2026 13:49;;4807,0
43,0;30,0;70,95;24/09/2026 13:49;;4808,0
42,98;30,0;70,91;24/09/2026 13:49;;4809,0
42,98;30,0;70,9;24/09/2026 13:49;;4810,0
42,96;30,0;70,87;24/09/2026 13:49;;4811,0
42,95;30,0;70,86;24/09/2026 13:49;;4812,0
42,94;30,0;70,86;24/09/2026 13:49;;4813,0
42,91;30,0;70,8;24/09/2026 13:49;;4814,0
42,91;30,0;70,79;24/09/2026 13:49;;4815,0
42,89;30,0;70,77;24/09/2026 13:50;;4816,0
42,88;30,0;70,76;24/09/2026 13:50;;4817,0
42,87;30,0;70,73;24/09/2026 13:50;;4818,0
42,86;30,0;70,72;24/09/2026 13:50;;4819,0
42,82;30,0;70,69;24/09/2026 13:50;;4820,0
42,81;30,0;70,68;24/09/2026 13:50;;4821,0
42,81;30,0;70,67;24/09/2026 13:50;;4822,0
42,81;30,0;70,67;24/09/2026 13:50;;4823,0
42,77;30,0;70,68;24/09/2026 13:50;;4824,0
42,78;30,0;70,64;24/09/2026 13:50;;4825,0
42,76;30,0;70,59;24/09/2026 13:50;;4826,0
42,75;30,0;70,59;24/09/2026 13:50;;4827,0
42,74;30,0;70,64;24/09/2026 13:50;;4828,0
42,73;30,0;70,6;24/09/2026 13:50;;4829,0
42,72;30,0;70,56;24/09/2026 13:50;;4830,0
42,7;30,0;70,53;24/09/2026 13:50;;4831,0
42,69;30,0;70,48;24/09/2026 13:50;;4832,0
42,67;30,0;70,48;24/09/2026 13:50;;4833,0
42,67;30,0;70,48;24/09/2026 13:50;;4834,0
42,66;30,0;70,45;24/09/2026 13:50;;4835,0
42,65;30,0;70,44;24/09/2026 13:50;;4836,0
42,64;30,0;70,43;24/09/2026 13:50;;4837,0
42,61;30,0;70,41;24/09/2026 13:50;;4838,0
42,62;30,0;70,39;24/09/2026 13:50;;4839,0
42,58;30,0;70,35;24/09/2026 13:50;;4840,0
42,58;30,0;70,35;24/09/2026 13:50;;4841,0
42,58;30,0;70,31;24/09/2026 13:50;;4842,0
42,55;30,0;70,29;24/09/2026 13:50;;4843,0
42,55;30,0;70,29;24/09/2026 13:50;;4844,0
42,54;30,0;70,26;24/09/2026 13:50;;4845,0
42,52;30,0;70,23;24/09/2026 13:50;;4846,0
42,51;30,0;70,22;24/09/2026 13:50;;4847,0
42,48;20,01;70,18;24/09/2026 13:50;;4848,0
42,26;20,01;73,07;24/09/2026 13:50;;4849,0
42,01;20,01;72,98;24/09/2026 13:50;;4850,0
41,75;20,01;73,06;24/09/2026 13:50;;4851,0
41,5;20,01;73,18;24/09/2026 13:50;;4852,0
41,31;20,01;73,24;24/09/2026 13:50;;4853,0
41,12;20,01;73,36;24/09/2026 13:50;;4854,0
40,95;20,01;73,39;24/09/2026 13:50;;4855,0
40,78;20,01;73,49;24/09/2026 13:50;;4856,0
40,63;20,01;73,58;24/09/2026 13:50;;4857,0
40,45;20,01;73,66;24/09/2026 13:50;;4858,0
40,31;20,01;73,73;24/09/2026 13:50;;4859,0
40,18;20,01;73,79;24/09/2026 13:50;;4860,0
40,08;20,01;73,85;24/09/2026 13:50;;4861,0
39,94;20,01;73,92;24/09/2026 13:50;;4862,0
39,83;20,01;73,98;24/09/2026 13:50;;4863,0
39,71;20,01;74,05;24/09/2026 13:50;;4864,0
39,6;20,01;74,12;24/09/2026 13:50;;4865,0
39,51;20,01;74,25;24/09/2026 13:50;;4866,0
39,41;20,01;74,28;24/09/2026 13:50;;4867,0
39,32;20,01;74,36;24/09/2026 13:50;;4868,0
39,26;20,01;74,42;24/09/2026 13:50;;4869,0
39,16;20,01;74,5;24/09/2026 13:50;;4870,0
39,08;20,01;74,53;24/09/2026 13:50;;4871,0
39,01;20,01;74,51;24/09/2026 13:50;;4872,0
38,94;20,01;74,46;24/09/2026 13:50;;4873,0
38,86;20,01;74,43;24/09/2026 13:50;;4874,0
38,8;20,01;74,38;24/09/2026 13:50;;4875,0
38,74;20,01;74,31;24/09/2026 13:51;;4876,0
38,67;20,01;74,25;24/09/2026 13:51;;4877,0
38,57;20,01;74,17;24/09/2026 13:51;;4878,0
38,53;20,01;74,1;24/09/2026 13:51;;4879,0
38,46;20,01;74,02;24/09/2026 13:51;;4880,0
38,38;20,01;73,97;24/09/2026 13:51;;4881,0
38,32;20,01;73,9;24/09/2026 13:51;;4882,0
38,25;20,01;73,86;24/09/2026 13:51;;4883,0
38,19;20,01;73,82;24/09/2026 13:51;;4884,0
38,1;20,01;73,76;24/09/2026 13:51;;4885,0
38,07;20,01;73,69;24/09/2026 13:51;;4886,0
38,0;20,01;73,64;24/09/2026 13:51;;4887,0
38,0;20,01;73,64;24/09/2026 13:51;;4888,0
37,96;20,01;73,57;24/09/2026 13:51;;4889,0
37,8;20,01;73,48;24/09/2026 13:51;;4890,0
37,74;20,01;73,43;24/09/2026 13:51;;4891,0
37,7;20,01;73,43;24/09/2026 13:51;;4892,0
37,7;20,01;73,43;24/09/2026 13:51;;4893,0
37,62;20,01;73,35;24/09/2026 13:51;;4894,0
37,57;20,01;73,33;24/09/2026 13:51;;4895,0
37,52;20,01;73,28;24/09/2026 13:51;;4896,0
37,46;20,01;73,22;24/09/2026 13:51;;4897,0
37,41;20,01;73,16;24/09/2026 13:51;;4898,0
37,36;20,01;73,12;24/09/2026 13:51;;4899,0
37,3;20,01;73,06;24/09/2026 13:51;;4900,0
37,24;20,01;73,02;24/09/2026 13:51;;4901,0
37,19;20,01;72,99;24/09/2026 13:51;;4902,0
37,14;20,01;72,96;24/09/2026 13:51;;4903,0
37,09;20,01;72,92;24/09/2026 13:51;;4904,0
37,03;20,01;72,87;24/09/2026 13:51;;4905,0
37,0;20,01;72,84;24/09/2026 13:51;;4906,0
36,94;20,01;72,81;24/09/2026 13:51;;4907,0
36,89;20,01;72,77;24/09/2026 13:51;;4908,0
36,84;20,01;72,75;24/09/2026 13:51;;4909,0
36,81;20,01;72,72;24/09/2026 13:51;;4910,0
36,75;20,01;72,68;24/09/2026 13:51;;4911,0
36,7;20,01;72,66;24/09/2026 13:51;;4912,0
36,66;20,01;72,62;24/09/2026 13:51;;4913,0
36,62;20,01;72,6;24/09/2026 13:51;;4914,0
36,58;20,01;72,56;24/09/2026 13:51;;4915,0
36,53;20,01;72,55;24/09/2026 13:51;;4916,0
36,5;20,01;72,53;24/09/2026 13:51;;4917,0
36,46;20,01;72,51;24/09/2026 13:51;;4918,0
36,41;20,01;72,47;24/09/2026 13:51;;4919,0
36,38;20,01;72,45;24/09/2026 13:51;;4920,0
36,33;20,01;72,44;24/09/2026 13:51;;4921,0
36,3;20,01;72,42;24/09/2026 13:51;;4922,0
36,26;20,01;72,4;24/09/2026 13:51;;4923,0
36,23;20,01;72,41;24/09/2026 13:51;;4924,0
36,2;20,01;72,34;24/09/2026 13:51;;4925,0
36,17;20,01;72,33;24/09/2026 13:51;;4926,0
36,12;20,01;72,31;24/09/2026 13:51;;4927,0
36,08;20,01;72,28;24/09/2026 13:51;;4928,0
36,05;20,01;72,25;24/09/2026 13:51;;4929,0
36,02;20,01;72,28;24/09/2026 13:51;;4930,0
35,98;20,01;72,22;24/09/2026 13:51;;4931,0
35,96;20,01;72,19;24/09/2026 13:51;;4932,0
35,92;20,01;72,16;24/09/2026 13:51;;4933,0
35,89;20,01;72,15;24/09/2026 13:51;;4934,0
35,86;20,01;72,12;24/09/2026 13:51;;4935,0
35,81;20,01;72,1;24/09/2026 13:52;;4936,0
35,8;20,01;72,1;24/09/2026 13:52;;4937,0
35,76;20,01;72,09;24/09/2026 13:52;;4938,0
35,74;20,01;72,05;24/09/2026 13:52;;4939,0
35,7;20,01;72,03;24/09/2026 13:52;;4940,0
35,68;20,01;71,99;24/09/2026 13:52;;4941,0
35,65;20,01;71,98;24/09/2026 13:52;;4942,0
35,62;20,01;71,94;24/09/2026 13:52;;4943,0
35,61;20,01;71,92;24/09/2026 13:52;;4944,0
35,57;20,01;71,9;24/09/2026 13:52;;4945,0
35,55;20,01;71,88;24/09/2026 13:52;;4946,0
35,51;20,01;71,86;24/09/2026 13:52;;4947,0
35,49;20,01;71,87;24/09/2026 13:52;;4948,0
35,46;20,01;71,84;24/09/2026 13:52;;4949,0
35,44;20,01;71,8;24/09/2026 13:52;;4950,0
35,42;20,01;71,78;24/09/2026 13:52;;4951,0
35,39;20,01;71,8;24/09/2026 13:52;;4952,0
35,37;20,01;71,73;24/09/2026 13:52;;4953,0
35,34;20,01;71,71;24/09/2026 13:52;;4954,0
35,31;20,01;71,69;24/09/2026 13:52;;4955,0
35,28;20,01;71,66;24/09/2026 13:52;;4956,0
35,28;20,01;71,66;24/09/2026 13:52;;4957,0
35,26;20,01;71,7;24/09/2026 13:52;;4958,0
35,24;20,01;71,83;24/09/2026 13:52;;4959,0
35,23;20,01;72,04;24/09/2026 13:52;;4960,0
35,21;20,01;72,25;24/09/2026 13:52;;4961,0
35,21;20,01;72,54;24/09/2026 13:52;;4962,0
35,21;20,01;72,76;24/09/2026 13:52;;4963,0
35,21;20,01;72,99;24/09/2026 13:52;;4964,0
35,23;20,01;73,19;24/09/2026 13:52;;4965,0
35,23;20,01;73,27;24/09/2026 13:52;;4966,0
35,24;20,01;73,36;24/09/2026 13:52;;4967,0
35,25;20,01;73,45;24/09/2026 13:52;;4968,0
35,25;20,01;73,54;24/09/2026 13:52;;4969,0
35,27;20,01;73,63;24/09/2026 13:52;;4970,0
35,29;20,01;73,68;24/09/2026 13:52;;4971,0
35,29;20,01;73,76;24/09/2026 13:52;;4972,0
35,31;20,01;73,87;24/09/2026 13:52;;4973,0
35,31;20,01;73,91;24/09/2026 13:52;;4974,0
35,34;20,01;73,99;24/09/2026 13:52;;4975,0
35,35;20,01;74,1;24/09/2026 13:52;;4976,0
35,36;20,01;74,17;24/09/2026 13:52;;4977,0
35,39;20,01;74,2;24/09/2026 13:52;;4978,0
35,4;20,01;74,21;24/09/2026 13:52;;4979,0
35,42;20,01;74,21;24/09/2026 13:52;;4980,0
35,44;20,01;74,2;24/09/2026 13:52;;4981,0
35,45;20,01;74,17;24/09/2026 13:52;;4982,0
35,45;20,01;74,1;24/09/2026 13:52;;4983,0
35,46;20,01;74,04;24/09/2026 13:52;;4984,0
35,48;20,01;73,99;24/09/2026 13:52;;4985,0
35,48;20,01;73,92;24/09/2026 13:52;;4986,0
35,48;20,01;73,87;24/09/2026 13:52;;4987,0
35,48;20,01;73,81;24/09/2026 13:52;;4988,0
35,49;20,01;73,74;24/09/2026 13:52;;4989,0
35,5;20,01;73,73;24/09/2026 13:52;;4990,0
35,5;20,01;73,65;24/09/2026 13:52;;4991,0
35,5;20,01;73,6;24/09/2026 13:52;;4992,0
35,49;20,01;73,57;24/09/2026 13:52;;4993,0
35,48;20,01;73,51;24/09/2026 13:52;;4994,0
35,48;20,01;73,47;24/09/2026 13:52;;4995,0
35,48;20,01;73,42;24/09/2026 13:53;;4996,0
35,48;20,01;73,37;24/09/2026 13:53;;4997,0
35,48;20,01;73,32;24/09/2026 13:53;;4998,0
35,46;20,01;73,27;24/09/2026 13:53;;4999,0
35,46;20,01;73,21;24/09/2026 13:53;;5000,0
35,45;20,01;73,17;24/09/2026 13:53;;5001,0
35,45;20,01;73,14;24/09/2026 13:53;;5002,0
35,45;20,01;73,08;24/09/2026 13:53;;5003,0
35,43;20,01;73,05;24/09/2026 13:53;;5004,0
35,42;20,01;73,01;24/09/2026 13:53;;5005,0
35,42;20,01;72,95;24/09/2026 13:53;;5006,0
35,41;20,01;72,92;24/09/2026 13:53;;5007,0
35,4;20,01;72,88;24/09/2026 13:53;;5008,0
35,39;20,01;72,84;24/09/2026 13:53;;5009,0
35,37;20,01;72,81;24/09/2026 13:53;;5010,0
35,36;20,01;72,77;24/09/2026 13:53;;5011,0
35,36;20,01;72,77;24/09/2026 13:53;;5012,0
35,35;20,01;72,73;24/09/2026 13:53;;5013,0
35,34;20,01;72,71;24/09/2026 13:53;;5014,0
35,33;20,01;72,66;24/09/2026 13:53;;5015,0
35,32;20,01;72,67;24/09/2026 13:53;;5016,0
35,31;20,01;72,62;24/09/2026 13:53;;5017,0
35,3;20,01;72,57;24/09/2026 13:53;;5018,0
35,29;20,01;72,55;24/09/2026 13:53;;5019,0
35,28;20,01;72,53;24/09/2026 13:53;;5020,0
35,27;20,01;72,5;24/09/2026 13:53;;5021,0
35,26;20,01;72,49;24/09/2026 13:53;;5022,0
35,23;20,01;72,45;24/09/2026 13:53;;5023,0
35,23;20,01;72,43;24/09/2026 13:53;;5024,0
35,22;20,01;72,42;24/09/2026 13:53;;5025,0
35,21;20,01;72,39;24/09/2026 13:53;;5026,0
35,2;20,01;72,36;24/09/2026 13:53;;5027,0
35,18;10,0;72,34;24/09/2026 13:53;;5028,0
34,95;10,0;76,44;24/09/2026 13:53;;5029,0
34,54;10,0;76,36;24/09/2026 13:53;;5030,0
34,2;10,0;76,28;24/09/2026 13:53;;5031,0
33,86;10,0;76,22;24/09/2026 13:53;;5032,0
33,55;10,0;76,14;24/09/2026 13:53;;5033,0
33,25;10,0;76,05;24/09/2026 13:53;;5034,0
33,0;10,0;75,98;24/09/2026 13:53;;5035,0
32,72;10,0;75,91;24/09/2026 13:53;;5036,0
32,46;10,0;75,85;24/09/2026 13:53;;5037,0
32,21;10,0;75,77;24/09/2026 13:53;;5038,0
32,03;10,0;75,7;24/09/2026 13:53;;5039,0
31,73;10,0;75,64;24/09/2026 13:53;;5040,0
31,53;10,0;75,57;24/09/2026 13:53;;5041,0
31,3;10,0;75,52;24/09/2026 13:53;;5042,0
31,09;10,0;75,45;24/09/2026 13:53;;5043,0
30,89;10,0;75,4;24/09/2026 13:53;;5044,0
30,69;10,0;75,32;24/09/2026 13:53;;5045,0
30,51;10,0;75,27;24/09/2026 13:53;;5046,0
30,34;10,0;75,22;24/09/2026 13:53;;5047,0
30,15;10,0;75,16;24/09/2026 13:53;;5048,0
29,96;10,0;75,1;24/09/2026 13:53;;5049,0
29,78;10,0;75,04;24/09/2026 13:53;;5050,0
29,64;10,0;74,99;24/09/2026 13:53;;5051,0
29,45;10,0;74,95;24/09/2026 13:53;;5052,0
29,28;10,0;74,9;24/09/2026 13:53;;5053,0
29,16;10,0;74,85;24/09/2026 13:53;;5054,0
28,96;10,0;74,8;24/09/2026 13:53;;5055,0
28,81;10,0;74,75;24/09/2026 13:54;;5056,0
28,67;10,0;74,71;24/09/2026 13:54;;5057,0
28,55;10,0;74,67;24/09/2026 13:54;;5058,0
28,41;10,0;74,62;24/09/2026 13:54;;5059,0
28,23;10,0;74,59;24/09/2026 13:54;;5060,0
28,12;10,0;74,56;24/09/2026 13:54;;5061,0
28,01;10,0;74,51;24/09/2026 13:54;;5062,0
27,83;10,0;74,47;24/09/2026 13:54;;5063,0
27,69;10,0;74,43;24/09/2026 13:54;;5064,0
27,57;10,0;74,39;24/09/2026 13:54;;5065,0
27,43;10,0;74,49;24/09/2026 13:54;;5066,0
27,32;10,0;74,69;24/09/2026 13:54;;5067,0
27,2;10,0;74,92;24/09/2026 13:54;;5068,0
27,1;10,0;75,15;24/09/2026 13:54;;5069,0
27,0;10,0;75,43;24/09/2026 13:54;;5070,0
26,89;10,0;75,67;24/09/2026 13:54;;5071,0
26,8;10,0;75,94;24/09/2026 13:54;;5072,0
26,8;10,0;75,94;24/09/2026 13:54;;5073,0
26,72;10,0;76,13;24/09/2026 13:54;;5074,0
26,62;10,0;76,29;24/09/2026 13:54;;5075,0
26,53;10,0;76,44;24/09/2026 13:54;;5076,0
26,47;10,0;76,5;24/09/2026 13:54;;5077,0
26,37;10,0;76,62;24/09/2026 13:54;;5078,0
26,29;10,0;76,72;24/09/2026 13:54;;5079,0
26,21;10,0;76,83;24/09/2026 13:54;;5080,0
26,16;10,0;76,91;24/09/2026 13:54;;5081,0
26,08;10,0;77,0;24/09/2026 13:54;;5082,0
26,0;10,0;77,07;24/09/2026 13:54;;5083,0
25,94;10,0;77,16;24/09/2026 13:54;;5084,0
25,88;10,0;77,21;24/09/2026 13:54;;5085,0
25,81;10,0;77,24;24/09/2026 13:54;;5086,0
25,75;10,0;77,27;24/09/2026 13:54;;5087,0
25,69;10,0;77,27;24/09/2026 13:54;;5088,0
25,63;10,0;77,24;24/09/2026 13:54;;5089,0
25,56;10,0;77,22;24/09/2026 13:54;;5090,0
25,51;10,0;77,18;24/09/2026 13:54;;5091,0
25,44;10,0;77,1;24/09/2026 13:54;;5092,0
25,38;10,0;77,02;24/09/2026 13:54;;5093,0
25,33;10,0;76,96;24/09/2026 13:54;;5094,0
25,27;10,0;76,9;24/09/2026 13:54;;5095,0
25,21;10,0;76,86;24/09/2026 13:54;;5096,0
25,14;10,0;76,8;24/09/2026 13:54;;5097,0
25,1;10,0;76,75;24/09/2026 13:54;;5098,0
25,05;10,0;76,67;24/09/2026 13:54;;5099,0
24,98;10,0;76,62;24/09/2026 13:54;;5100,0
24,94;10,0;76,57;24/09/2026 13:54;;5101,0
24,87;10,0;76,53;24/09/2026 13:54;;5102,0
24,83;10,0;76,48;24/09/2026 13:54;;5103,0
24,76;10,0;76,44;24/09/2026 13:54;;5104,0
24,72;10,0;76,38;24/09/2026 13:54;;5105,0
24,66;10,0;76,34;24/09/2026 13:54;;5106,0
24,61;10,0;76,29;24/09/2026 13:54;;5107,0
24,56;10,0;76,26;24/09/2026 13:54;;5108,0
24,51;10,0;76,23;24/09/2026 13:54;;5109,0
24,46;10,0;76,18;24/09/2026 13:54;;5110,0
24,42;10,0;76,14;24/09/2026 13:54;;5111,0
24,37;10,0;76,1;24/09/2026 13:54;;5112,0
24,32;10,0;76,06;24/09/2026 13:54;;5113,0
24,28;10,0;76,03;24/09/2026 13:54;;5114,0
24,25;10,0;75,99;24/09/2026 13:54;;5115,0
24,19;10,0;75,95;24/09/2026 13:55;;5116,0
24,15;10,0;75,93;24/09/2026 13:55;;5117,0
24,1;10,0;75,88;24/09/2026 13:55;;5118,0
24,06;10,0;75,86;24/09/2026 13:55;;5119,0
24,0;10,0;75,83;24/09/2026 13:55;;5120,0
23,96;10,0;75,82;24/09/2026 13:55;;5121,0
23,92;10,0;75,77;24/09/2026 13:55;;5122,0
23,89;10,0;75,76;24/09/2026 13:55;;5123,0
23,84;10,0;75,71;24/09/2026 13:55;;5124,0
23,81;10,0;75,67;24/09/2026 13:55;;5125,0
23,77;10,0;75,65;24/09/2026 13:55;;5126,0
23,74;10,0;75,62;24/09/2026 13:55;;5127,0
23,69;10,0;75,58;24/09/2026 13:55;;5128,0
23,65;10,0;75,56;24/09/2026 13:55;;5129,0
23,62;10,0;75,54;24/09/2026 13:55;;5130,0
23,57;10,0;75,51;24/09/2026 13:55;;5131,0
23,55;10,0;75,48;24/09/2026 13:55;;5132,0
23,51;10,0;75,45;24/09/2026 13:55;;5133,0
23,47;10,0;75,42;24/09/2026 13:55;;5134,0
23,44;10,0;75,4;24/09/2026 13:55;;5135,0
23,41;10,0;75,36;24/09/2026 13:55;;5136,0
23,41;10,0;75,36;24/09/2026 13:55;;5137,0
23,37;10,0;75,33;24/09/2026 13:55;;5138,0
23,34;10,0;75,32;24/09/2026 13:55;;5139,0
23,31;10,0;75,29;24/09/2026 13:55;;5140,0
23,27;10,0;75,25;24/09/2026 13:55;;5141,0
23,24;10,0;75,23;24/09/2026 13:55;;5142,0
23,21;10,0;75,2;24/09/2026 13:55;;5143,0
23,19;10,0;75,16;24/09/2026 13:55;;5144,0
23,15;10,0;75,14;24/09/2026 13:55;;5145,0
23,12;10,0;75,12;24/09/2026 13:55;;5146,0
23,09;10,0;75,09;24/09/2026 13:55;;5147,0
23,06;10,0;75,04;24/09/2026 13:55;;5148,0
23,03;10,0;75,03;24/09/2026 13:55;;5149,0
23,01;10,0;75,0;24/09/2026 13:55;;5150,0
22,98;10,0;74,99;24/09/2026 13:55;;5151,0
22,94;10,0;74,94;24/09/2026 13:55;;5152,0
22,91;10,0;74,92;24/09/2026 13:55;;5153,0
22,89;10,0;74,89;24/09/2026 13:55;;5154,0
22,86;10,0;74,85;24/09/2026 13:55;;5155,0
22,84;10,0;74,82;24/09/2026 13:55;;5156,0
22,8;10,0;74,8;24/09/2026 13:55;;5157,0
22,77;10,0;74,8;24/09/2026 13:55;;5158,0
22,76;10,0;74,73;24/09/2026 13:55;;5159,0
22,73;10,0;74,71;24/09/2026 13:55;;5160,0
22,7;10,0;74,69;24/09/2026 13:55;;5161,0
22,68;10,0;74,64;24/09/2026 13:55;;5162,0
22,65;10,0;74,62;24/09/2026 13:55;;5163,0
22,63;10,0;74,6;24/09/2026 13:55;;5164,0
22,6;10,0;74,57;24/09/2026 13:55;;5165,0
22,59;10,0;74,53;24/09/2026 13:55;;5166,0
22,57;10,0;74,49;24/09/2026 13:55;;5167,0
22,54;10,0;74,47;24/09/2026 13:55;;5168,0
22,51;10,0;74,44;24/09/2026 13:55;;5169,0
22,49;10,0;74,4;24/09/2026 13:55;;5170,0
22,46;10,0;74,37;24/09/2026 13:55;;5171,0
22,44;10,0;74,34;24/09/2026 13:55;;5172,0
22,41;10,0;74,31;24/09/2026 13:55;;5173,0
22,39;10,0;74,28;24/09/2026 13:55;;5174,0
22,37;10,0;74,26;24/09/2026 13:55;;5175,0
22,35;10,0;74,22;24/09/2026 13:56;;5176,0
22,33;10,0;74,37;24/09/2026 13:56;;5177,0
22,31;10,0;74,56;24/09/2026 13:56;;5178,0
22,29;10,0;74,79;24/09/2026 13:56;;5179,0
22,29;10,0;75,06;24/09/2026 13:56;;5180,0
22,27;10,0;75,32;24/09/2026 13:56;;5181,0
22,27;10,0;75,58;24/09/2026 13:56;;5182,0
22,26;10,0;75,78;24/09/2026 13:56;;5183,0
22,26;10,0;75,96;24/09/2026 13:56;;5184,0
22,26;10,0;76,1;24/09/2026 13:56;;5185,0
22,26;10,0;76,24;24/09/2026 13:56;;5186,0
22,26;10,0;76,38;24/09/2026 13:56;;5187,0
22,26;10,0;76,5;24/09/2026 13:56;;5188,0
22,26;10,0;76,58;24/09/2026 13:56;;5189,0
22,26;10,0;76,69;24/09/2026 13:56;;5190,0
22,26;10,0;76,78;24/09/2026 13:56;;5191,0
22,26;10,0;76,78;24/09/2026 13:56;;5192,0
22,26;10,0;76,87;24/09/2026 13:56;;5193,0
22,27;10,0;76,95;24/09/2026 13:56;;5194,0
22,27;10,0;77,02;24/09/2026 13:56;;5195,0
22,29;10,0;77,09;24/09/2026 13:56;;5196,0
22,29;10,0;77,13;24/09/2026 13:56;;5197,0
22,3;10,0;77,16;24/09/2026 13:56;;5198,0
22,3;10,0;77,16;24/09/2026 13:56;;5199,0
22,31;10,0;77,12;24/09/2026 13:56;;5200,0
22,31;10,0;77,11;24/09/2026 13:56;;5201,0
22,32;10,0;77,07;24/09/2026 13:56;;5202,0
22,32;10,0;77,01;24/09/2026 13:56;;5203,0
22,32;10,0;76,95;24/09/2026 13:56;;5204,0
22,32;10,0;76,88;24/09/2026 13:56;;5205,0
22,32;10,0;76,83;24/09/2026 13:56;;5206,0
22,32;10,0;76,77;24/09/2026 13:56;;5207,0
22,32;0,0;76,71;24/09/2026 13:56;;5208,0
22,05;0,0;80,6;24/09/2026 13:56;;5209,0
21,57;0,0;80,49;24/09/2026 13:56;;5210,0
21,18;0,0;80,4;24/09/2026 13:56;;5211,0
20,82;0,0;80,34;24/09/2026 13:56;;5212,0
20,5;0,0;80,28;24/09/2026 13:56;;5213,0
20,2;0,0;80,22;24/09/2026 13:56;;5214,0
19,85;0,0;80,17;24/09/2026 13:56;;5215,0
19,55;0,0;80,12;24/09/2026 13:56;;5216,0
19,28;0,0;80,07;24/09/2026 13:56;;5217,0
18,97;0,0;80,02;24/09/2026 13:56;;5218,0
18,73;0,0;79,97;24/09/2026 13:56;;5219,0
18,47;0,0;79,92;24/09/2026 13:56;;5220,0
18,25;0,0;79,88;24/09/2026 13:56;;5221,0
17,97;0,0;79,82;24/09/2026 13:56;;5222,0
17,77;0,0;79,78;24/09/2026 13:56;;5223,0
17,56;0,0;79,72;24/09/2026 13:56;;5224,0
17,31;0,0;79,69;24/09/2026 13:56;;5225,0
17,12;0,0;79,65;24/09/2026 13:56;;5226,0
16,88;0,0;79,61;24/09/2026 13:56;;5227,0
16,69;0,0;79,57;24/09/2026 13:56;;5228,0
16,47;0,0;79,54;24/09/2026 13:56;;5229,0
16,27;0,0;79,48;24/09/2026 13:56;;5230,0
16,1;0,0;79,46;24/09/2026 13:56;;5231,0
15,95;0,0;79,41;24/09/2026 13:56;;5232,0
15,77;0,0;79,38;24/09/2026 13:56;;5233,0
15,57;0,0;79,34;24/09/2026 13:56;;5234,0
15,45;0,0;79,29;24/09/2026 13:56;;5235,0
15,22;0,0;79,26;24/09/2026 13:57;;5236,0
15,07;0,0;79,24;24/09/2026 13:57;;5237,0
14,91;0,0;79,19;24/09/2026 13:57;;5238,0
14,74;0,0;79,15;24/09/2026 13:57;;5239,0
14,6;0,0;79,11;24/09/2026 13:57;;5240,0
14,45;0,0;79,08;24/09/2026 13:57;;5241,0
14,28;0,0;79,05;24/09/2026 13:57;;5242,0
14,12;0,0;79,02;24/09/2026 13:57;;5243,0
14,0;0,0;78,98;24/09/2026 13:57;;5244,0
13,85;0,0;78,95;24/09/2026 13:57;;5245,0
13,71;0,0;78,93;24/09/2026 13:57;;5246,0
13,59;0,0;78,9;24/09/2026 13:57;;5247,0
13,45;0,0;78,87;24/09/2026 13:57;;5248,0
13,33;0,0;78,84;24/09/2026 13:57;;5249,0
13,33;0,0;78,84;24/09/2026 13:57;;5250,0
13,2;0,0;78,8;24/09/2026 13:57;;5251,0
13,07;0,0;78,79;24/09/2026 13:57;;5252,0
12,94;0,0;78,76;24/09/2026 13:57;;5253,0
12,83;0,0;78,74;24/09/2026 13:57;;5254,0
12,73;0,0;78,69;24/09/2026 13:57;;5255,0
12,59;0,0;78,67;24/09/2026 13:57;;5256,0
12,48;0,0;78,65;24/09/2026 13:57;;5257,0
12,38;0,0;78,62;24/09/2026 13:57;;5258,0
12,26;0,0;78,61;24/09/2026 13:57;;5259,0
12,16;0,0;78,57;24/09/2026 13:57;;5260,0
12,06;0,0;78,54;24/09/2026 13:57;;5261,0
11,96;0,0;78,51;24/09/2026 13:57;;5262,0
11,84;0,0;78,48;24/09/2026 13:57;;5263,0
11,77;0,0;78,45;24/09/2026 13:57;;5264,0
11,65;0,0;78,43;24/09/2026 13:57;;5265,0
11,56;0,0;78,41;24/09/2026 13:57;;5266,0
11,47;0,0;78,38;24/09/2026 13:57;;5267,0
11,37;0,0;78,34;24/09/2026 13:57;;5268,0
11,29;0,0;78,31;24/09/2026 13:57;;5269,0
11,19;0,0;78,28;24/09/2026 13:57;;5270,0
11,1;0,0;78,25;24/09/2026 13:57;;5271,0
11,03;0,0;78,24;24/09/2026 13:57;;5272,0
10,96;0,0;78,2;24/09/2026 13:57;;5273,0
10,85;0,0;78,16;24/09/2026 13:57;;5274,0
10,79;0,0;78,13;24/09/2026 13:57;;5275,0
10,7;0,0;78,1;24/09/2026 13:57;;5276,0
10,64;0,0;78,07;24/09/2026 13:57;;5277,0
10,55;0,0;78,05;24/09/2026 13:57;;5278,0
10,48;0,0;78,02;24/09/2026 13:57;;5279,0
10,41;0,0;77,99;24/09/2026 13:57;;5280,0
10,36;0,0;77,95;24/09/2026 13:57;;5281,0
10,27;0,0;77,92;24/09/2026 13:57;;5282,0
10,19;0,0;77,89;24/09/2026 13:57;;5283,0
10,15;0,0;77,85;24/09/2026 13:57;;5284,0
10,06;0,0;77,82;24/09/2026 13:57;;5285,0
10,0;0,0;77,79;24/09/2026 13:57;;5286,0
9,94;0,0;77,75;24/09/2026 13:57;;5287,0
9,88;0,0;77,72;24/09/2026 13:57;;5288,0
9,82;0,0;77,69;24/09/2026 13:57;;5289,0
9,76;0,0;77,65;24/09/2026 13:57;;5290,0
9,7;0,0;77,66;24/09/2026 13:57;;5291,0
9,64;0,0;77,84;24/09/2026 13:57;;5292,0
9,59;0,0;78,04;24/09/2026 13:57;;5293,0
9,53;0,0;78,32;24/09/2026 13:57;;5294,0
9,49;0,0;78,58;24/09/2026 13:57;;5295,0
9,46;0,0;78,83;24/09/2026 13:58;;5296,0
9,4;0,0;79,06;24/09/2026 13:58;;5297,0
9,36;0,0;79,24;24/09/2026 13:58;;5298,0
9,32;0,0;79,37;24/09/2026 13:58;;5299,0
9,28;0,0;79,51;24/09/2026 13:58;;5300,0
9,24;0,0;79,63;24/09/2026 13:58;;5301,0
9,2;0,0;79,75;24/09/2026 13:58;;5302,0
9,17;0,0;79,86;24/09/2026 13:58;;5303,0
9,14;0,0;79,97;24/09/2026 13:58;;5304,0
9,11;0,0;80,04;24/09/2026 13:58;;5305,0
9,09;0,0;80,13;24/09/2026 13:58;;5306,0
9,04;0,0;80,2;24/09/2026 13:58;;5307,0
9,02;0,0;80,27;24/09/2026 13:58;;5308,0
8,99;0,0;80,32;24/09/2026 13:58;;5309,0
8,96;0,0;80,38;24/09/2026 13:58;;5310,0
8,93;0,0;80,4;24/09/2026 13:58;;5311,0
8,93;0,0;80,4;24/09/2026 13:58;;5312,0
8,9;0,0;80,4;24/09/2026 13:58;;5313,0
8,87;0,0;80,4;24/09/2026 13:58;;5314,0
8,84;0,0;80,37;24/09/2026 13:58;;5315,0
8,8;0,0;80,28;24/09/2026 13:58;;5316,0
8,8;0,0;80,28;24/09/2026 13:58;;5317,0
8,78;0,0;80,21;24/09/2026 13:58;;5318,0
8,75;0,0;80,15;24/09/2026 13:58;;5319,0
8,73;0,0;80,1;24/09/2026 13:58;;5320,0
8,69;0,0;80,04;24/09/2026 13:58;;5321,0
8,67;0,0;80,0;24/09/2026 13:58;;5322,0
8,65;0,0;79,94;24/09/2026 13:58;;5323,0
8,63;0,0;79,9;24/09/2026 13:58;;5324,0
8,6;0,0;79,85;24/09/2026 13:58;;5325,0
8,58;0,0;79,81;24/09/2026 13:58;;5326,0
8,56;0,0;79,77;24/09/2026 13:58;;5327,0
8,53;0,0;79,72;24/09/2026 13:58;;5328,0
8,51;0,0;79,68;24/09/2026 13:58;;5329,0
8,49;0,0;79,65;24/09/2026 13:58;;5330,0
8,48;0,0;79,6;24/09/2026 13:58;;5331,0
8,45;0,0;79,57;24/09/2026 13:58;;5332,0
8,42;0,0;79,52;24/09/2026 13:58;;5333,0
8,41;0,0;79,5;24/09/2026 13:58;;5334,0
8,39;0,0;79,46;24/09/2026 13:58;;5335,0
8,36;0,0;79,42;24/09/2026 13:58;;5336,0
8,35;0,0;79,39;24/09/2026 13:58;;5337,0
8,33;0,0;79,36;24/09/2026 13:58;;5338,0
8,31;0,0;79,32;24/09/2026 13:58;;5339,0
8,3;0,0;79,3;24/09/2026 13:58;;5340,0
8,27;0,0;79,26;24/09/2026 13:58;;5341,0
8,26;0,0;79,24;24/09/2026 13:58;;5342,0
8,24;0,0;79,2;24/09/2026 13:58;;5343,0
8,22;0,0;79,18;24/09/2026 13:58;;5344,0
8,21;0,0;79,15;24/09/2026 13:58;;5345,0
8,19;0,0;79,11;24/09/2026 13:58;;5346,0
8,17;0,0;79,09;24/09/2026 13:58;;5347,0
8,16;0,0;79,06;24/09/2026 13:58;;5348,0
8,14;0,0;79,04;24/09/2026 13:58;;5349,0
8,13;0,0;79,0;24/09/2026 13:58;;5350,0
8,11;0,0;78,98;24/09/2026 13:58;;5351,0
8,09;0,0;78,95;24/09/2026 13:58;;5352,0
8,08;0,0;78,94;24/09/2026 13:58;;5353,0
8,07;0,0;78,9;24/09/2026 13:58;;5354,0
8,06;0,0;78,88;24/09/2026 13:58;;5355,0
8,04;0,0;78,86;24/09/2026 13:59;;5356,0
8,03;0,0;78,84;24/09/2026 13:59;;5357,0
8,01;0,0;78,82;24/09/2026 13:59;;5358,0
8,0;0,0;78,78;24/09/2026 13:59;;5359,0
7,99;0,0;78,76;24/09/2026 13:59;;5360,0
7,98;0,0;78,74;24/09/2026 13:59;;5361,0
7,97;0,0;78,71;24/09/2026 13:59;;5362,0
7,95;0,0;78,68;24/09/2026 13:59;;5363,0
7,94;0,0;78,66;24/09/2026 13:59;;5364,0
7,92;0,0;78,64;24/09/2026 13:59;;5365,0
7,92;0,0;78,61;24/09/2026 13:59;;5366,0
7,9;0,0;78,58;24/09/2026 13:59;;5367,0
7,89;0,0;78,56;24/09/2026 13:59;;5368,0
7,88;0,0;78,54;24/09/2026 13:59;;5369,0
7,87;0,0;78,52;24/09/2026 13:59;;5370,0
7,86;0,0;78,48;24/09/2026 13:59;;5371,0
7,85;0,0;78,46;24/09/2026 13:59;;5372,0
7,84;0,0;78,44;24/09/2026 13:59;;5373,0
7,83;0,0;78,42;24/09/2026 13:59;;5374,0
7,81;0,0;78,38;24/09/2026 13:59;;5375,0
7,81;0,0;78,36;24/09/2026 13:59;;5376,0
7,79;0,0;78,34;24/09/2026 13:59;;5377,0
7,78;0,0;78,31;24/09/2026 13:59;;5378,0
7,78;0,0;78,31;24/09/2026 13:59;;5379,0
7,78;0,0;78,3;24/09/2026 13:59;;5380,0
7,77;0,0;78,26;24/09/2026 13:59;;5381,0
7,76;0,0;78,23;24/09/2026 13:59;;5382,0
7,74;0,0;78,21;24/09/2026 13:59;;5383,0
7,74;0,0;78,19;24/09/2026 13:59;;5384,0
7,73;0,0;78,14;24/09/2026 13:59;;5385,0
7,72;0,0;78,12;24/09/2026 13:59;;5386,0
7,71;0,0;78,1;24/09/2026 13:59;;5387,0
7,7;0,0;78,07;24/09/2026 13:59;;5388,0
7,69;0,0;78,04;24/09/2026 13:59;;5389,0
7,68;0,0;78,01;24/09/2026 13:59;;5390,0
7,67;0,0;77,97;24/09/2026 13:59;;5391,0
7,66;0,0;77,96;24/09/2026 13:59;;5392,0
7,65;0,0;77,93;24/09/2026 13:59;;5393,0
7,64;0,0;77,91;24/09/2026 13:59;;5394,0
7,63;0,0;77,88;24/09/2026 13:59;;5395,0
7,63;0,0;77,84;24/09/2026 13:59;;5396,0
7,62;0,0;77,81;24/09/2026 13:59;;5397,0
7,61;0,0;77,79;24/09/2026 13:59;;5398,0
7,59;0,0;77,75;24/09/2026 13:59;;5399,0
7,59;0,0;77,72;24/09/2026 13:59;;5400,0
7,58;0,0;77,69;24/09/2026 13:59;;5401,0
7,57;0,0;77,65;24/09/2026 13:59;;5402,0
7,56;0,0;77,62;24/09/2026 13:59;;5403,0
7,56;0,0;77,58;24/09/2026 13:59;;5404,0
7,55;0,0;77,55;24/09/2026 13:59;;5405,0
7,54;0,0;77,52;24/09/2026 13:59;;5406,0
7,53;0,0;77,65;24/09/2026 13:59;;5407,0
7,53;0,0;77,88;24/09/2026 13:59;;5408,0
7,52;0,0;78,11;24/09/2026 13:59;;5409,0
7,51;0,0;78,38;24/09/2026 13:59;;5410,0
7,51;0,0;78,63;24/09/2026 13:59;;5411,0
7,51;0,0;78,87;24/09/2026 13:59;;5412,0
7,51;0,0;79,06;24/09/2026 13:59;;5413,0
7,51;0,0;79,23;24/09/2026 13:59;;5414,0
7,51;0,0;79,36;24/09/2026 13:59;;5415,0
7,51;0,0;79,48;24/09/2026 14:00;;5416,0
7,51;0,0;79,6;24/09/2026 14:00;;5417,0
7,51;0,0;79,71;24/09/2026 14:00;;5418,0
7,51;0,0;79,81;24/09/2026 14:00;;5419,0
7,52;0,0;79,89;24/09/2026 14:00;;5420,0
7,52;0,0;79,99;24/09/2026 14:00;;5421,0
7,53;0,0;80,06;24/09/2026 14:00;;5422,0
7,53;0,0;80,13;24/09/2026 14:00;;5423,0
7,53;0,0;80,19;24/09/2026 14:00;;5424,0
7,53;0,0;80,27;24/09/2026 14:00;;5425,0
7,53;0,0;80,3;24/09/2026 14:00;;5426,0
7,54;0,0;80,3;24/09/2026 14:00;;5427,0
7,54;0,0;80,3;24/09/2026 14:00;;5428,0
7,54;0,0;80,27;24/09/2026 14:00;;5429,0
7,55;0,0;80,24;24/09/2026 14:00;;5430,0
7,55;0,0;80,2;24/09/2026 14:00;;5431,0
7,56;0,0;80,14;24/09/2026 14:00;;5432,0
7,56;0,0;80,14;24/09/2026 14:00;;5433,0
7,56;0,0;80,08;24/09/2026 14:00;;5434,0
7,56;0,0;80,02;24/09/2026 14:00;;5435,0
7,56;0,0;79,91;24/09/2026 14:00;;5436,0
7,56;0,0;79,91;24/09/2026 14:00;;5437,0
7,56;0,0;79,87;24/09/2026 14:00;;5438,0
7,56;0,0;79,82;24/09/2026 14:00;;5439,0
7,56;0,0;79,78;24/09/2026 14:00;;5440,0
7,56;0,0;79,72;24/09/2026 14:00;;5441,0
7,56;0,0;79,69;24/09/2026 14:00;;5442,0
7,56;0,0;79,65;24/09/2026 14:00;;5443,0
7,56;0,0;79,61;24/09/2026 14:00;;5444,0
7,55;0,0;79,56;24/09/2026 14:00;;5445,0
7,56;0,0;79,52;24/09/2026 14:00;;5446,0
7,55;0,0;79,49;24/09/2026 14:00;;5447,0
7,54;0,0;79,46;24/09/2026 14:00;;5448,0
7,56;0,0;79,42;24/09/2026 14:00;;5449,0
7,55;0,0;79,38;24/09/2026 14:00;;5450,0
7,55;0,0;79,35;24/09/2026 14:00;;5451,0
7,54;0,0;79,31;24/09/2026 14:00;;5452,0
7,54;0,0;79,28;24/09/2026 14:00;;5453,0
7,54;0,0;79,25;24/09/2026 14:00;;5454,0
7,54;0,0;79,21;24/09/2026 14:00;;5455,0
7,54;0,0;79,19;24/09/2026 14:00;;5456,0
7,54;0,0;79,15;24/09/2026 14:00;;5457,0
7,53;0,0;79,13;24/09/2026 14:00;;5458,0
7,53;0,0;79,09;24/09/2026 14:00;;5459,0
7,53;0,0;79,07;24/09/2026 14:00;;5460,0
7,52;0,0;79,04;24/09/2026 14:00;;5461,0
7,52;0,0;79,02;24/09/2026 14:00;;5462,0
7,52;0,0;78,99;24/09/2026 14:00;;5463,0
7,51;0,0;78,96;24/09/2026 14:00;;5464,0
7,51;0,0;78,94;24/09/2026 14:00;;5465,0
7,51;0,0;78,9;24/09/2026 14:00;;5466,0
7,51;0,0;78,88;24/09/2026 14:00;;5467,0
7,5;0,0;78,85;24/09/2026 14:00;;5468,0
7,5;0,0;78,83;24/09/2026 14:00;;5469,0
7,5;0,0;78,82;24/09/2026 14:00;;5470,0
7,5;0,0;78,78;24/09/2026 14:00;;5471,0
7,49;0,0;78,76;24/09/2026 14:00;;5472,0
7,49;0,0;78,74;24/09/2026 14:00;;5473,0
7,48;0,0;78,72;24/09/2026 14:00;;5474,0
7,48;0,0;78,68;24/09/2026 14:00;;5475,0
7,48;0,0;78,67;24/09/2026 14:01;;5476,0
7,48;0,0;78,65;24/09/2026 14:01;;5477,0
7,47;0,0;78,62;24/09/2026 14:01;;5478,0
7,47;0,0;78,58;24/09/2026 14:01;;5479,0
7,47;0,0;78,56;24/09/2026 14:01;;5480,0
7,46;0,0;78,54;24/09/2026 14:01;;5481,0
7,47;0,0;78,52;24/09/2026 14:01;;5482,0
7,45;0,0;78,49;24/09/2026 14:01;;5483,0
7,45;0,0;78,46;24/09/2026 14:01;;5484,0
7,45;0,0;78,44;24/09/2026 14:01;;5485,0
7,45;0,0;78,42;24/09/2026 14:01;;5486,0
7,45;0,0;78,4;24/09/2026 14:01;;5487,0
7,45;0,0;78,37;24/09/2026 14:01;;5488,0
7,44;0,0;78,34;24/09/2026 14:01;;5489,0
7,43;0,0;78,33;24/09/2026 14:01;;5490,0
7,43;0,0;78,3;24/09/2026 14:01;;5491,0
7,43;0,0;78,26;24/09/2026 14:01;;5492,0
7,43;0,0;78,26;24/09/2026 14:01;;5493,0
7,42;0,0;78,24;24/09/2026 14:01;;5494,0
7,42;0,0;78,22;24/09/2026 14:01;;5495,0
7,42;0,0;78,19;24/09/2026 14:01;;5496,0
7,42;0,0;78,16;24/09/2026 14:01;;5497,0
7,4;0,0;78,15;24/09/2026 14:01;;5498,0
7,4;0,0;78,11;24/09/2026 14:01;;5499,0
7,4;0,0;78,09;24/09/2026 14:01;;5500,0
7,4;0,0;78,06;24/09/2026 14:01;;5501,0
7,4;0,0;78,03;24/09/2026 14:01;;5502,0
7,39;0,0;78,0;24/09/2026 14:01;;5503,0
7,39;0,0;77,97;24/09/2026 14:01;;5504,0
7,39;0,0;77,95;24/09/2026 14:01;;5505,0
7,38;0,0;77,92;24/09/2026 14:01;;5506,0
7,37;0,0;77,89;24/09/2026 14:01;;5507,0
7,37;0,0;77,86;24/09/2026 14:01;;5508,0
7,37;0,0;77,84;24/09/2026 14:01;;5509,0
7,36;0,0;77,8;24/09/2026 14:01;;5510,0
7,36;0,0;77,78;24/09/2026 14:01;;5511,0
7,36;0,0;77,74;24/09/2026 14:01;;5512,0
7,35;0,0;77,72;24/09/2026 14:01;;5513,0
7,34;0,0;77,7;24/09/2026 14:01;;5514,0
7,34;0,0;77,66;24/09/2026 14:01;;5515,0
